{"type": "FeatureCollection", "features": [{"type": "Feature", "properties": {"habitat": "Hellenic Trench", "hours_fast": 82.0, "hours_total": 486.0, "pct_fast": 0.0, "mean_speed_kn": 13.77}, "geometry": {"type": "Polygon", "coordinates": [[[24.05, 34.55], [24.15, 34.55], [24.15, 34.65], [24.05, 34.65], [24.05, 34.55]]]}}, {"type": "Feature", "properties": {"habitat": "Hellenic Trench", "hours_fast": 61.0, "hours_total": 472.0, "pct_fast": 0.0, "mean_speed_kn": 13.47}, "geometry": {"type": "Polygon", "coordinates": [[[24.15, 34.55], [24.25, 34.55], [24.25, 34.65], [24.15, 34.65], [24.15, 34.55]]]}}, {"type": "Feature", "properties": {"habitat": "Hellenic Trench", "hours_fast": 58.0, "hours_total": 448.0, "pct_fast": 0.0, "mean_speed_kn": 13.47}, "geometry": {"type": "Polygon", "coordinates": [[[24.25, 34.55], [24.35, 34.55], [24.35, 34.65], [24.25, 34.65], [24.25, 34.55]]]}}, {"type": "Feature", "properties": {"habitat": "Hellenic Trench", "hours_fast": 55.0, "hours_total": 391.0, "pct_fast": 0.0, "mean_speed_kn": 13.55}, "geometry": {"type": "Polygon", "coordinates": [[[24.35, 34.55], [24.45, 34.55], [24.45, 34.65], [24.35, 34.65], [24.35, 34.55]]]}}, {"type": "Feature", "properties": {"habitat": "Hellenic Trench", "hours_fast": 47.0, "hours_total": 340.0, "pct_fast": 0.0, "mean_speed_kn": 13.54}, "geometry": {"type": "Polygon", "coordinates": [[[24.45, 34.55], [24.55, 34.55], [24.55, 34.65], [24.45, 34.65], [24.45, 34.55]]]}}, {"type": "Feature", "properties": {"habitat": "Hellenic Trench", "hours_fast": 40.0, "hours_total": 304.0, "pct_fast": 0.0, "mean_speed_kn": 13.49}, "geometry": {"type": "Polygon", "coordinates": [[[24.55, 34.55], [24.65, 34.55], [24.65, 34.65], [24.55, 34.65], [24.55, 34.55]]]}}, {"type": "Feature", "properties": {"habitat": "Hellenic Trench", "hours_fast": 30.0, "hours_total": 239.0, "pct_fast": 0.0, "mean_speed_kn": 13.44}, "geometry": {"type": "Polygon", "coordinates": [[[24.65, 34.55], [24.75, 34.55], [24.75, 34.65], [24.65, 34.65], [24.65, 34.55]]]}}, {"type": "Feature", "properties": {"habitat": "Hellenic Trench", "hours_fast": 27.0, "hours_total": 258.0, "pct_fast": 0.0, "mean_speed_kn": 13.28}, "geometry": {"type": "Polygon", "coordinates": [[[24.75, 34.55], [24.85, 34.55], [24.85, 34.65], [24.75, 34.65], [24.75, 34.55]]]}}, {"type": "Feature", "properties": {"habitat": "Hellenic Trench", "hours_fast": 38.0, "hours_total": 262.0, "pct_fast": 0.0, "mean_speed_kn": 13.59}, "geometry": {"type": "Polygon", "coordinates": [[[24.85, 34.55], [24.95, 34.55], [24.95, 34.65], [24.85, 34.65], [24.85, 34.55]]]}}, {"type": "Feature", "properties": {"habitat": "Hellenic Trench", "hours_fast": 33.0, "hours_total": 257.0, "pct_fast": 0.0, "mean_speed_kn": 13.46}, "geometry": {"type": "Polygon", "coordinates": [[[24.95, 34.55], [25.05, 34.55], [25.05, 34.65], [24.95, 34.65], [24.95, 34.55]]]}}, {"type": "Feature", "properties": {"habitat": "Hellenic Trench", "hours_fast": 30.0, "hours_total": 259.0, "pct_fast": 0.0, "mean_speed_kn": 13.37}, "geometry": {"type": "Polygon", "coordinates": [[[25.05, 34.55], [25.15, 34.55], [25.15, 34.65], [25.05, 34.65], [25.05, 34.55]]]}}, {"type": "Feature", "properties": {"habitat": "Hellenic Trench", "hours_fast": 40.0, "hours_total": 272.0, "pct_fast": 0.0, "mean_speed_kn": 13.6}, "geometry": {"type": "Polygon", "coordinates": [[[25.15, 34.55], [25.25, 34.55], [25.25, 34.65], [25.15, 34.65], [25.15, 34.55]]]}}, {"type": "Feature", "properties": {"habitat": "Hellenic Trench", "hours_fast": 28.0, "hours_total": 290.0, "pct_fast": 0.0, "mean_speed_kn": 13.22}, "geometry": {"type": "Polygon", "coordinates": [[[25.25, 34.55], [25.35, 34.55], [25.35, 34.65], [25.25, 34.65], [25.25, 34.55]]]}}, {"type": "Feature", "properties": {"habitat": "Hellenic Trench", "hours_fast": 33.0, "hours_total": 234.0, "pct_fast": 0.0, "mean_speed_kn": 13.56}, "geometry": {"type": "Polygon", "coordinates": [[[25.35, 34.55], [25.45, 34.55], [25.45, 34.65], [25.35, 34.65], [25.35, 34.55]]]}}, {"type": "Feature", "properties": {"habitat": "Hellenic Trench", "hours_fast": 27.0, "hours_total": 234.0, "pct_fast": 0.0, "mean_speed_kn": 13.37}, "geometry": {"type": "Polygon", "coordinates": [[[25.45, 34.55], [25.55, 34.55], [25.55, 34.65], [25.45, 34.65], [25.45, 34.55]]]}}, {"type": "Feature", "properties": {"habitat": "Hellenic Trench", "hours_fast": 25.0, "hours_total": 258.0, "pct_fast": 0.0, "mean_speed_kn": 13.23}, "geometry": {"type": "Polygon", "coordinates": [[[25.55, 34.55], [25.65, 34.55], [25.65, 34.65], [25.55, 34.65], [25.55, 34.55]]]}}, {"type": "Feature", "properties": {"habitat": "Hellenic Trench", "hours_fast": 36.0, "hours_total": 274.0, "pct_fast": 0.0, "mean_speed_kn": 13.49}, "geometry": {"type": "Polygon", "coordinates": [[[25.65, 34.55], [25.75, 34.55], [25.75, 34.65], [25.65, 34.65], [25.65, 34.55]]]}}, {"type": "Feature", "properties": {"habitat": "Hellenic Trench", "hours_fast": 28.0, "hours_total": 221.0, "pct_fast": 0.45, "mean_speed_kn": 13.48}, "geometry": {"type": "Polygon", "coordinates": [[[25.75, 34.55], [25.85, 34.55], [25.85, 34.65], [25.75, 34.65], [25.75, 34.55]]]}}, {"type": "Feature", "properties": {"habitat": "Hellenic Trench", "hours_fast": 67.0, "hours_total": 467.0, "pct_fast": 0.0, "mean_speed_kn": 13.58}, "geometry": {"type": "Polygon", "coordinates": [[[23.75, 34.65], [23.85, 34.65], [23.85, 34.75], [23.75, 34.75], [23.75, 34.65]]]}}, {"type": "Feature", "properties": {"habitat": "Hellenic Trench", "hours_fast": 65.0, "hours_total": 397.0, "pct_fast": 0.0, "mean_speed_kn": 13.73}, "geometry": {"type": "Polygon", "coordinates": [[[23.85, 34.65], [23.95, 34.65], [23.95, 34.75], [23.85, 34.75], [23.85, 34.65]]]}}, {"type": "Feature", "properties": {"habitat": "Hellenic Trench", "hours_fast": 46.0, "hours_total": 339.0, "pct_fast": 0.0, "mean_speed_kn": 13.52}, "geometry": {"type": "Polygon", "coordinates": [[[23.95, 34.65], [24.05, 34.65], [24.05, 34.75], [23.95, 34.75], [23.95, 34.65]]]}}, {"type": "Feature", "properties": {"habitat": "Hellenic Trench", "hours_fast": 39.0, "hours_total": 314.0, "pct_fast": 0.0, "mean_speed_kn": 13.43}, "geometry": {"type": "Polygon", "coordinates": [[[24.05, 34.65], [24.15, 34.65], [24.15, 34.75], [24.05, 34.75], [24.05, 34.65]]]}}, {"type": "Feature", "properties": {"habitat": "Hellenic Trench", "hours_fast": 25.0, "hours_total": 234.0, "pct_fast": 0.43, "mean_speed_kn": 13.33}, "geometry": {"type": "Polygon", "coordinates": [[[24.15, 34.65], [24.25, 34.65], [24.25, 34.75], [24.15, 34.75], [24.15, 34.65]]]}}, {"type": "Feature", "properties": {"habitat": "Hellenic Trench", "hours_fast": 32.0, "hours_total": 248.0, "pct_fast": 0.0, "mean_speed_kn": 13.47}, "geometry": {"type": "Polygon", "coordinates": [[[24.25, 34.65], [24.35, 34.65], [24.35, 34.75], [24.25, 34.75], [24.25, 34.65]]]}}, {"type": "Feature", "properties": {"habitat": "Hellenic Trench", "hours_fast": 14.0, "hours_total": 174.0, "pct_fast": 0.57, "mean_speed_kn": 13.15}, "geometry": {"type": "Polygon", "coordinates": [[[24.35, 34.65], [24.45, 34.65], [24.45, 34.75], [24.35, 34.75], [24.35, 34.65]]]}}, {"type": "Feature", "properties": {"habitat": "Hellenic Trench", "hours_fast": 13.0, "hours_total": 161.0, "pct_fast": 0.0, "mean_speed_kn": 13.11}, "geometry": {"type": "Polygon", "coordinates": [[[24.45, 34.65], [24.55, 34.65], [24.55, 34.75], [24.45, 34.75], [24.45, 34.65]]]}}, {"type": "Feature", "properties": {"habitat": "Hellenic Trench", "hours_fast": 12.0, "hours_total": 149.0, "pct_fast": 0.0, "mean_speed_kn": 13.1}, "geometry": {"type": "Polygon", "coordinates": [[[24.55, 34.65], [24.65, 34.65], [24.65, 34.75], [24.55, 34.75], [24.55, 34.65]]]}}, {"type": "Feature", "properties": {"habitat": "Hellenic Trench", "hours_fast": 20.0, "hours_total": 179.0, "pct_fast": 0.0, "mean_speed_kn": 13.34}, "geometry": {"type": "Polygon", "coordinates": [[[24.65, 34.65], [24.75, 34.65], [24.75, 34.75], [24.65, 34.75], [24.65, 34.65]]]}}, {"type": "Feature", "properties": {"habitat": "Hellenic Trench", "hours_fast": 21.0, "hours_total": 172.0, "pct_fast": 0.0, "mean_speed_kn": 13.42}, "geometry": {"type": "Polygon", "coordinates": [[[24.75, 34.65], [24.85, 34.65], [24.85, 34.75], [24.75, 34.75], [24.75, 34.65]]]}}, {"type": "Feature", "properties": {"habitat": "Hellenic Trench", "hours_fast": 34.0, "hours_total": 184.0, "pct_fast": 0.0, "mean_speed_kn": 13.89}, "geometry": {"type": "Polygon", "coordinates": [[[24.85, 34.65], [24.95, 34.65], [24.95, 34.75], [24.85, 34.75], [24.85, 34.65]]]}}, {"type": "Feature", "properties": {"habitat": "Hellenic Trench", "hours_fast": 24.0, "hours_total": 184.0, "pct_fast": 0.54, "mean_speed_kn": 13.52}, "geometry": {"type": "Polygon", "coordinates": [[[24.95, 34.65], [25.05, 34.65], [25.05, 34.75], [24.95, 34.75], [24.95, 34.65]]]}}, {"type": "Feature", "properties": {"habitat": "Hellenic Trench", "hours_fast": 24.0, "hours_total": 190.0, "pct_fast": 0.0, "mean_speed_kn": 13.45}, "geometry": {"type": "Polygon", "coordinates": [[[25.05, 34.65], [25.15, 34.65], [25.15, 34.75], [25.05, 34.75], [25.05, 34.65]]]}}, {"type": "Feature", "properties": {"habitat": "Hellenic Trench", "hours_fast": 24.0, "hours_total": 175.0, "pct_fast": 0.0, "mean_speed_kn": 13.53}, "geometry": {"type": "Polygon", "coordinates": [[[25.15, 34.65], [25.25, 34.65], [25.25, 34.75], [25.15, 34.75], [25.15, 34.65]]]}}, {"type": "Feature", "properties": {"habitat": "Hellenic Trench", "hours_fast": 23.0, "hours_total": 204.0, "pct_fast": 0.0, "mean_speed_kn": 13.35}, "geometry": {"type": "Polygon", "coordinates": [[[25.25, 34.65], [25.35, 34.65], [25.35, 34.75], [25.25, 34.75], [25.25, 34.65]]]}}, {"type": "Feature", "properties": {"habitat": "Hellenic Trench", "hours_fast": 19.0, "hours_total": 197.0, "pct_fast": 0.0, "mean_speed_kn": 13.22}, "geometry": {"type": "Polygon", "coordinates": [[[25.35, 34.65], [25.45, 34.65], [25.45, 34.75], [25.35, 34.75], [25.35, 34.65]]]}}, {"type": "Feature", "properties": {"habitat": "Hellenic Trench", "hours_fast": 9.0, "hours_total": 178.0, "pct_fast": 0.0, "mean_speed_kn": 12.88}, "geometry": {"type": "Polygon", "coordinates": [[[25.45, 34.65], [25.55, 34.65], [25.55, 34.75], [25.45, 34.75], [25.45, 34.65]]]}}, {"type": "Feature", "properties": {"habitat": "Hellenic Trench", "hours_fast": 9.0, "hours_total": 180.0, "pct_fast": 0.0, "mean_speed_kn": 12.88}, "geometry": {"type": "Polygon", "coordinates": [[[25.55, 34.65], [25.65, 34.65], [25.65, 34.75], [25.55, 34.75], [25.55, 34.65]]]}}, {"type": "Feature", "properties": {"habitat": "Hellenic Trench", "hours_fast": 13.0, "hours_total": 183.0, "pct_fast": 0.0, "mean_speed_kn": 13.03}, "geometry": {"type": "Polygon", "coordinates": [[[25.65, 34.65], [25.75, 34.65], [25.75, 34.75], [25.65, 34.75], [25.65, 34.65]]]}}, {"type": "Feature", "properties": {"habitat": "Hellenic Trench", "hours_fast": 11.0, "hours_total": 150.0, "pct_fast": 0.0, "mean_speed_kn": 13.05}, "geometry": {"type": "Polygon", "coordinates": [[[25.75, 34.65], [25.85, 34.65], [25.85, 34.75], [25.75, 34.75], [25.75, 34.65]]]}}, {"type": "Feature", "properties": {"habitat": "Hellenic Trench", "hours_fast": 14.0, "hours_total": 179.0, "pct_fast": 0.0, "mean_speed_kn": 13.09}, "geometry": {"type": "Polygon", "coordinates": [[[25.85, 34.65], [25.95, 34.65], [25.95, 34.75], [25.85, 34.75], [25.85, 34.65]]]}}, {"type": "Feature", "properties": {"habitat": "Hellenic Trench", "hours_fast": 16.0, "hours_total": 174.0, "pct_fast": 0.0, "mean_speed_kn": 13.19}, "geometry": {"type": "Polygon", "coordinates": [[[25.95, 34.65], [26.05, 34.65], [26.05, 34.75], [25.95, 34.75], [25.95, 34.65]]]}}, {"type": "Feature", "properties": {"habitat": "Hellenic Trench", "hours_fast": 18.0, "hours_total": 178.0, "pct_fast": 0.0, "mean_speed_kn": 13.26}, "geometry": {"type": "Polygon", "coordinates": [[[26.05, 34.65], [26.15, 34.65], [26.15, 34.75], [26.05, 34.75], [26.05, 34.65]]]}}, {"type": "Feature", "properties": {"habitat": "Hellenic Trench", "hours_fast": 48.0, "hours_total": 298.0, "pct_fast": 0.0, "mean_speed_kn": 13.71}, "geometry": {"type": "Polygon", "coordinates": [[[23.65, 34.75], [23.75, 34.75], [23.75, 34.85], [23.65, 34.85], [23.65, 34.75]]]}}, {"type": "Feature", "properties": {"habitat": "Hellenic Trench", "hours_fast": 37.0, "hours_total": 236.0, "pct_fast": 0.0, "mean_speed_kn": 13.68}, "geometry": {"type": "Polygon", "coordinates": [[[23.75, 34.75], [23.85, 34.75], [23.85, 34.85], [23.75, 34.85], [23.75, 34.75]]]}}, {"type": "Feature", "properties": {"habitat": "Hellenic Trench", "hours_fast": 42.0, "hours_total": 158.0, "pct_fast": 0.0, "mean_speed_kn": 14.49}, "geometry": {"type": "Polygon", "coordinates": [[[23.85, 34.75], [23.95, 34.75], [23.95, 34.85], [23.85, 34.85], [23.85, 34.75]]]}}, {"type": "Feature", "properties": {"habitat": "Hellenic Trench", "hours_fast": 4.0, "hours_total": 74.0, "pct_fast": 0.0, "mean_speed_kn": 12.91}, "geometry": {"type": "Polygon", "coordinates": [[[23.95, 34.75], [24.05, 34.75], [24.05, 34.85], [23.95, 34.85], [23.95, 34.75]]]}}, {"type": "Feature", "properties": {"habitat": "Hellenic Trench", "hours_fast": 27.0, "hours_total": 66.0, "pct_fast": 13.64, "mean_speed_kn": 16.59}, "geometry": {"type": "Polygon", "coordinates": [[[24.05, 34.75], [24.15, 34.75], [24.15, 34.85], [24.05, 34.85], [24.05, 34.75]]]}}, {"type": "Feature", "properties": {"habitat": "Hellenic Trench", "hours_fast": 2.0, "hours_total": 15.0, "pct_fast": 0.0, "mean_speed_kn": 13.5}, "geometry": {"type": "Polygon", "coordinates": [[[24.15, 34.75], [24.25, 34.75], [24.25, 34.85], [24.15, 34.85], [24.15, 34.75]]]}}, {"type": "Feature", "properties": {"habitat": "Hellenic Trench", "hours_fast": 1.0, "hours_total": 16.0, "pct_fast": 0.0, "mean_speed_kn": 12.97}, "geometry": {"type": "Polygon", "coordinates": [[[24.25, 34.75], [24.35, 34.75], [24.35, 34.85], [24.25, 34.85], [24.25, 34.75]]]}}, {"type": "Feature", "properties": {"habitat": "Hellenic Trench", "hours_fast": 5.0, "hours_total": 51.0, "pct_fast": 0.0, "mean_speed_kn": 13.24}, "geometry": {"type": "Polygon", "coordinates": [[[24.35, 34.75], [24.45, 34.75], [24.45, 34.85], [24.35, 34.85], [24.35, 34.75]]]}}, {"type": "Feature", "properties": {"habitat": "Hellenic Trench", "hours_fast": 14.0, "hours_total": 80.0, "pct_fast": 0.0, "mean_speed_kn": 13.81}, "geometry": {"type": "Polygon", "coordinates": [[[24.45, 34.75], [24.55, 34.75], [24.55, 34.85], [24.45, 34.85], [24.45, 34.75]]]}}, {"type": "Feature", "properties": {"habitat": "Hellenic Trench", "hours_fast": 16.0, "hours_total": 141.0, "pct_fast": 0.0, "mean_speed_kn": 13.35}, "geometry": {"type": "Polygon", "coordinates": [[[24.55, 34.75], [24.65, 34.75], [24.65, 34.85], [24.55, 34.85], [24.55, 34.75]]]}}, {"type": "Feature", "properties": {"habitat": "Hellenic Trench", "hours_fast": 26.0, "hours_total": 150.0, "pct_fast": 0.0, "mean_speed_kn": 13.8}, "geometry": {"type": "Polygon", "coordinates": [[[24.65, 34.75], [24.75, 34.75], [24.75, 34.85], [24.65, 34.85], [24.65, 34.75]]]}}, {"type": "Feature", "properties": {"habitat": "Hellenic Trench", "hours_fast": 17.0, "hours_total": 139.0, "pct_fast": 0.0, "mean_speed_kn": 13.42}, "geometry": {"type": "Polygon", "coordinates": [[[24.75, 34.75], [24.85, 34.75], [24.85, 34.85], [24.75, 34.85], [24.75, 34.75]]]}}, {"type": "Feature", "properties": {"habitat": "Hellenic Trench", "hours_fast": 24.0, "hours_total": 166.0, "pct_fast": 0.0, "mean_speed_kn": 13.58}, "geometry": {"type": "Polygon", "coordinates": [[[24.85, 34.75], [24.95, 34.75], [24.95, 34.85], [24.85, 34.85], [24.85, 34.75]]]}}, {"type": "Feature", "properties": {"habitat": "Hellenic Trench", "hours_fast": 16.0, "hours_total": 169.0, "pct_fast": 0.0, "mean_speed_kn": 13.21}, "geometry": {"type": "Polygon", "coordinates": [[[24.95, 34.75], [25.05, 34.75], [25.05, 34.85], [24.95, 34.85], [24.95, 34.75]]]}}, {"type": "Feature", "properties": {"habitat": "Hellenic Trench", "hours_fast": 11.0, "hours_total": 154.0, "pct_fast": 0.0, "mean_speed_kn": 13.04}, "geometry": {"type": "Polygon", "coordinates": [[[25.05, 34.75], [25.15, 34.75], [25.15, 34.85], [25.05, 34.85], [25.05, 34.75]]]}}, {"type": "Feature", "properties": {"habitat": "Hellenic Trench", "hours_fast": 11.0, "hours_total": 156.0, "pct_fast": 0.0, "mean_speed_kn": 13.03}, "geometry": {"type": "Polygon", "coordinates": [[[25.15, 34.75], [25.25, 34.75], [25.25, 34.85], [25.15, 34.85], [25.15, 34.75]]]}}, {"type": "Feature", "properties": {"habitat": "Hellenic Trench", "hours_fast": 7.0, "hours_total": 128.0, "pct_fast": 0.0, "mean_speed_kn": 12.91}, "geometry": {"type": "Polygon", "coordinates": [[[25.25, 34.75], [25.35, 34.75], [25.35, 34.85], [25.25, 34.85], [25.25, 34.75]]]}}, {"type": "Feature", "properties": {"habitat": "Hellenic Trench", "hours_fast": 6.0, "hours_total": 120.0, "pct_fast": 0.0, "mean_speed_kn": 12.88}, "geometry": {"type": "Polygon", "coordinates": [[[25.35, 34.75], [25.45, 34.75], [25.45, 34.85], [25.35, 34.85], [25.35, 34.75]]]}}, {"type": "Feature", "properties": {"habitat": "Hellenic Trench", "hours_fast": 9.0, "hours_total": 122.0, "pct_fast": 0.0, "mean_speed_kn": 13.05}, "geometry": {"type": "Polygon", "coordinates": [[[25.45, 34.75], [25.55, 34.75], [25.55, 34.85], [25.45, 34.85], [25.45, 34.75]]]}}, {"type": "Feature", "properties": {"habitat": "Hellenic Trench", "hours_fast": 6.0, "hours_total": 70.0, "pct_fast": 0.0, "mean_speed_kn": 13.14}, "geometry": {"type": "Polygon", "coordinates": [[[25.55, 34.75], [25.65, 34.75], [25.65, 34.85], [25.55, 34.85], [25.55, 34.75]]]}}, {"type": "Feature", "properties": {"habitat": "Hellenic Trench", "hours_fast": 5.0, "hours_total": 86.0, "pct_fast": 0.0, "mean_speed_kn": 12.94}, "geometry": {"type": "Polygon", "coordinates": [[[25.65, 34.75], [25.75, 34.75], [25.75, 34.85], [25.65, 34.85], [25.65, 34.75]]]}}, {"type": "Feature", "properties": {"habitat": "Hellenic Trench", "hours_fast": 2.0, "hours_total": 78.0, "pct_fast": 0.0, "mean_speed_kn": 12.69}, "geometry": {"type": "Polygon", "coordinates": [[[25.75, 34.75], [25.85, 34.75], [25.85, 34.85], [25.75, 34.85], [25.75, 34.75]]]}}, {"type": "Feature", "properties": {"habitat": "Hellenic Trench", "hours_fast": 5.0, "hours_total": 107.0, "pct_fast": 0.0, "mean_speed_kn": 12.85}, "geometry": {"type": "Polygon", "coordinates": [[[25.85, 34.75], [25.95, 34.75], [25.95, 34.85], [25.85, 34.85], [25.85, 34.75]]]}}, {"type": "Feature", "properties": {"habitat": "Hellenic Trench", "hours_fast": 7.0, "hours_total": 97.0, "pct_fast": 0.0, "mean_speed_kn": 13.04}, "geometry": {"type": "Polygon", "coordinates": [[[25.95, 34.75], [26.05, 34.75], [26.05, 34.85], [25.95, 34.85], [25.95, 34.75]]]}}, {"type": "Feature", "properties": {"habitat": "Hellenic Trench", "hours_fast": 5.0, "hours_total": 103.0, "pct_fast": 0.0, "mean_speed_kn": 12.86}, "geometry": {"type": "Polygon", "coordinates": [[[26.05, 34.75], [26.15, 34.75], [26.15, 34.85], [26.05, 34.85], [26.05, 34.75]]]}}, {"type": "Feature", "properties": {"habitat": "Hellenic Trench", "hours_fast": 5.0, "hours_total": 98.0, "pct_fast": 0.0, "mean_speed_kn": 12.88}, "geometry": {"type": "Polygon", "coordinates": [[[26.15, 34.75], [26.25, 34.75], [26.25, 34.85], [26.15, 34.85], [26.15, 34.75]]]}}, {"type": "Feature", "properties": {"habitat": "Hellenic Trench", "hours_fast": 4.0, "hours_total": 110.0, "pct_fast": 0.0, "mean_speed_kn": 12.77}, "geometry": {"type": "Polygon", "coordinates": [[[26.25, 34.75], [26.35, 34.75], [26.35, 34.85], [26.25, 34.85], [26.25, 34.75]]]}}, {"type": "Feature", "properties": {"habitat": "Hellenic Trench", "hours_fast": 7.0, "hours_total": 115.0, "pct_fast": 0.0, "mean_speed_kn": 12.96}, "geometry": {"type": "Polygon", "coordinates": [[[26.35, 34.75], [26.45, 34.75], [26.45, 34.85], [26.35, 34.85], [26.35, 34.75]]]}}, {"type": "Feature", "properties": {"habitat": "Hellenic Trench", "hours_fast": 2.0, "hours_total": 106.0, "pct_fast": 0.0, "mean_speed_kn": 12.64}, "geometry": {"type": "Polygon", "coordinates": [[[26.45, 34.75], [26.55, 34.75], [26.55, 34.85], [26.45, 34.85], [26.45, 34.75]]]}}, {"type": "Feature", "properties": {"habitat": "Hellenic Trench", "hours_fast": 10.0, "hours_total": 129.0, "pct_fast": 0.0, "mean_speed_kn": 13.08}, "geometry": {"type": "Polygon", "coordinates": [[[26.55, 34.75], [26.65, 34.75], [26.65, 34.85], [26.55, 34.85], [26.55, 34.75]]]}}, {"type": "Feature", "properties": {"habitat": "Hellenic Trench", "hours_fast": 15.0, "hours_total": 122.0, "pct_fast": 0.0, "mean_speed_kn": 13.42}, "geometry": {"type": "Polygon", "coordinates": [[[26.65, 34.75], [26.75, 34.75], [26.75, 34.85], [26.65, 34.85], [26.65, 34.75]]]}}, {"type": "Feature", "properties": {"habitat": "Hellenic Trench", "hours_fast": 25.0, "hours_total": 195.0, "pct_fast": 0.0, "mean_speed_kn": 13.46}, "geometry": {"type": "Polygon", "coordinates": [[[23.55, 34.85], [23.65, 34.85], [23.65, 34.95], [23.55, 34.95], [23.55, 34.85]]]}}, {"type": "Feature", "properties": {"habitat": "Hellenic Trench", "hours_fast": 19.0, "hours_total": 125.0, "pct_fast": 0.0, "mean_speed_kn": 13.64}, "geometry": {"type": "Polygon", "coordinates": [[[23.65, 34.85], [23.75, 34.85], [23.75, 34.95], [23.65, 34.95], [23.65, 34.85]]]}}, {"type": "Feature", "properties": {"habitat": "Hellenic Trench", "hours_fast": 11.0, "hours_total": 85.0, "pct_fast": 0.0, "mean_speed_kn": 13.47}, "geometry": {"type": "Polygon", "coordinates": [[[23.75, 34.85], [23.85, 34.85], [23.85, 34.95], [23.75, 34.95], [23.75, 34.85]]]}}, {"type": "Feature", "properties": {"habitat": "Hellenic Trench", "hours_fast": 1.0, "hours_total": 20.0, "pct_fast": 0.0, "mean_speed_kn": 12.88}, "geometry": {"type": "Polygon", "coordinates": [[[23.85, 34.85], [23.95, 34.85], [23.95, 34.95], [23.85, 34.95], [23.85, 34.85]]]}}, {"type": "Feature", "properties": {"habitat": "Hellenic Trench", "hours_fast": 3.0, "hours_total": 6.0, "pct_fast": 0.0, "mean_speed_kn": 16.25}, "geometry": {"type": "Polygon", "coordinates": [[[23.95, 34.85], [24.05, 34.85], [24.05, 34.95], [23.95, 34.95], [23.95, 34.85]]]}}, {"type": "Feature", "properties": {"habitat": "Hellenic Trench", "hours_fast": 10.0, "hours_total": 37.0, "pct_fast": 8.11, "mean_speed_kn": 15.14}, "geometry": {"type": "Polygon", "coordinates": [[[24.05, 34.85], [24.15, 34.85], [24.15, 34.95], [24.05, 34.95], [24.05, 34.85]]]}}, {"type": "Feature", "properties": {"habitat": "Hellenic Trench", "hours_fast": 4.0, "hours_total": 30.0, "pct_fast": 3.33, "mean_speed_kn": 13.75}, "geometry": {"type": "Polygon", "coordinates": [[[24.15, 34.85], [24.25, 34.85], [24.25, 34.95], [24.15, 34.95], [24.15, 34.85]]]}}, {"type": "Feature", "properties": {"habitat": "Hellenic Trench", "hours_fast": 32.0, "hours_total": 141.0, "pct_fast": 0.0, "mean_speed_kn": 14.2}, "geometry": {"type": "Polygon", "coordinates": [[[24.25, 34.85], [24.35, 34.85], [24.35, 34.95], [24.25, 34.95], [24.25, 34.85]]]}}, {"type": "Feature", "properties": {"habitat": "Hellenic Trench", "hours_fast": 51.0, "hours_total": 241.0, "pct_fast": 0.0, "mean_speed_kn": 14.09}, "geometry": {"type": "Polygon", "coordinates": [[[24.35, 34.85], [24.45, 34.85], [24.45, 34.95], [24.35, 34.95], [24.35, 34.85]]]}}, {"type": "Feature", "properties": {"habitat": "Hellenic Trench", "hours_fast": 21.0, "hours_total": 194.0, "pct_fast": 0.0, "mean_speed_kn": 13.31}, "geometry": {"type": "Polygon", "coordinates": [[[24.45, 34.85], [24.55, 34.85], [24.55, 34.95], [24.45, 34.95], [24.45, 34.85]]]}}, {"type": "Feature", "properties": {"habitat": "Hellenic Trench", "hours_fast": 13.0, "hours_total": 143.0, "pct_fast": 0.0, "mean_speed_kn": 13.18}, "geometry": {"type": "Polygon", "coordinates": [[[24.55, 34.85], [24.65, 34.85], [24.65, 34.95], [24.55, 34.95], [24.55, 34.85]]]}}, {"type": "Feature", "properties": {"habitat": "Hellenic Trench", "hours_fast": 19.0, "hours_total": 191.0, "pct_fast": 0.52, "mean_speed_kn": 13.29}, "geometry": {"type": "Polygon", "coordinates": [[[24.65, 34.85], [24.75, 34.85], [24.75, 34.95], [24.65, 34.95], [24.65, 34.85]]]}}, {"type": "Feature", "properties": {"habitat": "Hellenic Trench", "hours_fast": 6.0, "hours_total": 126.0, "pct_fast": 0.0, "mean_speed_kn": 12.86}, "geometry": {"type": "Polygon", "coordinates": [[[24.75, 34.85], [24.85, 34.85], [24.85, 34.95], [24.75, 34.95], [24.75, 34.85]]]}}, {"type": "Feature", "properties": {"habitat": "Hellenic Trench", "hours_fast": 2.0, "hours_total": 105.0, "pct_fast": 0.0, "mean_speed_kn": 12.64}, "geometry": {"type": "Polygon", "coordinates": [[[24.85, 34.85], [24.95, 34.85], [24.95, 34.95], [24.85, 34.95], [24.85, 34.85]]]}}, {"type": "Feature", "properties": {"habitat": "Hellenic Trench", "hours_fast": 1.0, "hours_total": 65.0, "pct_fast": 1.54, "mean_speed_kn": 12.73}, "geometry": {"type": "Polygon", "coordinates": [[[24.95, 34.85], [25.05, 34.85], [25.05, 34.95], [24.95, 34.95], [24.95, 34.85]]]}}, {"type": "Feature", "properties": {"habitat": "Hellenic Trench", "hours_fast": 2.0, "hours_total": 43.0, "pct_fast": 0.0, "mean_speed_kn": 12.85}, "geometry": {"type": "Polygon", "coordinates": [[[25.05, 34.85], [25.15, 34.85], [25.15, 34.95], [25.05, 34.95], [25.05, 34.85]]]}}, {"type": "Feature", "properties": {"habitat": "Hellenic Trench", "hours_fast": 2.0, "hours_total": 35.0, "pct_fast": 0.0, "mean_speed_kn": 12.93}, "geometry": {"type": "Polygon", "coordinates": [[[25.15, 34.85], [25.25, 34.85], [25.25, 34.95], [25.15, 34.95], [25.15, 34.85]]]}}, {"type": "Feature", "properties": {"habitat": "Hellenic Trench", "hours_fast": 0.0, "hours_total": 11.0, "pct_fast": 0.0, "mean_speed_kn": 12.5}, "geometry": {"type": "Polygon", "coordinates": [[[25.25, 34.85], [25.35, 34.85], [25.35, 34.95], [25.25, 34.95], [25.25, 34.85]]]}}, {"type": "Feature", "properties": {"habitat": "Hellenic Trench", "hours_fast": 2.0, "hours_total": 20.0, "pct_fast": 0.0, "mean_speed_kn": 13.25}, "geometry": {"type": "Polygon", "coordinates": [[[25.35, 34.85], [25.45, 34.85], [25.45, 34.95], [25.35, 34.95], [25.35, 34.85]]]}}, {"type": "Feature", "properties": {"habitat": "Hellenic Trench", "hours_fast": 1.0, "hours_total": 17.0, "pct_fast": 0.0, "mean_speed_kn": 12.94}, "geometry": {"type": "Polygon", "coordinates": [[[25.45, 34.85], [25.55, 34.85], [25.55, 34.95], [25.45, 34.95], [25.45, 34.85]]]}}, {"type": "Feature", "properties": {"habitat": "Hellenic Trench", "hours_fast": 1.0, "hours_total": 15.0, "pct_fast": 0.0, "mean_speed_kn": 13.0}, "geometry": {"type": "Polygon", "coordinates": [[[25.55, 34.85], [25.65, 34.85], [25.65, 34.95], [25.55, 34.95], [25.55, 34.85]]]}}, {"type": "Feature", "properties": {"habitat": "Hellenic Trench", "hours_fast": 2.0, "hours_total": 13.0, "pct_fast": 7.69, "mean_speed_kn": 14.23}, "geometry": {"type": "Polygon", "coordinates": [[[25.65, 34.85], [25.75, 34.85], [25.75, 34.95], [25.65, 34.95], [25.65, 34.85]]]}}, {"type": "Feature", "properties": {"habitat": "Hellenic Trench", "hours_fast": 0.0, "hours_total": 6.0, "pct_fast": 0.0, "mean_speed_kn": 12.5}, "geometry": {"type": "Polygon", "coordinates": [[[25.75, 34.85], [25.85, 34.85], [25.85, 34.95], [25.75, 34.95], [25.75, 34.85]]]}}, {"type": "Feature", "properties": {"habitat": "Hellenic Trench", "hours_fast": 0.0, "hours_total": 6.0, "pct_fast": 0.0, "mean_speed_kn": 12.5}, "geometry": {"type": "Polygon", "coordinates": [[[25.85, 34.85], [25.95, 34.85], [25.95, 34.95], [25.85, 34.95], [25.85, 34.85]]]}}, {"type": "Feature", "properties": {"habitat": "Hellenic Trench", "hours_fast": 0.0, "hours_total": 12.0, "pct_fast": 0.0, "mean_speed_kn": 12.5}, "geometry": {"type": "Polygon", "coordinates": [[[25.95, 34.85], [26.05, 34.85], [26.05, 34.95], [25.95, 34.95], [25.95, 34.85]]]}}, {"type": "Feature", "properties": {"habitat": "Hellenic Trench", "hours_fast": 2.0, "hours_total": 15.0, "pct_fast": 0.0, "mean_speed_kn": 13.5}, "geometry": {"type": "Polygon", "coordinates": [[[26.05, 34.85], [26.15, 34.85], [26.15, 34.95], [26.05, 34.95], [26.05, 34.85]]]}}, {"type": "Feature", "properties": {"habitat": "Hellenic Trench", "hours_fast": 1.0, "hours_total": 31.0, "pct_fast": 0.0, "mean_speed_kn": 12.74}, "geometry": {"type": "Polygon", "coordinates": [[[26.15, 34.85], [26.25, 34.85], [26.25, 34.95], [26.15, 34.95], [26.15, 34.85]]]}}, {"type": "Feature", "properties": {"habitat": "Hellenic Trench", "hours_fast": 0.0, "hours_total": 31.0, "pct_fast": 0.0, "mean_speed_kn": 12.5}, "geometry": {"type": "Polygon", "coordinates": [[[26.25, 34.85], [26.35, 34.85], [26.35, 34.95], [26.25, 34.95], [26.25, 34.85]]]}}, {"type": "Feature", "properties": {"habitat": "Hellenic Trench", "hours_fast": 2.0, "hours_total": 45.0, "pct_fast": 0.0, "mean_speed_kn": 12.83}, "geometry": {"type": "Polygon", "coordinates": [[[26.35, 34.85], [26.45, 34.85], [26.45, 34.95], [26.35, 34.95], [26.35, 34.85]]]}}, {"type": "Feature", "properties": {"habitat": "Hellenic Trench", "hours_fast": 0.0, "hours_total": 35.0, "pct_fast": 0.0, "mean_speed_kn": 12.5}, "geometry": {"type": "Polygon", "coordinates": [[[26.45, 34.85], [26.55, 34.85], [26.55, 34.95], [26.45, 34.95], [26.45, 34.85]]]}}, {"type": "Feature", "properties": {"habitat": "Hellenic Trench", "hours_fast": 1.0, "hours_total": 39.0, "pct_fast": 0.0, "mean_speed_kn": 12.69}, "geometry": {"type": "Polygon", "coordinates": [[[26.55, 34.85], [26.65, 34.85], [26.65, 34.95], [26.55, 34.95], [26.55, 34.85]]]}}, {"type": "Feature", "properties": {"habitat": "Hellenic Trench", "hours_fast": 5.0, "hours_total": 68.0, "pct_fast": 0.0, "mean_speed_kn": 13.05}, "geometry": {"type": "Polygon", "coordinates": [[[26.65, 34.85], [26.75, 34.85], [26.75, 34.95], [26.65, 34.95], [26.65, 34.85]]]}}, {"type": "Feature", "properties": {"habitat": "Hellenic Trench", "hours_fast": 9.0, "hours_total": 130.0, "pct_fast": 0.0, "mean_speed_kn": 13.02}, "geometry": {"type": "Polygon", "coordinates": [[[26.75, 34.85], [26.85, 34.85], [26.85, 34.95], [26.75, 34.95], [26.75, 34.85]]]}}, {"type": "Feature", "properties": {"habitat": "Hellenic Trench", "hours_fast": 25.0, "hours_total": 190.0, "pct_fast": 0.0, "mean_speed_kn": 13.49}, "geometry": {"type": "Polygon", "coordinates": [[[26.85, 34.85], [26.95, 34.85], [26.95, 34.95], [26.85, 34.95], [26.85, 34.85]]]}}, {"type": "Feature", "properties": {"habitat": "Hellenic Trench", "hours_fast": 13.0, "hours_total": 113.0, "pct_fast": 0.0, "mean_speed_kn": 13.36}, "geometry": {"type": "Polygon", "coordinates": [[[26.95, 34.85], [27.05, 34.85], [27.05, 34.95], [26.95, 34.95], [26.95, 34.85]]]}}, {"type": "Feature", "properties": {"habitat": "Hellenic Trench", "hours_fast": 10.0, "hours_total": 136.0, "pct_fast": 0.0, "mean_speed_kn": 13.05}, "geometry": {"type": "Polygon", "coordinates": [[[27.05, 34.85], [27.15, 34.85], [27.15, 34.95], [27.05, 34.95], [27.05, 34.85]]]}}, {"type": "Feature", "properties": {"habitat": "Hellenic Trench", "hours_fast": 18.0, "hours_total": 145.0, "pct_fast": 0.0, "mean_speed_kn": 13.43}, "geometry": {"type": "Polygon", "coordinates": [[[23.45, 34.95], [23.55, 34.95], [23.55, 35.05], [23.45, 35.05], [23.45, 34.95]]]}}, {"type": "Feature", "properties": {"habitat": "Hellenic Trench", "hours_fast": 21.0, "hours_total": 94.0, "pct_fast": 0.0, "mean_speed_kn": 14.18}, "geometry": {"type": "Polygon", "coordinates": [[[23.55, 34.95], [23.65, 34.95], [23.65, 35.05], [23.55, 35.05], [23.55, 34.95]]]}}, {"type": "Feature", "properties": {"habitat": "Hellenic Trench", "hours_fast": 6.0, "hours_total": 78.0, "pct_fast": 0.0, "mean_speed_kn": 13.08}, "geometry": {"type": "Polygon", "coordinates": [[[23.65, 34.95], [23.75, 34.95], [23.75, 35.05], [23.65, 35.05], [23.65, 34.95]]]}}, {"type": "Feature", "properties": {"habitat": "Hellenic Trench", "hours_fast": 7.0, "hours_total": 53.0, "pct_fast": 0.0, "mean_speed_kn": 13.49}, "geometry": {"type": "Polygon", "coordinates": [[[23.75, 34.95], [23.85, 34.95], [23.85, 35.05], [23.75, 35.05], [23.75, 34.95]]]}}, {"type": "Feature", "properties": {"habitat": "Hellenic Trench", "hours_fast": 7.0, "hours_total": 77.0, "pct_fast": 1.3, "mean_speed_kn": 13.28}, "geometry": {"type": "Polygon", "coordinates": [[[23.85, 34.95], [23.95, 34.95], [23.95, 35.05], [23.85, 35.05], [23.85, 34.95]]]}}, {"type": "Feature", "properties": {"habitat": "Hellenic Trench", "hours_fast": 37.0, "hours_total": 186.0, "pct_fast": 0.54, "mean_speed_kn": 14.03}, "geometry": {"type": "Polygon", "coordinates": [[[23.95, 34.95], [24.05, 34.95], [24.05, 35.05], [23.95, 35.05], [23.95, 34.95]]]}}, {"type": "Feature", "properties": {"habitat": "Hellenic Trench", "hours_fast": 29.0, "hours_total": 253.0, "pct_fast": 2.37, "mean_speed_kn": 13.54}, "geometry": {"type": "Polygon", "coordinates": [[[24.05, 34.95], [24.15, 34.95], [24.15, 35.05], [24.05, 35.05], [24.05, 34.95]]]}}, {"type": "Feature", "properties": {"habitat": "Hellenic Trench", "hours_fast": 28.0, "hours_total": 219.0, "pct_fast": 0.46, "mean_speed_kn": 13.49}, "geometry": {"type": "Polygon", "coordinates": [[[24.15, 34.95], [24.25, 34.95], [24.25, 35.05], [24.15, 35.05], [24.15, 34.95]]]}}, {"type": "Feature", "properties": {"habitat": "Hellenic Trench", "hours_fast": 20.0, "hours_total": 214.0, "pct_fast": 0.0, "mean_speed_kn": 13.2}, "geometry": {"type": "Polygon", "coordinates": [[[24.25, 34.95], [24.35, 34.95], [24.35, 35.05], [24.25, 35.05], [24.25, 34.95]]]}}, {"type": "Feature", "properties": {"habitat": "Hellenic Trench", "hours_fast": 9.0, "hours_total": 92.0, "pct_fast": 0.0, "mean_speed_kn": 13.23}, "geometry": {"type": "Polygon", "coordinates": [[[24.35, 34.95], [24.45, 34.95], [24.45, 35.05], [24.35, 35.05], [24.35, 34.95]]]}}, {"type": "Feature", "properties": {"habitat": "Hellenic Trench", "hours_fast": 1.0, "hours_total": 31.0, "pct_fast": 0.0, "mean_speed_kn": 12.74}, "geometry": {"type": "Polygon", "coordinates": [[[24.45, 34.95], [24.55, 34.95], [24.55, 35.05], [24.45, 35.05], [24.45, 34.95]]]}}, {"type": "Feature", "properties": {"habitat": "Hellenic Trench", "hours_fast": 2.0, "hours_total": 8.0, "pct_fast": 0.0, "mean_speed_kn": 14.38}, "geometry": {"type": "Polygon", "coordinates": [[[24.55, 34.95], [24.65, 34.95], [24.65, 35.05], [24.55, 35.05], [24.55, 34.95]]]}}, {"type": "Feature", "properties": {"habitat": "Hellenic Trench", "hours_fast": 0.0, "hours_total": 6.0, "pct_fast": 0.0, "mean_speed_kn": 12.5}, "geometry": {"type": "Polygon", "coordinates": [[[24.65, 34.95], [24.75, 34.95], [24.75, 35.05], [24.65, 35.05], [24.65, 34.95]]]}}, {"type": "Feature", "properties": {"habitat": "Hellenic Trench", "hours_fast": 1.0, "hours_total": 5.0, "pct_fast": 0.0, "mean_speed_kn": 14.0}, "geometry": {"type": "Polygon", "coordinates": [[[25.55, 34.95], [25.65, 34.95], [25.65, 35.05], [25.55, 35.05], [25.55, 34.95]]]}}, {"type": "Feature", "properties": {"habitat": "Hellenic Trench", "hours_fast": 1.0, "hours_total": 8.0, "pct_fast": 12.5, "mean_speed_kn": 14.38}, "geometry": {"type": "Polygon", "coordinates": [[[25.65, 34.95], [25.75, 34.95], [25.75, 35.05], [25.65, 35.05], [25.65, 34.95]]]}}, {"type": "Feature", "properties": {"habitat": "Hellenic Trench", "hours_fast": 3.0, "hours_total": 9.0, "pct_fast": 11.11, "mean_speed_kn": 15.83}, "geometry": {"type": "Polygon", "coordinates": [[[25.85, 34.95], [25.95, 34.95], [25.95, 35.05], [25.85, 35.05], [25.85, 34.95]]]}}, {"type": "Feature", "properties": {"habitat": "Hellenic Trench", "hours_fast": 2.0, "hours_total": 14.0, "pct_fast": 0.0, "mean_speed_kn": 13.57}, "geometry": {"type": "Polygon", "coordinates": [[[25.95, 34.95], [26.05, 34.95], [26.05, 35.05], [25.95, 35.05], [25.95, 34.95]]]}}, {"type": "Feature", "properties": {"habitat": "Hellenic Trench", "hours_fast": 3.0, "hours_total": 35.0, "pct_fast": 0.0, "mean_speed_kn": 13.14}, "geometry": {"type": "Polygon", "coordinates": [[[26.15, 34.95], [26.25, 34.95], [26.25, 35.05], [26.15, 35.05], [26.15, 34.95]]]}}, {"type": "Feature", "properties": {"habitat": "Hellenic Trench", "hours_fast": 5.0, "hours_total": 28.0, "pct_fast": 3.57, "mean_speed_kn": 14.11}, "geometry": {"type": "Polygon", "coordinates": [[[26.25, 34.95], [26.35, 34.95], [26.35, 35.05], [26.25, 35.05], [26.25, 34.95]]]}}, {"type": "Feature", "properties": {"habitat": "Hellenic Trench", "hours_fast": 1.0, "hours_total": 19.0, "pct_fast": 0.0, "mean_speed_kn": 12.89}, "geometry": {"type": "Polygon", "coordinates": [[[26.35, 34.95], [26.45, 34.95], [26.45, 35.05], [26.35, 35.05], [26.35, 34.95]]]}}, {"type": "Feature", "properties": {"habitat": "Hellenic Trench", "hours_fast": 1.0, "hours_total": 21.0, "pct_fast": 0.0, "mean_speed_kn": 12.86}, "geometry": {"type": "Polygon", "coordinates": [[[26.45, 34.95], [26.55, 34.95], [26.55, 35.05], [26.45, 35.05], [26.45, 34.95]]]}}, {"type": "Feature", "properties": {"habitat": "Hellenic Trench", "hours_fast": 1.0, "hours_total": 48.0, "pct_fast": 0.0, "mean_speed_kn": 12.66}, "geometry": {"type": "Polygon", "coordinates": [[[26.55, 34.95], [26.65, 34.95], [26.65, 35.05], [26.55, 35.05], [26.55, 34.95]]]}}, {"type": "Feature", "properties": {"habitat": "Hellenic Trench", "hours_fast": 7.0, "hours_total": 81.0, "pct_fast": 0.0, "mean_speed_kn": 13.15}, "geometry": {"type": "Polygon", "coordinates": [[[26.65, 34.95], [26.75, 34.95], [26.75, 35.05], [26.65, 35.05], [26.65, 34.95]]]}}, {"type": "Feature", "properties": {"habitat": "Hellenic Trench", "hours_fast": 16.0, "hours_total": 126.0, "pct_fast": 0.0, "mean_speed_kn": 13.45}, "geometry": {"type": "Polygon", "coordinates": [[[26.75, 34.95], [26.85, 34.95], [26.85, 35.05], [26.75, 35.05], [26.75, 34.95]]]}}, {"type": "Feature", "properties": {"habitat": "Hellenic Trench", "hours_fast": 7.0, "hours_total": 94.0, "pct_fast": 0.0, "mean_speed_kn": 13.06}, "geometry": {"type": "Polygon", "coordinates": [[[26.85, 34.95], [26.95, 34.95], [26.95, 35.05], [26.85, 35.05], [26.85, 34.95]]]}}, {"type": "Feature", "properties": {"habitat": "Hellenic Trench", "hours_fast": 12.0, "hours_total": 132.0, "pct_fast": 0.0, "mean_speed_kn": 13.18}, "geometry": {"type": "Polygon", "coordinates": [[[26.95, 34.95], [27.05, 34.95], [27.05, 35.05], [26.95, 35.05], [26.95, 34.95]]]}}, {"type": "Feature", "properties": {"habitat": "Hellenic Trench", "hours_fast": 15.0, "hours_total": 175.0, "pct_fast": 0.0, "mean_speed_kn": 13.14}, "geometry": {"type": "Polygon", "coordinates": [[[27.05, 34.95], [27.15, 34.95], [27.15, 35.05], [27.05, 35.05], [27.05, 34.95]]]}}, {"type": "Feature", "properties": {"habitat": "Hellenic Trench", "hours_fast": 28.0, "hours_total": 145.0, "pct_fast": 0.0, "mean_speed_kn": 13.95}, "geometry": {"type": "Polygon", "coordinates": [[[27.15, 34.95], [27.25, 34.95], [27.25, 35.05], [27.15, 35.05], [27.15, 34.95]]]}}, {"type": "Feature", "properties": {"habitat": "Hellenic Trench", "hours_fast": 23.0, "hours_total": 138.0, "pct_fast": 0.0, "mean_speed_kn": 13.75}, "geometry": {"type": "Polygon", "coordinates": [[[27.25, 34.95], [27.35, 34.95], [27.35, 35.05], [27.25, 35.05], [27.25, 34.95]]]}}, {"type": "Feature", "properties": {"habitat": "Hellenic Trench", "hours_fast": 25.0, "hours_total": 202.0, "pct_fast": 0.0, "mean_speed_kn": 13.43}, "geometry": {"type": "Polygon", "coordinates": [[[23.35, 35.05], [23.45, 35.05], [23.45, 35.15], [23.35, 35.15], [23.35, 35.05]]]}}, {"type": "Feature", "properties": {"habitat": "Hellenic Trench", "hours_fast": 11.0, "hours_total": 229.0, "pct_fast": 0.0, "mean_speed_kn": 12.86}, "geometry": {"type": "Polygon", "coordinates": [[[23.45, 35.05], [23.55, 35.05], [23.55, 35.15], [23.45, 35.15], [23.45, 35.05]]]}}, {"type": "Feature", "properties": {"habitat": "Hellenic Trench", "hours_fast": 28.0, "hours_total": 204.0, "pct_fast": 0.0, "mean_speed_kn": 13.53}, "geometry": {"type": "Polygon", "coordinates": [[[23.55, 35.05], [23.65, 35.05], [23.65, 35.15], [23.55, 35.15], [23.55, 35.05]]]}}, {"type": "Feature", "properties": {"habitat": "Hellenic Trench", "hours_fast": 41.0, "hours_total": 269.0, "pct_fast": 0.0, "mean_speed_kn": 13.64}, "geometry": {"type": "Polygon", "coordinates": [[[23.65, 35.05], [23.75, 35.05], [23.75, 35.15], [23.65, 35.15], [23.65, 35.05]]]}}, {"type": "Feature", "properties": {"habitat": "Hellenic Trench", "hours_fast": 46.0, "hours_total": 271.0, "pct_fast": 0.0, "mean_speed_kn": 13.77}, "geometry": {"type": "Polygon", "coordinates": [[[23.75, 35.05], [23.85, 35.05], [23.85, 35.15], [23.75, 35.15], [23.75, 35.05]]]}}, {"type": "Feature", "properties": {"habitat": "Hellenic Trench", "hours_fast": 29.0, "hours_total": 212.0, "pct_fast": 0.47, "mean_speed_kn": 13.56}, "geometry": {"type": "Polygon", "coordinates": [[[23.85, 35.05], [23.95, 35.05], [23.95, 35.15], [23.85, 35.15], [23.85, 35.05]]]}}, {"type": "Feature", "properties": {"habitat": "Hellenic Trench", "hours_fast": 22.0, "hours_total": 147.0, "pct_fast": 0.0, "mean_speed_kn": 13.62}, "geometry": {"type": "Polygon", "coordinates": [[[23.95, 35.05], [24.05, 35.05], [24.05, 35.15], [23.95, 35.15], [23.95, 35.05]]]}}, {"type": "Feature", "properties": {"habitat": "Hellenic Trench", "hours_fast": 22.0, "hours_total": 107.0, "pct_fast": 5.61, "mean_speed_kn": 14.46}, "geometry": {"type": "Polygon", "coordinates": [[[24.05, 35.05], [24.15, 35.05], [24.15, 35.15], [24.05, 35.15], [24.05, 35.05]]]}}, {"type": "Feature", "properties": {"habitat": "Hellenic Trench", "hours_fast": 4.0, "hours_total": 15.0, "pct_fast": 6.67, "mean_speed_kn": 15.0}, "geometry": {"type": "Polygon", "coordinates": [[[24.15, 35.05], [24.25, 35.05], [24.25, 35.15], [24.15, 35.15], [24.15, 35.05]]]}}, {"type": "Feature", "properties": {"habitat": "Hellenic Trench", "hours_fast": 1.0, "hours_total": 16.0, "pct_fast": 0.0, "mean_speed_kn": 12.97}, "geometry": {"type": "Polygon", "coordinates": [[[24.25, 35.05], [24.35, 35.05], [24.35, 35.15], [24.25, 35.15], [24.25, 35.05]]]}}, {"type": "Feature", "properties": {"habitat": "Hellenic Trench", "hours_fast": 1.0, "hours_total": 7.0, "pct_fast": 0.0, "mean_speed_kn": 13.57}, "geometry": {"type": "Polygon", "coordinates": [[[24.35, 35.05], [24.45, 35.05], [24.45, 35.15], [24.35, 35.15], [24.35, 35.05]]]}}, {"type": "Feature", "properties": {"habitat": "Hellenic Trench", "hours_fast": 1.0, "hours_total": 4.0, "pct_fast": 0.0, "mean_speed_kn": 14.38}, "geometry": {"type": "Polygon", "coordinates": [[[24.45, 35.05], [24.55, 35.05], [24.55, 35.15], [24.45, 35.15], [24.45, 35.05]]]}}, {"type": "Feature", "properties": {"habitat": "Hellenic Trench", "hours_fast": 4.0, "hours_total": 29.0, "pct_fast": 0.0, "mean_speed_kn": 13.53}, "geometry": {"type": "Polygon", "coordinates": [[[26.25, 35.05], [26.35, 35.05], [26.35, 35.15], [26.25, 35.15], [26.25, 35.05]]]}}, {"type": "Feature", "properties": {"habitat": "Hellenic Trench", "hours_fast": 1.0, "hours_total": 23.0, "pct_fast": 0.0, "mean_speed_kn": 12.83}, "geometry": {"type": "Polygon", "coordinates": [[[26.35, 35.05], [26.45, 35.05], [26.45, 35.15], [26.35, 35.15], [26.35, 35.05]]]}}, {"type": "Feature", "properties": {"habitat": "Hellenic Trench", "hours_fast": 3.0, "hours_total": 23.0, "pct_fast": 0.0, "mean_speed_kn": 13.48}, "geometry": {"type": "Polygon", "coordinates": [[[26.45, 35.05], [26.55, 35.05], [26.55, 35.15], [26.45, 35.15], [26.45, 35.05]]]}}, {"type": "Feature", "properties": {"habitat": "Hellenic Trench", "hours_fast": 12.0, "hours_total": 73.0, "pct_fast": 0.0, "mean_speed_kn": 13.73}, "geometry": {"type": "Polygon", "coordinates": [[[26.55, 35.05], [26.65, 35.05], [26.65, 35.15], [26.55, 35.15], [26.55, 35.05]]]}}, {"type": "Feature", "properties": {"habitat": "Hellenic Trench", "hours_fast": 12.0, "hours_total": 119.0, "pct_fast": 0.0, "mean_speed_kn": 13.26}, "geometry": {"type": "Polygon", "coordinates": [[[26.65, 35.05], [26.75, 35.05], [26.75, 35.15], [26.65, 35.15], [26.65, 35.05]]]}}, {"type": "Feature", "properties": {"habitat": "Hellenic Trench", "hours_fast": 28.0, "hours_total": 187.0, "pct_fast": 0.0, "mean_speed_kn": 13.62}, "geometry": {"type": "Polygon", "coordinates": [[[26.75, 35.05], [26.85, 35.05], [26.85, 35.15], [26.75, 35.15], [26.75, 35.05]]]}}, {"type": "Feature", "properties": {"habitat": "Hellenic Trench", "hours_fast": 25.0, "hours_total": 198.0, "pct_fast": 0.0, "mean_speed_kn": 13.45}, "geometry": {"type": "Polygon", "coordinates": [[[26.85, 35.05], [26.95, 35.05], [26.95, 35.15], [26.85, 35.15], [26.85, 35.05]]]}}, {"type": "Feature", "properties": {"habitat": "Hellenic Trench", "hours_fast": 33.0, "hours_total": 226.0, "pct_fast": 0.0, "mean_speed_kn": 13.6}, "geometry": {"type": "Polygon", "coordinates": [[[26.95, 35.05], [27.05, 35.05], [27.05, 35.15], [26.95, 35.15], [26.95, 35.05]]]}}, {"type": "Feature", "properties": {"habitat": "Hellenic Trench", "hours_fast": 40.0, "hours_total": 201.0, "pct_fast": 0.0, "mean_speed_kn": 13.99}, "geometry": {"type": "Polygon", "coordinates": [[[27.05, 35.05], [27.15, 35.05], [27.15, 35.15], [27.05, 35.15], [27.05, 35.05]]]}}, {"type": "Feature", "properties": {"habitat": "Hellenic Trench", "hours_fast": 41.0, "hours_total": 229.0, "pct_fast": 0.0, "mean_speed_kn": 13.84}, "geometry": {"type": "Polygon", "coordinates": [[[27.15, 35.05], [27.25, 35.05], [27.25, 35.15], [27.15, 35.15], [27.15, 35.05]]]}}, {"type": "Feature", "properties": {"habitat": "Hellenic Trench", "hours_fast": 33.0, "hours_total": 158.0, "pct_fast": 0.0, "mean_speed_kn": 14.07}, "geometry": {"type": "Polygon", "coordinates": [[[27.25, 35.05], [27.35, 35.05], [27.35, 35.15], [27.25, 35.15], [27.25, 35.05]]]}}, {"type": "Feature", "properties": {"habitat": "Hellenic Trench", "hours_fast": 17.0, "hours_total": 185.0, "pct_fast": 0.0, "mean_speed_kn": 13.19}, "geometry": {"type": "Polygon", "coordinates": [[[23.25, 35.15], [23.35, 35.15], [23.35, 35.25], [23.25, 35.25], [23.25, 35.15]]]}}, {"type": "Feature", "properties": {"habitat": "Hellenic Trench", "hours_fast": 25.0, "hours_total": 161.0, "pct_fast": 0.0, "mean_speed_kn": 13.66}, "geometry": {"type": "Polygon", "coordinates": [[[23.35, 35.15], [23.45, 35.15], [23.45, 35.25], [23.35, 35.25], [23.35, 35.15]]]}}, {"type": "Feature", "properties": {"habitat": "Hellenic Trench", "hours_fast": 32.0, "hours_total": 167.0, "pct_fast": 0.0, "mean_speed_kn": 13.94}, "geometry": {"type": "Polygon", "coordinates": [[[23.45, 35.15], [23.55, 35.15], [23.55, 35.25], [23.45, 35.25], [23.45, 35.15]]]}}, {"type": "Feature", "properties": {"habitat": "Hellenic Trench", "hours_fast": 33.0, "hours_total": 135.0, "pct_fast": 0.0, "mean_speed_kn": 14.33}, "geometry": {"type": "Polygon", "coordinates": [[[23.55, 35.15], [23.65, 35.15], [23.65, 35.25], [23.55, 35.25], [23.55, 35.15]]]}}, {"type": "Feature", "properties": {"habitat": "Hellenic Trench", "hours_fast": 2.0, "hours_total": 52.0, "pct_fast": 0.0, "mean_speed_kn": 12.79}, "geometry": {"type": "Polygon", "coordinates": [[[23.65, 35.15], [23.75, 35.15], [23.75, 35.25], [23.65, 35.25], [23.65, 35.15]]]}}, {"type": "Feature", "properties": {"habitat": "Hellenic Trench", "hours_fast": 2.0, "hours_total": 63.0, "pct_fast": 0.0, "mean_speed_kn": 12.74}, "geometry": {"type": "Polygon", "coordinates": [[[23.75, 35.15], [23.85, 35.15], [23.85, 35.25], [23.75, 35.25], [23.75, 35.15]]]}}, {"type": "Feature", "properties": {"habitat": "Hellenic Trench", "hours_fast": 0.0, "hours_total": 43.0, "pct_fast": 0.0, "mean_speed_kn": 12.5}, "geometry": {"type": "Polygon", "coordinates": [[[23.85, 35.15], [23.95, 35.15], [23.95, 35.25], [23.85, 35.25], [23.85, 35.15]]]}}, {"type": "Feature", "properties": {"habitat": "Hellenic Trench", "hours_fast": 2.0, "hours_total": 47.0, "pct_fast": 2.13, "mean_speed_kn": 12.98}, "geometry": {"type": "Polygon", "coordinates": [[[23.95, 35.15], [24.05, 35.15], [24.05, 35.25], [23.95, 35.25], [23.95, 35.15]]]}}, {"type": "Feature", "properties": {"habitat": "Hellenic Trench", "hours_fast": 0.0, "hours_total": 2.0, "pct_fast": 0.0, "mean_speed_kn": 12.5}, "geometry": {"type": "Polygon", "coordinates": [[[24.15, 35.15], [24.25, 35.15], [24.25, 35.25], [24.15, 35.25], [24.15, 35.15]]]}}, {"type": "Feature", "properties": {"habitat": "Hellenic Trench", "hours_fast": 24.0, "hours_total": 160.0, "pct_fast": 0.0, "mean_speed_kn": 13.62}, "geometry": {"type": "Polygon", "coordinates": [[[26.55, 35.15], [26.65, 35.15], [26.65, 35.25], [26.55, 35.25], [26.55, 35.15]]]}}, {"type": "Feature", "properties": {"habitat": "Hellenic Trench", "hours_fast": 48.0, "hours_total": 329.0, "pct_fast": 0.0, "mean_speed_kn": 13.59}, "geometry": {"type": "Polygon", "coordinates": [[[26.65, 35.15], [26.75, 35.15], [26.75, 35.25], [26.65, 35.25], [26.65, 35.15]]]}}, {"type": "Feature", "properties": {"habitat": "Hellenic Trench", "hours_fast": 60.0, "hours_total": 401.0, "pct_fast": 0.0, "mean_speed_kn": 13.62}, "geometry": {"type": "Polygon", "coordinates": [[[26.75, 35.15], [26.85, 35.15], [26.85, 35.25], [26.75, 35.25], [26.75, 35.15]]]}}, {"type": "Feature", "properties": {"habitat": "Hellenic Trench", "hours_fast": 65.0, "hours_total": 394.0, "pct_fast": 0.25, "mean_speed_kn": 13.76}, "geometry": {"type": "Polygon", "coordinates": [[[26.85, 35.15], [26.95, 35.15], [26.95, 35.25], [26.85, 35.25], [26.85, 35.15]]]}}, {"type": "Feature", "properties": {"habitat": "Hellenic Trench", "hours_fast": 52.0, "hours_total": 320.0, "pct_fast": 0.0, "mean_speed_kn": 13.72}, "geometry": {"type": "Polygon", "coordinates": [[[26.95, 35.15], [27.05, 35.15], [27.05, 35.25], [26.95, 35.25], [26.95, 35.15]]]}}, {"type": "Feature", "properties": {"habitat": "Hellenic Trench", "hours_fast": 35.0, "hours_total": 275.0, "pct_fast": 0.0, "mean_speed_kn": 13.45}, "geometry": {"type": "Polygon", "coordinates": [[[27.05, 35.15], [27.15, 35.15], [27.15, 35.25], [27.05, 35.25], [27.05, 35.15]]]}}, {"type": "Feature", "properties": {"habitat": "Hellenic Trench", "hours_fast": 24.0, "hours_total": 212.0, "pct_fast": 0.0, "mean_speed_kn": 13.35}, "geometry": {"type": "Polygon", "coordinates": [[[27.15, 35.15], [27.25, 35.15], [27.25, 35.25], [27.15, 35.25], [27.15, 35.15]]]}}, {"type": "Feature", "properties": {"habitat": "Hellenic Trench", "hours_fast": 22.0, "hours_total": 190.0, "pct_fast": 0.0, "mean_speed_kn": 13.37}, "geometry": {"type": "Polygon", "coordinates": [[[27.25, 35.15], [27.35, 35.15], [27.35, 35.25], [27.25, 35.25], [27.25, 35.15]]]}}, {"type": "Feature", "properties": {"habitat": "Hellenic Trench", "hours_fast": 30.0, "hours_total": 194.0, "pct_fast": 0.0, "mean_speed_kn": 13.66}, "geometry": {"type": "Polygon", "coordinates": [[[23.05, 35.25], [23.15, 35.25], [23.15, 35.35], [23.05, 35.35], [23.05, 35.25]]]}}, {"type": "Feature", "properties": {"habitat": "Hellenic Trench", "hours_fast": 15.0, "hours_total": 157.0, "pct_fast": 0.0, "mean_speed_kn": 13.22}, "geometry": {"type": "Polygon", "coordinates": [[[23.15, 35.25], [23.25, 35.25], [23.25, 35.35], [23.15, 35.35], [23.15, 35.25]]]}}, {"type": "Feature", "properties": {"habitat": "Hellenic Trench", "hours_fast": 14.0, "hours_total": 162.0, "pct_fast": 0.0, "mean_speed_kn": 13.15}, "geometry": {"type": "Polygon", "coordinates": [[[23.25, 35.25], [23.35, 35.25], [23.35, 35.35], [23.25, 35.35], [23.25, 35.25]]]}}, {"type": "Feature", "properties": {"habitat": "Hellenic Trench", "hours_fast": 9.0, "hours_total": 78.0, "pct_fast": 0.0, "mean_speed_kn": 13.37}, "geometry": {"type": "Polygon", "coordinates": [[[23.35, 35.25], [23.45, 35.25], [23.45, 35.35], [23.35, 35.35], [23.35, 35.25]]]}}, {"type": "Feature", "properties": {"habitat": "Hellenic Trench", "hours_fast": 3.0, "hours_total": 19.0, "pct_fast": 0.0, "mean_speed_kn": 13.68}, "geometry": {"type": "Polygon", "coordinates": [[[23.45, 35.25], [23.55, 35.25], [23.55, 35.35], [23.45, 35.35], [23.45, 35.25]]]}}, {"type": "Feature", "properties": {"habitat": "Hellenic Trench", "hours_fast": 46.0, "hours_total": 313.0, "pct_fast": 0.32, "mean_speed_kn": 13.63}, "geometry": {"type": "Polygon", "coordinates": [[[26.75, 35.25], [26.85, 35.25], [26.85, 35.35], [26.75, 35.35], [26.75, 35.25]]]}}, {"type": "Feature", "properties": {"habitat": "Hellenic Trench", "hours_fast": 32.0, "hours_total": 166.0, "pct_fast": 0.0, "mean_speed_kn": 13.95}, "geometry": {"type": "Polygon", "coordinates": [[[26.85, 35.25], [26.95, 35.25], [26.95, 35.35], [26.85, 35.35], [26.85, 35.25]]]}}, {"type": "Feature", "properties": {"habitat": "Hellenic Trench", "hours_fast": 20.0, "hours_total": 147.0, "pct_fast": 0.0, "mean_speed_kn": 13.52}, "geometry": {"type": "Polygon", "coordinates": [[[26.95, 35.25], [27.05, 35.25], [27.05, 35.35], [26.95, 35.35], [26.95, 35.25]]]}}, {"type": "Feature", "properties": {"habitat": "Hellenic Trench", "hours_fast": 30.0, "hours_total": 132.0, "pct_fast": 0.0, "mean_speed_kn": 14.2}, "geometry": {"type": "Polygon", "coordinates": [[[27.05, 35.25], [27.15, 35.25], [27.15, 35.35], [27.05, 35.35], [27.05, 35.25]]]}}, {"type": "Feature", "properties": {"habitat": "Hellenic Trench", "hours_fast": 24.0, "hours_total": 133.0, "pct_fast": 0.0, "mean_speed_kn": 13.85}, "geometry": {"type": "Polygon", "coordinates": [[[27.15, 35.25], [27.25, 35.25], [27.25, 35.35], [27.15, 35.35], [27.15, 35.25]]]}}, {"type": "Feature", "properties": {"habitat": "Hellenic Trench", "hours_fast": 22.0, "hours_total": 145.0, "pct_fast": 0.0, "mean_speed_kn": 13.64}, "geometry": {"type": "Polygon", "coordinates": [[[27.25, 35.25], [27.35, 35.25], [27.35, 35.35], [27.25, 35.35], [27.25, 35.25]]]}}, {"type": "Feature", "properties": {"habitat": "Hellenic Trench", "hours_fast": 16.0, "hours_total": 154.0, "pct_fast": 0.0, "mean_speed_kn": 13.28}, "geometry": {"type": "Polygon", "coordinates": [[[27.35, 35.25], [27.45, 35.25], [27.45, 35.35], [27.35, 35.35], [27.35, 35.25]]]}}, {"type": "Feature", "properties": {"habitat": "Hellenic Trench", "hours_fast": 16.0, "hours_total": 112.0, "pct_fast": 0.0, "mean_speed_kn": 13.57}, "geometry": {"type": "Polygon", "coordinates": [[[27.45, 35.25], [27.55, 35.25], [27.55, 35.35], [27.45, 35.35], [27.45, 35.25]]]}}, {"type": "Feature", "properties": {"habitat": "Hellenic Trench", "hours_fast": 15.0, "hours_total": 132.0, "pct_fast": 0.0, "mean_speed_kn": 13.35}, "geometry": {"type": "Polygon", "coordinates": [[[22.95, 35.35], [23.05, 35.35], [23.05, 35.45], [22.95, 35.45], [22.95, 35.35]]]}}, {"type": "Feature", "properties": {"habitat": "Hellenic Trench", "hours_fast": 19.0, "hours_total": 129.0, "pct_fast": 0.0, "mean_speed_kn": 13.6}, "geometry": {"type": "Polygon", "coordinates": [[[23.05, 35.35], [23.15, 35.35], [23.15, 35.45], [23.05, 35.45], [23.05, 35.35]]]}}, {"type": "Feature", "properties": {"habitat": "Hellenic Trench", "hours_fast": 19.0, "hours_total": 131.0, "pct_fast": 0.0, "mean_speed_kn": 13.59}, "geometry": {"type": "Polygon", "coordinates": [[[23.15, 35.35], [23.25, 35.35], [23.25, 35.45], [23.15, 35.45], [23.15, 35.35]]]}}, {"type": "Feature", "properties": {"habitat": "Hellenic Trench", "hours_fast": 20.0, "hours_total": 105.0, "pct_fast": 0.0, "mean_speed_kn": 13.93}, "geometry": {"type": "Polygon", "coordinates": [[[23.25, 35.35], [23.35, 35.35], [23.35, 35.45], [23.25, 35.45], [23.25, 35.35]]]}}, {"type": "Feature", "properties": {"habitat": "Hellenic Trench", "hours_fast": 0.0, "hours_total": 39.0, "pct_fast": 0.0, "mean_speed_kn": 12.5}, "geometry": {"type": "Polygon", "coordinates": [[[23.35, 35.35], [23.45, 35.35], [23.45, 35.45], [23.35, 35.45], [23.35, 35.35]]]}}, {"type": "Feature", "properties": {"habitat": "Hellenic Trench", "hours_fast": 4.0, "hours_total": 24.0, "pct_fast": 0.0, "mean_speed_kn": 13.75}, "geometry": {"type": "Polygon", "coordinates": [[[23.45, 35.35], [23.55, 35.35], [23.55, 35.45], [23.45, 35.45], [23.45, 35.35]]]}}, {"type": "Feature", "properties": {"habitat": "Hellenic Trench", "hours_fast": 21.0, "hours_total": 42.0, "pct_fast": 0.0, "mean_speed_kn": 16.25}, "geometry": {"type": "Polygon", "coordinates": [[[26.95, 35.35], [27.05, 35.35], [27.05, 35.45], [26.95, 35.45], [26.95, 35.35]]]}}, {"type": "Feature", "properties": {"habitat": "Hellenic Trench", "hours_fast": 43.0, "hours_total": 71.0, "pct_fast": 0.0, "mean_speed_kn": 17.04}, "geometry": {"type": "Polygon", "coordinates": [[[27.05, 35.35], [27.15, 35.35], [27.15, 35.45], [27.05, 35.45], [27.05, 35.35]]]}}, {"type": "Feature", "properties": {"habitat": "Hellenic Trench", "hours_fast": 40.0, "hours_total": 71.0, "pct_fast": 0.0, "mean_speed_kn": 16.73}, "geometry": {"type": "Polygon", "coordinates": [[[27.15, 35.35], [27.25, 35.35], [27.25, 35.45], [27.15, 35.45], [27.15, 35.35]]]}}, {"type": "Feature", "properties": {"habitat": "Hellenic Trench", "hours_fast": 1.0, "hours_total": 19.0, "pct_fast": 0.0, "mean_speed_kn": 12.89}, "geometry": {"type": "Polygon", "coordinates": [[[27.25, 35.35], [27.35, 35.35], [27.35, 35.45], [27.25, 35.45], [27.25, 35.35]]]}}, {"type": "Feature", "properties": {"habitat": "Hellenic Trench", "hours_fast": 2.0, "hours_total": 28.0, "pct_fast": 0.0, "mean_speed_kn": 13.04}, "geometry": {"type": "Polygon", "coordinates": [[[27.35, 35.35], [27.45, 35.35], [27.45, 35.45], [27.35, 35.45], [27.35, 35.35]]]}}, {"type": "Feature", "properties": {"habitat": "Hellenic Trench", "hours_fast": 0.0, "hours_total": 32.0, "pct_fast": 0.0, "mean_speed_kn": 12.5}, "geometry": {"type": "Polygon", "coordinates": [[[27.45, 35.35], [27.55, 35.35], [27.55, 35.45], [27.45, 35.45], [27.45, 35.35]]]}}, {"type": "Feature", "properties": {"habitat": "Hellenic Trench", "hours_fast": 32.0, "hours_total": 333.0, "pct_fast": 0.0, "mean_speed_kn": 13.22}, "geometry": {"type": "Polygon", "coordinates": [[[27.55, 35.35], [27.65, 35.35], [27.65, 35.45], [27.55, 35.45], [27.55, 35.35]]]}}, {"type": "Feature", "properties": {"habitat": "Hellenic Trench", "hours_fast": 12.0, "hours_total": 105.0, "pct_fast": 0.0, "mean_speed_kn": 13.36}, "geometry": {"type": "Polygon", "coordinates": [[[22.85, 35.45], [22.95, 35.45], [22.95, 35.55], [22.85, 35.55], [22.85, 35.45]]]}}, {"type": "Feature", "properties": {"habitat": "Hellenic Trench", "hours_fast": 17.0, "hours_total": 125.0, "pct_fast": 0.0, "mean_speed_kn": 13.52}, "geometry": {"type": "Polygon", "coordinates": [[[22.95, 35.45], [23.05, 35.45], [23.05, 35.55], [22.95, 35.55], [22.95, 35.45]]]}}, {"type": "Feature", "properties": {"habitat": "Hellenic Trench", "hours_fast": 15.0, "hours_total": 127.0, "pct_fast": 0.0, "mean_speed_kn": 13.39}, "geometry": {"type": "Polygon", "coordinates": [[[23.05, 35.45], [23.15, 35.45], [23.15, 35.55], [23.05, 35.55], [23.05, 35.45]]]}}, {"type": "Feature", "properties": {"habitat": "Hellenic Trench", "hours_fast": 9.0, "hours_total": 62.0, "pct_fast": 0.0, "mean_speed_kn": 13.59}, "geometry": {"type": "Polygon", "coordinates": [[[23.15, 35.45], [23.25, 35.45], [23.25, 35.55], [23.15, 35.55], [23.15, 35.45]]]}}, {"type": "Feature", "properties": {"habitat": "Hellenic Trench", "hours_fast": 4.0, "hours_total": 33.0, "pct_fast": 0.0, "mean_speed_kn": 13.41}, "geometry": {"type": "Polygon", "coordinates": [[[23.25, 35.45], [23.35, 35.45], [23.35, 35.55], [23.25, 35.55], [23.25, 35.45]]]}}, {"type": "Feature", "properties": {"habitat": "Hellenic Trench", "hours_fast": 2.0, "hours_total": 60.0, "pct_fast": 0.0, "mean_speed_kn": 12.75}, "geometry": {"type": "Polygon", "coordinates": [[[23.35, 35.45], [23.45, 35.45], [23.45, 35.55], [23.35, 35.55], [23.35, 35.45]]]}}, {"type": "Feature", "properties": {"habitat": "Hellenic Trench", "hours_fast": 3.0, "hours_total": 11.0, "pct_fast": 0.0, "mean_speed_kn": 14.55}, "geometry": {"type": "Polygon", "coordinates": [[[23.45, 35.45], [23.55, 35.45], [23.55, 35.55], [23.45, 35.55], [23.45, 35.45]]]}}, {"type": "Feature", "properties": {"habitat": "Hellenic Trench", "hours_fast": 13.0, "hours_total": 45.0, "pct_fast": 0.0, "mean_speed_kn": 14.67}, "geometry": {"type": "Polygon", "coordinates": [[[27.25, 35.45], [27.35, 35.45], [27.35, 35.55], [27.25, 35.55], [27.25, 35.45]]]}}, {"type": "Feature", "properties": {"habitat": "Hellenic Trench", "hours_fast": 1.0, "hours_total": 23.0, "pct_fast": 0.0, "mean_speed_kn": 12.83}, "geometry": {"type": "Polygon", "coordinates": [[[27.35, 35.45], [27.45, 35.45], [27.45, 35.55], [27.35, 35.55], [27.35, 35.45]]]}}, {"type": "Feature", "properties": {"habitat": "Hellenic Trench", "hours_fast": 10.0, "hours_total": 116.0, "pct_fast": 0.0, "mean_speed_kn": 13.15}, "geometry": {"type": "Polygon", "coordinates": [[[27.45, 35.45], [27.55, 35.45], [27.55, 35.55], [27.45, 35.55], [27.45, 35.45]]]}}, {"type": "Feature", "properties": {"habitat": "Hellenic Trench", "hours_fast": 29.0, "hours_total": 511.0, "pct_fast": 0.0, "mean_speed_kn": 12.93}, "geometry": {"type": "Polygon", "coordinates": [[[27.55, 35.45], [27.65, 35.45], [27.65, 35.55], [27.55, 35.55], [27.55, 35.45]]]}}, {"type": "Feature", "properties": {"habitat": "Hellenic Trench", "hours_fast": 17.0, "hours_total": 265.0, "pct_fast": 0.0, "mean_speed_kn": 12.98}, "geometry": {"type": "Polygon", "coordinates": [[[27.65, 35.45], [27.75, 35.45], [27.75, 35.55], [27.65, 35.55], [27.65, 35.45]]]}}, {"type": "Feature", "properties": {"habitat": "Hellenic Trench", "hours_fast": 66.0, "hours_total": 999.0, "pct_fast": 0.0, "mean_speed_kn": 13.0}, "geometry": {"type": "Polygon", "coordinates": [[[27.75, 35.45], [27.85, 35.45], [27.85, 35.55], [27.75, 35.55], [27.75, 35.45]]]}}, {"type": "Feature", "properties": {"habitat": "Hellenic Trench", "hours_fast": 51.0, "hours_total": 902.0, "pct_fast": 0.0, "mean_speed_kn": 12.92}, "geometry": {"type": "Polygon", "coordinates": [[[27.85, 35.45], [27.95, 35.45], [27.95, 35.55], [27.85, 35.55], [27.85, 35.45]]]}}, {"type": "Feature", "properties": {"habitat": "Hellenic Trench", "hours_fast": 18.0, "hours_total": 176.0, "pct_fast": 0.0, "mean_speed_kn": 13.27}, "geometry": {"type": "Polygon", "coordinates": [[[22.65, 35.55], [22.75, 35.55], [22.75, 35.65], [22.65, 35.65], [22.65, 35.55]]]}}, {"type": "Feature", "properties": {"habitat": "Hellenic Trench", "hours_fast": 13.0, "hours_total": 165.0, "pct_fast": 0.0, "mean_speed_kn": 13.09}, "geometry": {"type": "Polygon", "coordinates": [[[22.75, 35.55], [22.85, 35.55], [22.85, 35.65], [22.75, 35.65], [22.75, 35.55]]]}}, {"type": "Feature", "properties": {"habitat": "Hellenic Trench", "hours_fast": 16.0, "hours_total": 175.0, "pct_fast": 0.0, "mean_speed_kn": 13.19}, "geometry": {"type": "Polygon", "coordinates": [[[22.85, 35.55], [22.95, 35.55], [22.95, 35.65], [22.85, 35.65], [22.85, 35.55]]]}}, {"type": "Feature", "properties": {"habitat": "Hellenic Trench", "hours_fast": 24.0, "hours_total": 134.0, "pct_fast": 0.0, "mean_speed_kn": 13.84}, "geometry": {"type": "Polygon", "coordinates": [[[22.95, 35.55], [23.05, 35.55], [23.05, 35.65], [22.95, 35.65], [22.95, 35.55]]]}}, {"type": "Feature", "properties": {"habitat": "Hellenic Trench", "hours_fast": 11.0, "hours_total": 56.0, "pct_fast": 0.0, "mean_speed_kn": 13.97}, "geometry": {"type": "Polygon", "coordinates": [[[23.05, 35.55], [23.15, 35.55], [23.15, 35.65], [23.05, 35.65], [23.05, 35.55]]]}}, {"type": "Feature", "properties": {"habitat": "Hellenic Trench", "hours_fast": 1.0, "hours_total": 49.0, "pct_fast": 0.0, "mean_speed_kn": 12.65}, "geometry": {"type": "Polygon", "coordinates": [[[23.15, 35.55], [23.25, 35.55], [23.25, 35.65], [23.15, 35.65], [23.15, 35.55]]]}}, {"type": "Feature", "properties": {"habitat": "Hellenic Trench", "hours_fast": 4.0, "hours_total": 71.0, "pct_fast": 0.0, "mean_speed_kn": 12.92}, "geometry": {"type": "Polygon", "coordinates": [[[23.25, 35.55], [23.35, 35.55], [23.35, 35.65], [23.25, 35.65], [23.25, 35.55]]]}}, {"type": "Feature", "properties": {"habitat": "Hellenic Trench", "hours_fast": 7.0, "hours_total": 81.0, "pct_fast": 2.47, "mean_speed_kn": 13.33}, "geometry": {"type": "Polygon", "coordinates": [[[23.35, 35.55], [23.45, 35.55], [23.45, 35.65], [23.35, 35.65], [23.35, 35.55]]]}}, {"type": "Feature", "properties": {"habitat": "Hellenic Trench", "hours_fast": 2.0, "hours_total": 19.0, "pct_fast": 0.0, "mean_speed_kn": 13.29}, "geometry": {"type": "Polygon", "coordinates": [[[23.45, 35.55], [23.55, 35.55], [23.55, 35.65], [23.45, 35.65], [23.45, 35.55]]]}}, {"type": "Feature", "properties": {"habitat": "Hellenic Trench", "hours_fast": 14.0, "hours_total": 49.0, "pct_fast": 0.0, "mean_speed_kn": 14.64}, "geometry": {"type": "Polygon", "coordinates": [[[27.35, 35.55], [27.45, 35.55], [27.45, 35.65], [27.35, 35.65], [27.35, 35.55]]]}}, {"type": "Feature", "properties": {"habitat": "Hellenic Trench", "hours_fast": 43.0, "hours_total": 356.0, "pct_fast": 0.0, "mean_speed_kn": 13.41}, "geometry": {"type": "Polygon", "coordinates": [[[27.45, 35.55], [27.55, 35.55], [27.55, 35.65], [27.45, 35.65], [27.45, 35.55]]]}}, {"type": "Feature", "properties": {"habitat": "Hellenic Trench", "hours_fast": 17.0, "hours_total": 349.0, "pct_fast": 0.0, "mean_speed_kn": 12.87}, "geometry": {"type": "Polygon", "coordinates": [[[27.55, 35.55], [27.65, 35.55], [27.65, 35.65], [27.55, 35.65], [27.55, 35.55]]]}}, {"type": "Feature", "properties": {"habitat": "Hellenic Trench", "hours_fast": 80.0, "hours_total": 1255.0, "pct_fast": 0.0, "mean_speed_kn": 12.98}, "geometry": {"type": "Polygon", "coordinates": [[[27.65, 35.55], [27.75, 35.55], [27.75, 35.65], [27.65, 35.65], [27.65, 35.55]]]}}, {"type": "Feature", "properties": {"habitat": "Hellenic Trench", "hours_fast": 56.0, "hours_total": 936.0, "pct_fast": 0.0, "mean_speed_kn": 12.95}, "geometry": {"type": "Polygon", "coordinates": [[[27.75, 35.55], [27.85, 35.55], [27.85, 35.65], [27.75, 35.65], [27.75, 35.55]]]}}, {"type": "Feature", "properties": {"habitat": "Hellenic Trench", "hours_fast": 43.0, "hours_total": 555.0, "pct_fast": 0.0, "mean_speed_kn": 13.08}, "geometry": {"type": "Polygon", "coordinates": [[[27.85, 35.55], [27.95, 35.55], [27.95, 35.65], [27.85, 35.65], [27.85, 35.55]]]}}, {"type": "Feature", "properties": {"habitat": "Hellenic Trench", "hours_fast": 34.0, "hours_total": 334.0, "pct_fast": 0.0, "mean_speed_kn": 13.26}, "geometry": {"type": "Polygon", "coordinates": [[[27.95, 35.55], [28.05, 35.55], [28.05, 35.65], [27.95, 35.65], [27.95, 35.55]]]}}, {"type": "Feature", "properties": {"habitat": "Hellenic Trench", "hours_fast": 13.0, "hours_total": 192.0, "pct_fast": 0.0, "mean_speed_kn": 13.01}, "geometry": {"type": "Polygon", "coordinates": [[[22.55, 35.65], [22.65, 35.65], [22.65, 35.75], [22.55, 35.75], [22.55, 35.65]]]}}, {"type": "Feature", "properties": {"habitat": "Hellenic Trench", "hours_fast": 21.0, "hours_total": 198.0, "pct_fast": 0.0, "mean_speed_kn": 13.3}, "geometry": {"type": "Polygon", "coordinates": [[[22.65, 35.65], [22.75, 35.65], [22.75, 35.75], [22.65, 35.75], [22.65, 35.65]]]}}, {"type": "Feature", "properties": {"habitat": "Hellenic Trench", "hours_fast": 19.0, "hours_total": 281.0, "pct_fast": 0.0, "mean_speed_kn": 13.01}, "geometry": {"type": "Polygon", "coordinates": [[[22.75, 35.65], [22.85, 35.65], [22.85, 35.75], [22.75, 35.75], [22.75, 35.65]]]}}, {"type": "Feature", "properties": {"habitat": "Hellenic Trench", "hours_fast": 23.0, "hours_total": 184.0, "pct_fast": 0.0, "mean_speed_kn": 13.44}, "geometry": {"type": "Polygon", "coordinates": [[[22.85, 35.65], [22.95, 35.65], [22.95, 35.75], [22.85, 35.75], [22.85, 35.65]]]}}, {"type": "Feature", "properties": {"habitat": "Hellenic Trench", "hours_fast": 13.0, "hours_total": 109.0, "pct_fast": 1.83, "mean_speed_kn": 13.53}, "geometry": {"type": "Polygon", "coordinates": [[[22.95, 35.65], [23.05, 35.65], [23.05, 35.75], [22.95, 35.75], [22.95, 35.65]]]}}, {"type": "Feature", "properties": {"habitat": "Hellenic Trench", "hours_fast": 16.0, "hours_total": 131.0, "pct_fast": 0.0, "mean_speed_kn": 13.42}, "geometry": {"type": "Polygon", "coordinates": [[[23.05, 35.65], [23.15, 35.65], [23.15, 35.75], [23.05, 35.75], [23.05, 35.65]]]}}, {"type": "Feature", "properties": {"habitat": "Hellenic Trench", "hours_fast": 9.0, "hours_total": 129.0, "pct_fast": 0.0, "mean_speed_kn": 13.02}, "geometry": {"type": "Polygon", "coordinates": [[[23.15, 35.65], [23.25, 35.65], [23.25, 35.75], [23.15, 35.75], [23.15, 35.65]]]}}, {"type": "Feature", "properties": {"habitat": "Hellenic Trench", "hours_fast": 29.0, "hours_total": 209.0, "pct_fast": 0.0, "mean_speed_kn": 13.54}, "geometry": {"type": "Polygon", "coordinates": [[[23.25, 35.65], [23.35, 35.65], [23.35, 35.75], [23.25, 35.75], [23.25, 35.65]]]}}, {"type": "Feature", "properties": {"habitat": "Hellenic Trench", "hours_fast": 32.0, "hours_total": 246.0, "pct_fast": 0.0, "mean_speed_kn": 13.48}, "geometry": {"type": "Polygon", "coordinates": [[[23.35, 35.65], [23.45, 35.65], [23.45, 35.75], [23.35, 35.75], [23.35, 35.65]]]}}, {"type": "Feature", "properties": {"habitat": "Hellenic Trench", "hours_fast": 43.0, "hours_total": 159.0, "pct_fast": 0.0, "mean_speed_kn": 14.53}, "geometry": {"type": "Polygon", "coordinates": [[[23.45, 35.65], [23.55, 35.65], [23.55, 35.75], [23.45, 35.75], [23.45, 35.65]]]}}, {"type": "Feature", "properties": {"habitat": "Hellenic Trench", "hours_fast": 93.0, "hours_total": 1483.0, "pct_fast": 0.0, "mean_speed_kn": 12.97}, "geometry": {"type": "Polygon", "coordinates": [[[27.55, 35.65], [27.65, 35.65], [27.65, 35.75], [27.55, 35.75], [27.55, 35.65]]]}}, {"type": "Feature", "properties": {"habitat": "Hellenic Trench", "hours_fast": 83.0, "hours_total": 1232.0, "pct_fast": 0.0, "mean_speed_kn": 13.01}, "geometry": {"type": "Polygon", "coordinates": [[[27.65, 35.65], [27.75, 35.65], [27.75, 35.75], [27.65, 35.75], [27.65, 35.65]]]}}, {"type": "Feature", "properties": {"habitat": "Hellenic Trench", "hours_fast": 83.0, "hours_total": 1080.0, "pct_fast": 0.0, "mean_speed_kn": 13.08}, "geometry": {"type": "Polygon", "coordinates": [[[27.75, 35.65], [27.85, 35.65], [27.85, 35.75], [27.75, 35.75], [27.75, 35.65]]]}}, {"type": "Feature", "properties": {"habitat": "Hellenic Trench", "hours_fast": 85.0, "hours_total": 895.0, "pct_fast": 0.0, "mean_speed_kn": 13.21}, "geometry": {"type": "Polygon", "coordinates": [[[27.85, 35.65], [27.95, 35.65], [27.95, 35.75], [27.85, 35.75], [27.85, 35.65]]]}}, {"type": "Feature", "properties": {"habitat": "Hellenic Trench", "hours_fast": 67.0, "hours_total": 796.0, "pct_fast": 0.0, "mean_speed_kn": 13.13}, "geometry": {"type": "Polygon", "coordinates": [[[27.95, 35.65], [28.05, 35.65], [28.05, 35.75], [27.95, 35.75], [27.95, 35.65]]]}}, {"type": "Feature", "properties": {"habitat": "Hellenic Trench", "hours_fast": 42.0, "hours_total": 640.0, "pct_fast": 0.0, "mean_speed_kn": 12.99}, "geometry": {"type": "Polygon", "coordinates": [[[28.05, 35.65], [28.15, 35.65], [28.15, 35.75], [28.05, 35.75], [28.05, 35.65]]]}}, {"type": "Feature", "properties": {"habitat": "Hellenic Trench", "hours_fast": 31.0, "hours_total": 316.0, "pct_fast": 0.0, "mean_speed_kn": 13.24}, "geometry": {"type": "Polygon", "coordinates": [[[22.45, 35.75], [22.55, 35.75], [22.55, 35.85], [22.45, 35.85], [22.45, 35.75]]]}}, {"type": "Feature", "properties": {"habitat": "Hellenic Trench", "hours_fast": 31.0, "hours_total": 404.0, "pct_fast": 0.0, "mean_speed_kn": 13.08}, "geometry": {"type": "Polygon", "coordinates": [[[22.55, 35.75], [22.65, 35.75], [22.65, 35.85], [22.55, 35.85], [22.55, 35.75]]]}}, {"type": "Feature", "properties": {"habitat": "Hellenic Trench", "hours_fast": 39.0, "hours_total": 369.0, "pct_fast": 0.0, "mean_speed_kn": 13.29}, "geometry": {"type": "Polygon", "coordinates": [[[22.65, 35.75], [22.75, 35.75], [22.75, 35.85], [22.65, 35.85], [22.65, 35.75]]]}}, {"type": "Feature", "properties": {"habitat": "Hellenic Trench", "hours_fast": 30.0, "hours_total": 247.0, "pct_fast": 0.0, "mean_speed_kn": 13.41}, "geometry": {"type": "Polygon", "coordinates": [[[22.75, 35.75], [22.85, 35.75], [22.85, 35.85], [22.75, 35.85], [22.75, 35.75]]]}}, {"type": "Feature", "properties": {"habitat": "Hellenic Trench", "hours_fast": 26.0, "hours_total": 239.0, "pct_fast": 0.84, "mean_speed_kn": 13.38}, "geometry": {"type": "Polygon", "coordinates": [[[22.85, 35.75], [22.95, 35.75], [22.95, 35.85], [22.85, 35.85], [22.85, 35.75]]]}}, {"type": "Feature", "properties": {"habitat": "Hellenic Trench", "hours_fast": 31.0, "hours_total": 226.0, "pct_fast": 0.0, "mean_speed_kn": 13.53}, "geometry": {"type": "Polygon", "coordinates": [[[22.95, 35.75], [23.05, 35.75], [23.05, 35.85], [22.95, 35.85], [22.95, 35.75]]]}}, {"type": "Feature", "properties": {"habitat": "Hellenic Trench", "hours_fast": 42.0, "hours_total": 233.0, "pct_fast": 0.0, "mean_speed_kn": 13.85}, "geometry": {"type": "Polygon", "coordinates": [[[23.05, 35.75], [23.15, 35.75], [23.15, 35.85], [23.05, 35.85], [23.05, 35.75]]]}}, {"type": "Feature", "properties": {"habitat": "Hellenic Trench", "hours_fast": 31.0, "hours_total": 171.0, "pct_fast": 0.0, "mean_speed_kn": 13.86}, "geometry": {"type": "Polygon", "coordinates": [[[23.15, 35.75], [23.25, 35.75], [23.25, 35.85], [23.15, 35.85], [23.15, 35.75]]]}}, {"type": "Feature", "properties": {"habitat": "Hellenic Trench", "hours_fast": 29.0, "hours_total": 201.0, "pct_fast": 0.0, "mean_speed_kn": 13.58}, "geometry": {"type": "Polygon", "coordinates": [[[23.25, 35.75], [23.35, 35.75], [23.35, 35.85], [23.25, 35.85], [23.25, 35.75]]]}}, {"type": "Feature", "properties": {"habitat": "Hellenic Trench", "hours_fast": 192.0, "hours_total": 1792.0, "pct_fast": 0.0, "mean_speed_kn": 13.3}, "geometry": {"type": "Polygon", "coordinates": [[[27.65, 35.75], [27.75, 35.75], [27.75, 35.85], [27.65, 35.85], [27.65, 35.75]]]}}, {"type": "Feature", "properties": {"habitat": "Hellenic Trench", "hours_fast": 135.0, "hours_total": 1134.0, "pct_fast": 0.0, "mean_speed_kn": 13.39}, "geometry": {"type": "Polygon", "coordinates": [[[27.75, 35.75], [27.85, 35.75], [27.85, 35.85], [27.75, 35.85], [27.75, 35.75]]]}}, {"type": "Feature", "properties": {"habitat": "Hellenic Trench", "hours_fast": 114.0, "hours_total": 919.0, "pct_fast": 0.0, "mean_speed_kn": 13.43}, "geometry": {"type": "Polygon", "coordinates": [[[27.85, 35.75], [27.95, 35.75], [27.95, 35.85], [27.85, 35.85], [27.85, 35.75]]]}}, {"type": "Feature", "properties": {"habitat": "Hellenic Trench", "hours_fast": 124.0, "hours_total": 957.0, "pct_fast": 0.0, "mean_speed_kn": 13.47}, "geometry": {"type": "Polygon", "coordinates": [[[27.95, 35.75], [28.05, 35.75], [28.05, 35.85], [27.95, 35.85], [27.95, 35.75]]]}}, {"type": "Feature", "properties": {"habitat": "Hellenic Trench", "hours_fast": 99.0, "hours_total": 841.0, "pct_fast": 0.0, "mean_speed_kn": 13.38}, "geometry": {"type": "Polygon", "coordinates": [[[28.05, 35.75], [28.15, 35.75], [28.15, 35.85], [28.05, 35.85], [28.05, 35.75]]]}}, {"type": "Feature", "properties": {"habitat": "Hellenic Trench", "hours_fast": 110.0, "hours_total": 828.0, "pct_fast": 0.0, "mean_speed_kn": 13.5}, "geometry": {"type": "Polygon", "coordinates": [[[28.15, 35.75], [28.25, 35.75], [28.25, 35.85], [28.15, 35.85], [28.15, 35.75]]]}}, {"type": "Feature", "properties": {"habitat": "Hellenic Trench", "hours_fast": 28.0, "hours_total": 260.0, "pct_fast": 0.0, "mean_speed_kn": 13.31}, "geometry": {"type": "Polygon", "coordinates": [[[22.25, 35.85], [22.35, 35.85], [22.35, 35.95], [22.25, 35.95], [22.25, 35.85]]]}}, {"type": "Feature", "properties": {"habitat": "Hellenic Trench", "hours_fast": 17.0, "hours_total": 217.0, "pct_fast": 0.0, "mean_speed_kn": 13.09}, "geometry": {"type": "Polygon", "coordinates": [[[22.35, 35.85], [22.45, 35.85], [22.45, 35.95], [22.35, 35.95], [22.35, 35.85]]]}}, {"type": "Feature", "properties": {"habitat": "Hellenic Trench", "hours_fast": 25.0, "hours_total": 277.0, "pct_fast": 0.0, "mean_speed_kn": 13.18}, "geometry": {"type": "Polygon", "coordinates": [[[22.45, 35.85], [22.55, 35.85], [22.55, 35.95], [22.45, 35.95], [22.45, 35.85]]]}}, {"type": "Feature", "properties": {"habitat": "Hellenic Trench", "hours_fast": 39.0, "hours_total": 309.0, "pct_fast": 0.32, "mean_speed_kn": 13.47}, "geometry": {"type": "Polygon", "coordinates": [[[22.55, 35.85], [22.65, 35.85], [22.65, 35.95], [22.55, 35.95], [22.55, 35.85]]]}}, {"type": "Feature", "properties": {"habitat": "Hellenic Trench", "hours_fast": 35.0, "hours_total": 336.0, "pct_fast": 0.3, "mean_speed_kn": 13.3}, "geometry": {"type": "Polygon", "coordinates": [[[22.65, 35.85], [22.75, 35.85], [22.75, 35.95], [22.65, 35.95], [22.65, 35.85]]]}}, {"type": "Feature", "properties": {"habitat": "Hellenic Trench", "hours_fast": 37.0, "hours_total": 360.0, "pct_fast": 0.0, "mean_speed_kn": 13.27}, "geometry": {"type": "Polygon", "coordinates": [[[22.75, 35.85], [22.85, 35.85], [22.85, 35.95], [22.75, 35.95], [22.75, 35.85]]]}}, {"type": "Feature", "properties": {"habitat": "Hellenic Trench", "hours_fast": 35.0, "hours_total": 329.0, "pct_fast": 0.0, "mean_speed_kn": 13.3}, "geometry": {"type": "Polygon", "coordinates": [[[22.85, 35.85], [22.95, 35.85], [22.95, 35.95], [22.85, 35.95], [22.85, 35.85]]]}}, {"type": "Feature", "properties": {"habitat": "Hellenic Trench", "hours_fast": 24.0, "hours_total": 274.0, "pct_fast": 0.0, "mean_speed_kn": 13.16}, "geometry": {"type": "Polygon", "coordinates": [[[22.95, 35.85], [23.05, 35.85], [23.05, 35.95], [22.95, 35.95], [22.95, 35.85]]]}}, {"type": "Feature", "properties": {"habitat": "Hellenic Trench", "hours_fast": 12.0, "hours_total": 92.0, "pct_fast": 0.0, "mean_speed_kn": 13.48}, "geometry": {"type": "Polygon", "coordinates": [[[23.05, 35.85], [23.15, 35.85], [23.15, 35.95], [23.05, 35.95], [23.05, 35.85]]]}}, {"type": "Feature", "properties": {"habitat": "Hellenic Trench", "hours_fast": 2.0, "hours_total": 11.0, "pct_fast": 0.0, "mean_speed_kn": 13.86}, "geometry": {"type": "Polygon", "coordinates": [[[23.15, 35.85], [23.25, 35.85], [23.25, 35.95], [23.15, 35.95], [23.15, 35.85]]]}}, {"type": "Feature", "properties": {"habitat": "Hellenic Trench", "hours_fast": 17.0, "hours_total": 41.0, "pct_fast": 0.0, "mean_speed_kn": 15.61}, "geometry": {"type": "Polygon", "coordinates": [[[27.85, 35.85], [27.95, 35.85], [27.95, 35.95], [27.85, 35.95], [27.85, 35.85]]]}}, {"type": "Feature", "properties": {"habitat": "Hellenic Trench", "hours_fast": 6.0, "hours_total": 23.0, "pct_fast": 0.0, "mean_speed_kn": 14.46}, "geometry": {"type": "Polygon", "coordinates": [[[27.95, 35.85], [28.05, 35.85], [28.05, 35.95], [27.95, 35.95], [27.95, 35.85]]]}}, {"type": "Feature", "properties": {"habitat": "Hellenic Trench", "hours_fast": 2.0, "hours_total": 24.0, "pct_fast": 0.0, "mean_speed_kn": 13.12}, "geometry": {"type": "Polygon", "coordinates": [[[28.05, 35.85], [28.15, 35.85], [28.15, 35.95], [28.05, 35.95], [28.05, 35.85]]]}}, {"type": "Feature", "properties": {"habitat": "Hellenic Trench", "hours_fast": 3.0, "hours_total": 28.0, "pct_fast": 0.0, "mean_speed_kn": 13.3}, "geometry": {"type": "Polygon", "coordinates": [[[28.15, 35.85], [28.25, 35.85], [28.25, 35.95], [28.15, 35.95], [28.15, 35.85]]]}}, {"type": "Feature", "properties": {"habitat": "Hellenic Trench", "hours_fast": 30.0, "hours_total": 213.0, "pct_fast": 0.0, "mean_speed_kn": 13.56}, "geometry": {"type": "Polygon", "coordinates": [[[29.35, 35.85], [29.45, 35.85], [29.45, 35.95], [29.35, 35.95], [29.35, 35.85]]]}}, {"type": "Feature", "properties": {"habitat": "Hellenic Trench", "hours_fast": 18.0, "hours_total": 296.0, "pct_fast": 0.0, "mean_speed_kn": 12.96}, "geometry": {"type": "Polygon", "coordinates": [[[29.45, 35.85], [29.55, 35.85], [29.55, 35.95], [29.45, 35.95], [29.45, 35.85]]]}}, {"type": "Feature", "properties": {"habitat": "Hellenic Trench", "hours_fast": 35.0, "hours_total": 391.0, "pct_fast": 0.26, "mean_speed_kn": 13.19}, "geometry": {"type": "Polygon", "coordinates": [[[29.55, 35.85], [29.65, 35.85], [29.65, 35.95], [29.55, 35.95], [29.55, 35.85]]]}}, {"type": "Feature", "properties": {"habitat": "Hellenic Trench", "hours_fast": 27.0, "hours_total": 366.0, "pct_fast": 0.27, "mean_speed_kn": 13.07}, "geometry": {"type": "Polygon", "coordinates": [[[29.65, 35.85], [29.75, 35.85], [29.75, 35.95], [29.65, 35.95], [29.65, 35.85]]]}}, {"type": "Feature", "properties": {"habitat": "Hellenic Trench", "hours_fast": 36.0, "hours_total": 279.0, "pct_fast": 0.0, "mean_speed_kn": 13.47}, "geometry": {"type": "Polygon", "coordinates": [[[29.75, 35.85], [29.85, 35.85], [29.85, 35.95], [29.75, 35.95], [29.75, 35.85]]]}}, {"type": "Feature", "properties": {"habitat": "Hellenic Trench", "hours_fast": 29.0, "hours_total": 214.0, "pct_fast": 0.0, "mean_speed_kn": 13.52}, "geometry": {"type": "Polygon", "coordinates": [[[30.05, 35.85], [30.15, 35.85], [30.15, 35.95], [30.05, 35.95], [30.05, 35.85]]]}}, {"type": "Feature", "properties": {"habitat": "Hellenic Trench", "hours_fast": 121.0, "hours_total": 1061.0, "pct_fast": 0.0, "mean_speed_kn": 13.36}, "geometry": {"type": "Polygon", "coordinates": [[[22.15, 35.95], [22.25, 35.95], [22.25, 36.05], [22.15, 36.05], [22.15, 35.95]]]}}, {"type": "Feature", "properties": {"habitat": "Hellenic Trench", "hours_fast": 135.0, "hours_total": 1088.0, "pct_fast": 0.0, "mean_speed_kn": 13.43}, "geometry": {"type": "Polygon", "coordinates": [[[22.25, 35.95], [22.35, 35.95], [22.35, 36.05], [22.25, 36.05], [22.25, 35.95]]]}}, {"type": "Feature", "properties": {"habitat": "Hellenic Trench", "hours_fast": 144.0, "hours_total": 1252.0, "pct_fast": 0.0, "mean_speed_kn": 13.36}, "geometry": {"type": "Polygon", "coordinates": [[[22.35, 35.95], [22.45, 35.95], [22.45, 36.05], [22.35, 36.05], [22.35, 35.95]]]}}, {"type": "Feature", "properties": {"habitat": "Hellenic Trench", "hours_fast": 136.0, "hours_total": 1234.0, "pct_fast": 0.0, "mean_speed_kn": 13.33}, "geometry": {"type": "Polygon", "coordinates": [[[22.45, 35.95], [22.55, 35.95], [22.55, 36.05], [22.45, 36.05], [22.45, 35.95]]]}}, {"type": "Feature", "properties": {"habitat": "Hellenic Trench", "hours_fast": 175.0, "hours_total": 1354.0, "pct_fast": 0.0, "mean_speed_kn": 13.47}, "geometry": {"type": "Polygon", "coordinates": [[[22.55, 35.95], [22.65, 35.95], [22.65, 36.05], [22.55, 36.05], [22.55, 35.95]]]}}, {"type": "Feature", "properties": {"habitat": "Hellenic Trench", "hours_fast": 175.0, "hours_total": 1572.0, "pct_fast": 0.0, "mean_speed_kn": 13.33}, "geometry": {"type": "Polygon", "coordinates": [[[22.65, 35.95], [22.75, 35.95], [22.75, 36.05], [22.65, 36.05], [22.65, 35.95]]]}}, {"type": "Feature", "properties": {"habitat": "Hellenic Trench", "hours_fast": 222.0, "hours_total": 1857.0, "pct_fast": 0.0, "mean_speed_kn": 13.4}, "geometry": {"type": "Polygon", "coordinates": [[[22.75, 35.95], [22.85, 35.95], [22.85, 36.05], [22.75, 36.05], [22.75, 35.95]]]}}, {"type": "Feature", "properties": {"habitat": "Hellenic Trench", "hours_fast": 173.0, "hours_total": 1590.0, "pct_fast": 0.0, "mean_speed_kn": 13.32}, "geometry": {"type": "Polygon", "coordinates": [[[22.85, 35.95], [22.95, 35.95], [22.95, 36.05], [22.85, 36.05], [22.85, 35.95]]]}}, {"type": "Feature", "properties": {"habitat": "Hellenic Trench", "hours_fast": 238.0, "hours_total": 2077.0, "pct_fast": 0.0, "mean_speed_kn": 13.36}, "geometry": {"type": "Polygon", "coordinates": [[[22.95, 35.95], [23.05, 35.95], [23.05, 36.05], [22.95, 36.05], [22.95, 35.95]]]}}, {"type": "Feature", "properties": {"habitat": "Hellenic Trench", "hours_fast": 198.0, "hours_total": 1857.0, "pct_fast": 0.05, "mean_speed_kn": 13.3}, "geometry": {"type": "Polygon", "coordinates": [[[23.05, 35.95], [23.15, 35.95], [23.15, 36.05], [23.05, 36.05], [23.05, 35.95]]]}}, {"type": "Feature", "properties": {"habitat": "Hellenic Trench", "hours_fast": 9.0, "hours_total": 42.0, "pct_fast": 2.38, "mean_speed_kn": 14.29}, "geometry": {"type": "Polygon", "coordinates": [[[27.95, 35.95], [28.05, 35.95], [28.05, 36.05], [27.95, 36.05], [27.95, 35.95]]]}}, {"type": "Feature", "properties": {"habitat": "Hellenic Trench", "hours_fast": 18.0, "hours_total": 40.0, "pct_fast": 0.0, "mean_speed_kn": 15.88}, "geometry": {"type": "Polygon", "coordinates": [[[28.05, 35.95], [28.15, 35.95], [28.15, 36.05], [28.05, 36.05], [28.05, 35.95]]]}}, {"type": "Feature", "properties": {"habitat": "Hellenic Trench", "hours_fast": 2.0, "hours_total": 11.0, "pct_fast": 9.09, "mean_speed_kn": 14.55}, "geometry": {"type": "Polygon", "coordinates": [[[28.15, 35.95], [28.25, 35.95], [28.25, 36.05], [28.15, 36.05], [28.15, 35.95]]]}}, {"type": "Feature", "properties": {"habitat": "Hellenic Trench", "hours_fast": 26.0, "hours_total": 171.0, "pct_fast": 0.0, "mean_speed_kn": 13.64}, "geometry": {"type": "Polygon", "coordinates": [[[29.15, 35.95], [29.25, 35.95], [29.25, 36.05], [29.15, 36.05], [29.15, 35.95]]]}}, {"type": "Feature", "properties": {"habitat": "Hellenic Trench", "hours_fast": 19.0, "hours_total": 255.0, "pct_fast": 0.39, "mean_speed_kn": 13.09}, "geometry": {"type": "Polygon", "coordinates": [[[29.25, 35.95], [29.35, 35.95], [29.35, 36.05], [29.25, 36.05], [29.25, 35.95]]]}}, {"type": "Feature", "properties": {"habitat": "Hellenic Trench", "hours_fast": 38.0, "hours_total": 396.0, "pct_fast": 0.0, "mean_speed_kn": 13.22}, "geometry": {"type": "Polygon", "coordinates": [[[29.35, 35.95], [29.45, 35.95], [29.45, 36.05], [29.35, 36.05], [29.35, 35.95]]]}}, {"type": "Feature", "properties": {"habitat": "Hellenic Trench", "hours_fast": 28.0, "hours_total": 445.0, "pct_fast": 0.22, "mean_speed_kn": 12.99}, "geometry": {"type": "Polygon", "coordinates": [[[29.45, 35.95], [29.55, 35.95], [29.55, 36.05], [29.45, 36.05], [29.45, 35.95]]]}}, {"type": "Feature", "properties": {"habitat": "Hellenic Trench", "hours_fast": 40.0, "hours_total": 536.0, "pct_fast": 0.0, "mean_speed_kn": 13.06}, "geometry": {"type": "Polygon", "coordinates": [[[29.55, 35.95], [29.65, 35.95], [29.65, 36.05], [29.55, 36.05], [29.55, 35.95]]]}}, {"type": "Feature", "properties": {"habitat": "Hellenic Trench", "hours_fast": 32.0, "hours_total": 633.0, "pct_fast": 0.0, "mean_speed_kn": 12.88}, "geometry": {"type": "Polygon", "coordinates": [[[29.65, 35.95], [29.75, 35.95], [29.75, 36.05], [29.65, 36.05], [29.65, 35.95]]]}}, {"type": "Feature", "properties": {"habitat": "Hellenic Trench", "hours_fast": 31.0, "hours_total": 506.0, "pct_fast": 0.2, "mean_speed_kn": 12.97}, "geometry": {"type": "Polygon", "coordinates": [[[29.75, 35.95], [29.85, 35.95], [29.85, 36.05], [29.75, 36.05], [29.75, 35.95]]]}}, {"type": "Feature", "properties": {"habitat": "Hellenic Trench", "hours_fast": 27.0, "hours_total": 415.0, "pct_fast": 0.24, "mean_speed_kn": 13.01}, "geometry": {"type": "Polygon", "coordinates": [[[29.85, 35.95], [29.95, 35.95], [29.95, 36.05], [29.85, 36.05], [29.85, 35.95]]]}}, {"type": "Feature", "properties": {"habitat": "Hellenic Trench", "hours_fast": 28.0, "hours_total": 438.0, "pct_fast": 0.0, "mean_speed_kn": 12.98}, "geometry": {"type": "Polygon", "coordinates": [[[29.95, 35.95], [30.05, 35.95], [30.05, 36.05], [29.95, 36.05], [29.95, 35.95]]]}}, {"type": "Feature", "properties": {"habitat": "Hellenic Trench", "hours_fast": 28.0, "hours_total": 446.0, "pct_fast": 0.0, "mean_speed_kn": 12.97}, "geometry": {"type": "Polygon", "coordinates": [[[30.05, 35.95], [30.15, 35.95], [30.15, 36.05], [30.05, 36.05], [30.05, 35.95]]]}}, {"type": "Feature", "properties": {"habitat": "Hellenic Trench", "hours_fast": 14.0, "hours_total": 407.0, "pct_fast": 0.0, "mean_speed_kn": 12.76}, "geometry": {"type": "Polygon", "coordinates": [[[30.15, 35.95], [30.25, 35.95], [30.25, 36.05], [30.15, 36.05], [30.15, 35.95]]]}}, {"type": "Feature", "properties": {"habitat": "Hellenic Trench", "hours_fast": 18.0, "hours_total": 414.0, "pct_fast": 0.0, "mean_speed_kn": 12.83}, "geometry": {"type": "Polygon", "coordinates": [[[30.25, 35.95], [30.35, 35.95], [30.35, 36.05], [30.25, 36.05], [30.25, 35.95]]]}}, {"type": "Feature", "properties": {"habitat": "Hellenic Trench", "hours_fast": 11.0, "hours_total": 408.0, "pct_fast": 0.0, "mean_speed_kn": 12.7}, "geometry": {"type": "Polygon", "coordinates": [[[30.35, 35.95], [30.45, 35.95], [30.45, 36.05], [30.35, 36.05], [30.35, 35.95]]]}}, {"type": "Feature", "properties": {"habitat": "Hellenic Trench", "hours_fast": 103.0, "hours_total": 926.0, "pct_fast": 0.11, "mean_speed_kn": 13.34}, "geometry": {"type": "Polygon", "coordinates": [[[22.05, 36.05], [22.15, 36.05], [22.15, 36.15], [22.05, 36.15], [22.05, 36.05]]]}}, {"type": "Feature", "properties": {"habitat": "Hellenic Trench", "hours_fast": 104.0, "hours_total": 942.0, "pct_fast": 0.0, "mean_speed_kn": 13.33}, "geometry": {"type": "Polygon", "coordinates": [[[22.15, 36.05], [22.25, 36.05], [22.25, 36.15], [22.15, 36.15], [22.15, 36.05]]]}}, {"type": "Feature", "properties": {"habitat": "Hellenic Trench", "hours_fast": 111.0, "hours_total": 954.0, "pct_fast": 0.0, "mean_speed_kn": 13.37}, "geometry": {"type": "Polygon", "coordinates": [[[22.25, 36.05], [22.35, 36.05], [22.35, 36.15], [22.25, 36.15], [22.25, 36.05]]]}}, {"type": "Feature", "properties": {"habitat": "Hellenic Trench", "hours_fast": 133.0, "hours_total": 874.0, "pct_fast": 0.0, "mean_speed_kn": 13.64}, "geometry": {"type": "Polygon", "coordinates": [[[22.35, 36.05], [22.45, 36.05], [22.45, 36.15], [22.35, 36.15], [22.35, 36.05]]]}}, {"type": "Feature", "properties": {"habitat": "Hellenic Trench", "hours_fast": 140.0, "hours_total": 805.0, "pct_fast": 0.12, "mean_speed_kn": 13.81}, "geometry": {"type": "Polygon", "coordinates": [[[22.45, 36.05], [22.55, 36.05], [22.55, 36.15], [22.45, 36.15], [22.45, 36.05]]]}}, {"type": "Feature", "properties": {"habitat": "Hellenic Trench", "hours_fast": 143.0, "hours_total": 853.0, "pct_fast": 0.12, "mean_speed_kn": 13.77}, "geometry": {"type": "Polygon", "coordinates": [[[22.55, 36.05], [22.65, 36.05], [22.65, 36.15], [22.55, 36.15], [22.55, 36.05]]]}}, {"type": "Feature", "properties": {"habitat": "Hellenic Trench", "hours_fast": 139.0, "hours_total": 830.0, "pct_fast": 0.0, "mean_speed_kn": 13.76}, "geometry": {"type": "Polygon", "coordinates": [[[22.65, 36.05], [22.75, 36.05], [22.75, 36.15], [22.65, 36.15], [22.65, 36.05]]]}}, {"type": "Feature", "properties": {"habitat": "Hellenic Trench", "hours_fast": 131.0, "hours_total": 663.0, "pct_fast": 0.0, "mean_speed_kn": 13.98}, "geometry": {"type": "Polygon", "coordinates": [[[22.75, 36.05], [22.85, 36.05], [22.85, 36.15], [22.75, 36.15], [22.75, 36.05]]]}}, {"type": "Feature", "properties": {"habitat": "Hellenic Trench", "hours_fast": 99.0, "hours_total": 427.0, "pct_fast": 0.0, "mean_speed_kn": 14.24}, "geometry": {"type": "Polygon", "coordinates": [[[22.85, 36.05], [22.95, 36.05], [22.95, 36.15], [22.85, 36.15], [22.85, 36.05]]]}}, {"type": "Feature", "properties": {"habitat": "Hellenic Trench", "hours_fast": 95.0, "hours_total": 484.0, "pct_fast": 0.21, "mean_speed_kn": 13.99}, "geometry": {"type": "Polygon", "coordinates": [[[22.95, 36.05], [23.05, 36.05], [23.05, 36.15], [22.95, 36.15], [22.95, 36.05]]]}}, {"type": "Feature", "properties": {"habitat": "Hellenic Trench", "hours_fast": 68.0, "hours_total": 220.0, "pct_fast": 3.18, "mean_speed_kn": 15.06}, "geometry": {"type": "Polygon", "coordinates": [[[28.05, 36.05], [28.15, 36.05], [28.15, 36.15], [28.05, 36.15], [28.05, 36.05]]]}}, {"type": "Feature", "properties": {"habitat": "Hellenic Trench", "hours_fast": 11.0, "hours_total": 22.0, "pct_fast": 0.0, "mean_speed_kn": 16.25}, "geometry": {"type": "Polygon", "coordinates": [[[28.15, 36.05], [28.25, 36.05], [28.25, 36.15], [28.15, 36.15], [28.15, 36.05]]]}}, {"type": "Feature", "properties": {"habitat": "Hellenic Trench", "hours_fast": 1.0, "hours_total": 12.0, "pct_fast": 0.0, "mean_speed_kn": 13.12}, "geometry": {"type": "Polygon", "coordinates": [[[28.25, 36.05], [28.35, 36.05], [28.35, 36.15], [28.25, 36.15], [28.25, 36.05]]]}}, {"type": "Feature", "properties": {"habitat": "Hellenic Trench", "hours_fast": 41.0, "hours_total": 304.0, "pct_fast": 0.0, "mean_speed_kn": 13.51}, "geometry": {"type": "Polygon", "coordinates": [[[29.05, 36.05], [29.15, 36.05], [29.15, 36.15], [29.05, 36.15], [29.05, 36.05]]]}}, {"type": "Feature", "properties": {"habitat": "Hellenic Trench", "hours_fast": 28.0, "hours_total": 399.0, "pct_fast": 0.25, "mean_speed_kn": 13.05}, "geometry": {"type": "Polygon", "coordinates": [[[29.15, 36.05], [29.25, 36.05], [29.25, 36.15], [29.15, 36.15], [29.15, 36.05]]]}}, {"type": "Feature", "properties": {"habitat": "Hellenic Trench", "hours_fast": 41.0, "hours_total": 630.0, "pct_fast": 0.16, "mean_speed_kn": 13.0}, "geometry": {"type": "Polygon", "coordinates": [[[29.25, 36.05], [29.35, 36.05], [29.35, 36.15], [29.25, 36.15], [29.25, 36.05]]]}}, {"type": "Feature", "properties": {"habitat": "Hellenic Trench", "hours_fast": 32.0, "hours_total": 729.0, "pct_fast": 0.69, "mean_speed_kn": 12.88}, "geometry": {"type": "Polygon", "coordinates": [[[29.35, 36.05], [29.45, 36.05], [29.45, 36.15], [29.35, 36.15], [29.35, 36.05]]]}}, {"type": "Feature", "properties": {"habitat": "Hellenic Trench", "hours_fast": 40.0, "hours_total": 717.0, "pct_fast": 0.56, "mean_speed_kn": 12.96}, "geometry": {"type": "Polygon", "coordinates": [[[29.45, 36.05], [29.55, 36.05], [29.55, 36.15], [29.45, 36.15], [29.45, 36.05]]]}}, {"type": "Feature", "properties": {"habitat": "Hellenic Trench", "hours_fast": 13.0, "hours_total": 290.0, "pct_fast": 0.0, "mean_speed_kn": 12.84}, "geometry": {"type": "Polygon", "coordinates": [[[29.75, 36.05], [29.85, 36.05], [29.85, 36.15], [29.75, 36.15], [29.75, 36.05]]]}}, {"type": "Feature", "properties": {"habitat": "Hellenic Trench", "hours_fast": 5.0, "hours_total": 277.0, "pct_fast": 0.36, "mean_speed_kn": 12.66}, "geometry": {"type": "Polygon", "coordinates": [[[29.85, 36.05], [29.95, 36.05], [29.95, 36.15], [29.85, 36.15], [29.85, 36.05]]]}}, {"type": "Feature", "properties": {"habitat": "Hellenic Trench", "hours_fast": 10.0, "hours_total": 320.0, "pct_fast": 0.0, "mean_speed_kn": 12.73}, "geometry": {"type": "Polygon", "coordinates": [[[29.95, 36.05], [30.05, 36.05], [30.05, 36.15], [29.95, 36.15], [29.95, 36.05]]]}}, {"type": "Feature", "properties": {"habitat": "Hellenic Trench", "hours_fast": 2.0, "hours_total": 324.0, "pct_fast": 0.31, "mean_speed_kn": 12.57}, "geometry": {"type": "Polygon", "coordinates": [[[30.05, 36.05], [30.15, 36.05], [30.15, 36.15], [30.05, 36.15], [30.05, 36.05]]]}}, {"type": "Feature", "properties": {"habitat": "Hellenic Trench", "hours_fast": 7.0, "hours_total": 309.0, "pct_fast": 0.0, "mean_speed_kn": 12.67}, "geometry": {"type": "Polygon", "coordinates": [[[30.15, 36.05], [30.25, 36.05], [30.25, 36.15], [30.15, 36.15], [30.15, 36.05]]]}}, {"type": "Feature", "properties": {"habitat": "Hellenic Trench", "hours_fast": 7.0, "hours_total": 279.0, "pct_fast": 0.0, "mean_speed_kn": 12.69}, "geometry": {"type": "Polygon", "coordinates": [[[30.25, 36.05], [30.35, 36.05], [30.35, 36.15], [30.25, 36.15], [30.25, 36.05]]]}}, {"type": "Feature", "properties": {"habitat": "Hellenic Trench", "hours_fast": 9.0, "hours_total": 305.0, "pct_fast": 0.0, "mean_speed_kn": 12.72}, "geometry": {"type": "Polygon", "coordinates": [[[30.35, 36.05], [30.45, 36.05], [30.45, 36.15], [30.35, 36.15], [30.35, 36.05]]]}}, {"type": "Feature", "properties": {"habitat": "Hellenic Trench", "hours_fast": 56.0, "hours_total": 471.0, "pct_fast": 0.0, "mean_speed_kn": 13.39}, "geometry": {"type": "Polygon", "coordinates": [[[21.85, 36.15], [21.95, 36.15], [21.95, 36.25], [21.85, 36.25], [21.85, 36.15]]]}}, {"type": "Feature", "properties": {"habitat": "Hellenic Trench", "hours_fast": 56.0, "hours_total": 418.0, "pct_fast": 0.24, "mean_speed_kn": 13.52}, "geometry": {"type": "Polygon", "coordinates": [[[21.95, 36.15], [22.05, 36.15], [22.05, 36.25], [21.95, 36.25], [21.95, 36.15]]]}}, {"type": "Feature", "properties": {"habitat": "Hellenic Trench", "hours_fast": 76.0, "hours_total": 484.0, "pct_fast": 0.0, "mean_speed_kn": 13.68}, "geometry": {"type": "Polygon", "coordinates": [[[22.05, 36.15], [22.15, 36.15], [22.15, 36.25], [22.05, 36.25], [22.05, 36.15]]]}}, {"type": "Feature", "properties": {"habitat": "Hellenic Trench", "hours_fast": 112.0, "hours_total": 539.0, "pct_fast": 0.0, "mean_speed_kn": 14.06}, "geometry": {"type": "Polygon", "coordinates": [[[22.15, 36.15], [22.25, 36.15], [22.25, 36.25], [22.15, 36.25], [22.15, 36.15]]]}}, {"type": "Feature", "properties": {"habitat": "Hellenic Trench", "hours_fast": 117.0, "hours_total": 515.0, "pct_fast": 0.0, "mean_speed_kn": 14.2}, "geometry": {"type": "Polygon", "coordinates": [[[22.25, 36.15], [22.35, 36.15], [22.35, 36.25], [22.25, 36.25], [22.25, 36.15]]]}}, {"type": "Feature", "properties": {"habitat": "Hellenic Trench", "hours_fast": 87.0, "hours_total": 454.0, "pct_fast": 0.0, "mean_speed_kn": 13.94}, "geometry": {"type": "Polygon", "coordinates": [[[22.35, 36.15], [22.45, 36.15], [22.45, 36.25], [22.35, 36.25], [22.35, 36.15]]]}}, {"type": "Feature", "properties": {"habitat": "Hellenic Trench", "hours_fast": 53.0, "hours_total": 313.0, "pct_fast": 0.0, "mean_speed_kn": 13.77}, "geometry": {"type": "Polygon", "coordinates": [[[22.45, 36.15], [22.55, 36.15], [22.55, 36.25], [22.45, 36.25], [22.45, 36.15]]]}}, {"type": "Feature", "properties": {"habitat": "Hellenic Trench", "hours_fast": 41.0, "hours_total": 216.0, "pct_fast": 0.0, "mean_speed_kn": 13.92}, "geometry": {"type": "Polygon", "coordinates": [[[22.55, 36.15], [22.65, 36.15], [22.65, 36.25], [22.55, 36.25], [22.55, 36.15]]]}}, {"type": "Feature", "properties": {"habitat": "Hellenic Trench", "hours_fast": 28.0, "hours_total": 126.0, "pct_fast": 0.0, "mean_speed_kn": 14.17}, "geometry": {"type": "Polygon", "coordinates": [[[22.65, 36.15], [22.75, 36.15], [22.75, 36.25], [22.65, 36.25], [22.65, 36.15]]]}}, {"type": "Feature", "properties": {"habitat": "Hellenic Trench", "hours_fast": 19.0, "hours_total": 53.0, "pct_fast": 0.0, "mean_speed_kn": 15.19}, "geometry": {"type": "Polygon", "coordinates": [[[22.75, 36.15], [22.85, 36.15], [22.85, 36.25], [22.75, 36.25], [22.75, 36.15]]]}}, {"type": "Feature", "properties": {"habitat": "Hellenic Trench", "hours_fast": 8.0, "hours_total": 25.0, "pct_fast": 0.0, "mean_speed_kn": 14.9}, "geometry": {"type": "Polygon", "coordinates": [[[22.85, 36.15], [22.95, 36.15], [22.95, 36.25], [22.85, 36.25], [22.85, 36.15]]]}}, {"type": "Feature", "properties": {"habitat": "Hellenic Trench", "hours_fast": 59.0, "hours_total": 211.0, "pct_fast": 2.37, "mean_speed_kn": 14.77}, "geometry": {"type": "Polygon", "coordinates": [[[28.15, 36.15], [28.25, 36.15], [28.25, 36.25], [28.15, 36.25], [28.15, 36.15]]]}}, {"type": "Feature", "properties": {"habitat": "Hellenic Trench", "hours_fast": 0.0, "hours_total": 11.0, "pct_fast": 0.0, "mean_speed_kn": 12.5}, "geometry": {"type": "Polygon", "coordinates": [[[28.25, 36.15], [28.35, 36.15], [28.35, 36.25], [28.25, 36.25], [28.25, 36.15]]]}}, {"type": "Feature", "properties": {"habitat": "Hellenic Trench", "hours_fast": 2.0, "hours_total": 23.0, "pct_fast": 0.0, "mean_speed_kn": 13.15}, "geometry": {"type": "Polygon", "coordinates": [[[28.35, 36.15], [28.45, 36.15], [28.45, 36.25], [28.35, 36.25], [28.35, 36.15]]]}}, {"type": "Feature", "properties": {"habitat": "Hellenic Trench", "hours_fast": 0.0, "hours_total": 47.0, "pct_fast": 0.0, "mean_speed_kn": 12.5}, "geometry": {"type": "Polygon", "coordinates": [[[28.45, 36.15], [28.55, 36.15], [28.55, 36.25], [28.45, 36.25], [28.45, 36.15]]]}}, {"type": "Feature", "properties": {"habitat": "Hellenic Trench", "hours_fast": 8.0, "hours_total": 56.0, "pct_fast": 0.0, "mean_speed_kn": 13.57}, "geometry": {"type": "Polygon", "coordinates": [[[28.55, 36.15], [28.65, 36.15], [28.65, 36.25], [28.55, 36.25], [28.55, 36.15]]]}}, {"type": "Feature", "properties": {"habitat": "Hellenic Trench", "hours_fast": 18.0, "hours_total": 89.0, "pct_fast": 0.0, "mean_speed_kn": 14.02}, "geometry": {"type": "Polygon", "coordinates": [[[28.65, 36.15], [28.75, 36.15], [28.75, 36.25], [28.65, 36.25], [28.65, 36.15]]]}}, {"type": "Feature", "properties": {"habitat": "Hellenic Trench", "hours_fast": 34.0, "hours_total": 217.0, "pct_fast": 0.92, "mean_speed_kn": 13.74}, "geometry": {"type": "Polygon", "coordinates": [[[28.75, 36.15], [28.85, 36.15], [28.85, 36.25], [28.75, 36.25], [28.75, 36.15]]]}}, {"type": "Feature", "properties": {"habitat": "Hellenic Trench", "hours_fast": 34.0, "hours_total": 400.0, "pct_fast": 0.0, "mean_speed_kn": 13.14}, "geometry": {"type": "Polygon", "coordinates": [[[28.85, 36.15], [28.95, 36.15], [28.95, 36.25], [28.85, 36.25], [28.85, 36.15]]]}}, {"type": "Feature", "properties": {"habitat": "Hellenic Trench", "hours_fast": 38.0, "hours_total": 546.0, "pct_fast": 0.55, "mean_speed_kn": 13.06}, "geometry": {"type": "Polygon", "coordinates": [[[28.95, 36.15], [29.05, 36.15], [29.05, 36.25], [28.95, 36.25], [28.95, 36.15]]]}}, {"type": "Feature", "properties": {"habitat": "Hellenic Trench", "hours_fast": 72.0, "hours_total": 742.0, "pct_fast": 0.81, "mean_speed_kn": 13.29}, "geometry": {"type": "Polygon", "coordinates": [[[29.05, 36.15], [29.15, 36.15], [29.15, 36.25], [29.05, 36.25], [29.05, 36.15]]]}}, {"type": "Feature", "properties": {"habitat": "Hellenic Trench", "hours_fast": 116.0, "hours_total": 725.0, "pct_fast": 1.79, "mean_speed_kn": 13.83}, "geometry": {"type": "Polygon", "coordinates": [[[29.15, 36.15], [29.25, 36.15], [29.25, 36.25], [29.15, 36.25], [29.15, 36.15]]]}}, {"type": "Feature", "properties": {"habitat": "Hellenic Trench", "hours_fast": 140.0, "hours_total": 662.0, "pct_fast": 1.66, "mean_speed_kn": 14.21}, "geometry": {"type": "Polygon", "coordinates": [[[29.25, 36.15], [29.35, 36.15], [29.35, 36.25], [29.25, 36.25], [29.25, 36.15]]]}}, {"type": "Feature", "properties": {"habitat": "Hellenic Trench", "hours_fast": 6.0, "hours_total": 28.0, "pct_fast": 7.14, "mean_speed_kn": 14.64}, "geometry": {"type": "Polygon", "coordinates": [[[30.15, 36.15], [30.25, 36.15], [30.25, 36.25], [30.15, 36.25], [30.15, 36.15]]]}}, {"type": "Feature", "properties": {"habitat": "Hellenic Trench", "hours_fast": 5.0, "hours_total": 30.0, "pct_fast": 3.33, "mean_speed_kn": 14.0}, "geometry": {"type": "Polygon", "coordinates": [[[30.25, 36.15], [30.35, 36.15], [30.35, 36.25], [30.25, 36.25], [30.25, 36.15]]]}}, {"type": "Feature", "properties": {"habitat": "Hellenic Trench", "hours_fast": 270.0, "hours_total": 1922.0, "pct_fast": 0.0, "mean_speed_kn": 13.55}, "geometry": {"type": "Polygon", "coordinates": [[[21.75, 36.25], [21.85, 36.25], [21.85, 36.35], [21.75, 36.35], [21.75, 36.25]]]}}, {"type": "Feature", "properties": {"habitat": "Hellenic Trench", "hours_fast": 291.0, "hours_total": 2125.0, "pct_fast": 0.0, "mean_speed_kn": 13.53}, "geometry": {"type": "Polygon", "coordinates": [[[21.85, 36.25], [21.95, 36.25], [21.95, 36.35], [21.85, 36.35], [21.85, 36.25]]]}}, {"type": "Feature", "properties": {"habitat": "Hellenic Trench", "hours_fast": 393.0, "hours_total": 2514.0, "pct_fast": 0.0, "mean_speed_kn": 13.67}, "geometry": {"type": "Polygon", "coordinates": [[[21.95, 36.25], [22.05, 36.25], [22.05, 36.35], [21.95, 36.35], [21.95, 36.25]]]}}, {"type": "Feature", "properties": {"habitat": "Hellenic Trench", "hours_fast": 450.0, "hours_total": 2772.0, "pct_fast": 0.0, "mean_speed_kn": 13.72}, "geometry": {"type": "Polygon", "coordinates": [[[22.05, 36.25], [22.15, 36.25], [22.15, 36.35], [22.05, 36.35], [22.05, 36.25]]]}}, {"type": "Feature", "properties": {"habitat": "Hellenic Trench", "hours_fast": 463.0, "hours_total": 3014.0, "pct_fast": 0.0, "mean_speed_kn": 13.65}, "geometry": {"type": "Polygon", "coordinates": [[[22.15, 36.25], [22.25, 36.25], [22.25, 36.35], [22.15, 36.35], [22.15, 36.25]]]}}, {"type": "Feature", "properties": {"habitat": "Hellenic Trench", "hours_fast": 477.0, "hours_total": 3148.0, "pct_fast": 0.03, "mean_speed_kn": 13.64}, "geometry": {"type": "Polygon", "coordinates": [[[22.25, 36.25], [22.35, 36.25], [22.35, 36.35], [22.25, 36.35], [22.25, 36.25]]]}}, {"type": "Feature", "properties": {"habitat": "Hellenic Trench", "hours_fast": 443.0, "hours_total": 2719.0, "pct_fast": 0.0, "mean_speed_kn": 13.72}, "geometry": {"type": "Polygon", "coordinates": [[[22.35, 36.25], [22.45, 36.25], [22.45, 36.35], [22.35, 36.35], [22.35, 36.25]]]}}, {"type": "Feature", "properties": {"habitat": "Hellenic Trench", "hours_fast": 601.0, "hours_total": 3573.0, "pct_fast": 0.03, "mean_speed_kn": 13.76}, "geometry": {"type": "Polygon", "coordinates": [[[22.45, 36.25], [22.55, 36.25], [22.55, 36.35], [22.45, 36.35], [22.45, 36.25]]]}}, {"type": "Feature", "properties": {"habitat": "Hellenic Trench", "hours_fast": 367.0, "hours_total": 2317.0, "pct_fast": 0.04, "mean_speed_kn": 13.69}, "geometry": {"type": "Polygon", "coordinates": [[[22.55, 36.25], [22.65, 36.25], [22.65, 36.35], [22.55, 36.35], [22.55, 36.25]]]}}, {"type": "Feature", "properties": {"habitat": "Hellenic Trench", "hours_fast": 181.0, "hours_total": 897.0, "pct_fast": 0.11, "mean_speed_kn": 14.02}, "geometry": {"type": "Polygon", "coordinates": [[[22.65, 36.25], [22.75, 36.25], [22.75, 36.35], [22.65, 36.35], [22.65, 36.25]]]}}, {"type": "Feature", "properties": {"habitat": "Hellenic Trench", "hours_fast": 7.0, "hours_total": 56.0, "pct_fast": 0.0, "mean_speed_kn": 13.44}, "geometry": {"type": "Polygon", "coordinates": [[[22.75, 36.25], [22.85, 36.25], [22.85, 36.35], [22.75, 36.35], [22.75, 36.25]]]}}, {"type": "Feature", "properties": {"habitat": "Hellenic Trench", "hours_fast": 5.0, "hours_total": 11.0, "pct_fast": 9.09, "mean_speed_kn": 16.59}, "geometry": {"type": "Polygon", "coordinates": [[[22.85, 36.25], [22.95, 36.25], [22.95, 36.35], [22.85, 36.35], [22.85, 36.25]]]}}, {"type": "Feature", "properties": {"habitat": "Hellenic Trench", "hours_fast": 84.0, "hours_total": 333.0, "pct_fast": 1.5, "mean_speed_kn": 14.5}, "geometry": {"type": "Polygon", "coordinates": [[[28.15, 36.25], [28.25, 36.25], [28.25, 36.35], [28.15, 36.35], [28.15, 36.25]]]}}, {"type": "Feature", "properties": {"habitat": "Hellenic Trench", "hours_fast": 6.0, "hours_total": 30.0, "pct_fast": 0.0, "mean_speed_kn": 14.0}, "geometry": {"type": "Polygon", "coordinates": [[[28.25, 36.25], [28.35, 36.25], [28.35, 36.35], [28.25, 36.35], [28.25, 36.25]]]}}, {"type": "Feature", "properties": {"habitat": "Hellenic Trench", "hours_fast": 6.0, "hours_total": 60.0, "pct_fast": 0.0, "mean_speed_kn": 13.25}, "geometry": {"type": "Polygon", "coordinates": [[[28.35, 36.25], [28.45, 36.25], [28.45, 36.35], [28.35, 36.35], [28.35, 36.25]]]}}, {"type": "Feature", "properties": {"habitat": "Hellenic Trench", "hours_fast": 23.0, "hours_total": 126.0, "pct_fast": 0.79, "mean_speed_kn": 13.93}, "geometry": {"type": "Polygon", "coordinates": [[[28.45, 36.25], [28.55, 36.25], [28.55, 36.35], [28.45, 36.35], [28.45, 36.25]]]}}, {"type": "Feature", "properties": {"habitat": "Hellenic Trench", "hours_fast": 53.0, "hours_total": 325.0, "pct_fast": 0.31, "mean_speed_kn": 13.75}, "geometry": {"type": "Polygon", "coordinates": [[[28.55, 36.25], [28.65, 36.25], [28.65, 36.35], [28.55, 36.35], [28.55, 36.25]]]}}, {"type": "Feature", "properties": {"habitat": "Hellenic Trench", "hours_fast": 128.0, "hours_total": 719.0, "pct_fast": 1.67, "mean_speed_kn": 13.96}, "geometry": {"type": "Polygon", "coordinates": [[[28.65, 36.25], [28.75, 36.25], [28.75, 36.35], [28.65, 36.35], [28.65, 36.25]]]}}, {"type": "Feature", "properties": {"habitat": "Hellenic Trench", "hours_fast": 137.0, "hours_total": 846.0, "pct_fast": 2.01, "mean_speed_kn": 13.87}, "geometry": {"type": "Polygon", "coordinates": [[[28.75, 36.25], [28.85, 36.25], [28.85, 36.35], [28.75, 36.35], [28.75, 36.25]]]}}, {"type": "Feature", "properties": {"habitat": "Hellenic Trench", "hours_fast": 126.0, "hours_total": 753.0, "pct_fast": 3.32, "mean_speed_kn": 14.0}, "geometry": {"type": "Polygon", "coordinates": [[[28.85, 36.25], [28.95, 36.25], [28.95, 36.35], [28.85, 36.35], [28.85, 36.25]]]}}, {"type": "Feature", "properties": {"habitat": "Hellenic Trench", "hours_fast": 91.0, "hours_total": 586.0, "pct_fast": 1.88, "mean_speed_kn": 13.81}, "geometry": {"type": "Polygon", "coordinates": [[[28.95, 36.25], [29.05, 36.25], [29.05, 36.35], [28.95, 36.35], [28.95, 36.25]]]}}, {"type": "Feature", "properties": {"habitat": "Hellenic Trench", "hours_fast": 54.0, "hours_total": 343.0, "pct_fast": 3.21, "mean_speed_kn": 13.92}, "geometry": {"type": "Polygon", "coordinates": [[[29.05, 36.25], [29.15, 36.25], [29.15, 36.35], [29.05, 36.35], [29.05, 36.25]]]}}, {"type": "Feature", "properties": {"habitat": "Hellenic Trench", "hours_fast": 196.0, "hours_total": 1237.0, "pct_fast": 0.0, "mean_speed_kn": 13.69}, "geometry": {"type": "Polygon", "coordinates": [[[21.65, 36.35], [21.75, 36.35], [21.75, 36.45], [21.65, 36.45], [21.65, 36.35]]]}}, {"type": "Feature", "properties": {"habitat": "Hellenic Trench", "hours_fast": 263.0, "hours_total": 1398.0, "pct_fast": 0.0, "mean_speed_kn": 13.91}, "geometry": {"type": "Polygon", "coordinates": [[[21.75, 36.35], [21.85, 36.35], [21.85, 36.45], [21.75, 36.45], [21.75, 36.35]]]}}, {"type": "Feature", "properties": {"habitat": "Hellenic Trench", "hours_fast": 311.0, "hours_total": 1593.0, "pct_fast": 0.0, "mean_speed_kn": 13.96}, "geometry": {"type": "Polygon", "coordinates": [[[21.85, 36.35], [21.95, 36.35], [21.95, 36.45], [21.85, 36.45], [21.85, 36.35]]]}}, {"type": "Feature", "properties": {"habitat": "Hellenic Trench", "hours_fast": 291.0, "hours_total": 1385.0, "pct_fast": 0.0, "mean_speed_kn": 14.08}, "geometry": {"type": "Polygon", "coordinates": [[[21.95, 36.35], [22.05, 36.35], [22.05, 36.45], [21.95, 36.45], [21.95, 36.35]]]}}, {"type": "Feature", "properties": {"habitat": "Hellenic Trench", "hours_fast": 285.0, "hours_total": 1336.0, "pct_fast": 0.07, "mean_speed_kn": 14.11}, "geometry": {"type": "Polygon", "coordinates": [[[22.05, 36.35], [22.15, 36.35], [22.15, 36.45], [22.05, 36.45], [22.05, 36.35]]]}}, {"type": "Feature", "properties": {"habitat": "Hellenic Trench", "hours_fast": 384.0, "hours_total": 1563.0, "pct_fast": 0.0, "mean_speed_kn": 14.34}, "geometry": {"type": "Polygon", "coordinates": [[[22.15, 36.35], [22.25, 36.35], [22.25, 36.45], [22.15, 36.45], [22.15, 36.35]]]}}, {"type": "Feature", "properties": {"habitat": "Hellenic Trench", "hours_fast": 578.0, "hours_total": 2034.0, "pct_fast": 0.05, "mean_speed_kn": 14.63}, "geometry": {"type": "Polygon", "coordinates": [[[22.25, 36.35], [22.35, 36.35], [22.35, 36.45], [22.25, 36.45], [22.25, 36.35]]]}}, {"type": "Feature", "properties": {"habitat": "Hellenic Trench", "hours_fast": 516.0, "hours_total": 1668.0, "pct_fast": 0.36, "mean_speed_kn": 14.85}, "geometry": {"type": "Polygon", "coordinates": [[[22.35, 36.35], [22.45, 36.35], [22.45, 36.45], [22.35, 36.45], [22.35, 36.35]]]}}, {"type": "Feature", "properties": {"habitat": "Hellenic Trench", "hours_fast": 584.0, "hours_total": 2463.0, "pct_fast": 0.24, "mean_speed_kn": 14.3}, "geometry": {"type": "Polygon", "coordinates": [[[22.55, 36.35], [22.65, 36.35], [22.65, 36.45], [22.55, 36.45], [22.55, 36.35]]]}}, {"type": "Feature", "properties": {"habitat": "Hellenic Trench", "hours_fast": 1233.0, "hours_total": 5482.0, "pct_fast": 0.15, "mean_speed_kn": 14.2}, "geometry": {"type": "Polygon", "coordinates": [[[22.65, 36.35], [22.75, 36.35], [22.75, 36.45], [22.65, 36.45], [22.65, 36.35]]]}}, {"type": "Feature", "properties": {"habitat": "Hellenic Trench", "hours_fast": 944.0, "hours_total": 4682.0, "pct_fast": 0.04, "mean_speed_kn": 14.02}, "geometry": {"type": "Polygon", "coordinates": [[[22.75, 36.35], [22.85, 36.35], [22.85, 36.45], [22.75, 36.45], [22.75, 36.35]]]}}, {"type": "Feature", "properties": {"habitat": "Hellenic Trench", "hours_fast": 1192.0, "hours_total": 5637.0, "pct_fast": 0.14, "mean_speed_kn": 14.1}, "geometry": {"type": "Polygon", "coordinates": [[[22.85, 36.35], [22.95, 36.35], [22.95, 36.45], [22.85, 36.45], [22.85, 36.35]]]}}, {"type": "Feature", "properties": {"habitat": "Hellenic Trench", "hours_fast": 85.0, "hours_total": 400.0, "pct_fast": 3.5, "mean_speed_kn": 14.36}, "geometry": {"type": "Polygon", "coordinates": [[[28.25, 36.35], [28.35, 36.35], [28.35, 36.45], [28.25, 36.45], [28.25, 36.35]]]}}, {"type": "Feature", "properties": {"habitat": "Hellenic Trench", "hours_fast": 122.0, "hours_total": 709.0, "pct_fast": 1.27, "mean_speed_kn": 13.89}, "geometry": {"type": "Polygon", "coordinates": [[[28.35, 36.35], [28.45, 36.35], [28.45, 36.45], [28.35, 36.45], [28.35, 36.35]]]}}, {"type": "Feature", "properties": {"habitat": "Hellenic Trench", "hours_fast": 152.0, "hours_total": 1059.0, "pct_fast": 0.76, "mean_speed_kn": 13.63}, "geometry": {"type": "Polygon", "coordinates": [[[28.45, 36.35], [28.55, 36.35], [28.55, 36.45], [28.45, 36.45], [28.45, 36.35]]]}}, {"type": "Feature", "properties": {"habitat": "Hellenic Trench", "hours_fast": 121.0, "hours_total": 905.0, "pct_fast": 0.99, "mean_speed_kn": 13.58}, "geometry": {"type": "Polygon", "coordinates": [[[28.55, 36.35], [28.65, 36.35], [28.65, 36.45], [28.55, 36.45], [28.55, 36.35]]]}}, {"type": "Feature", "properties": {"habitat": "Hellenic Trench", "hours_fast": 57.0, "hours_total": 480.0, "pct_fast": 1.25, "mean_speed_kn": 13.48}, "geometry": {"type": "Polygon", "coordinates": [[[28.65, 36.35], [28.75, 36.35], [28.75, 36.45], [28.65, 36.45], [28.65, 36.35]]]}}, {"type": "Feature", "properties": {"habitat": "Hellenic Trench", "hours_fast": 10.0, "hours_total": 274.0, "pct_fast": 0.0, "mean_speed_kn": 12.77}, "geometry": {"type": "Polygon", "coordinates": [[[28.75, 36.35], [28.85, 36.35], [28.85, 36.45], [28.75, 36.45], [28.75, 36.35]]]}}, {"type": "Feature", "properties": {"habitat": "Hellenic Trench", "hours_fast": 9.0, "hours_total": 223.0, "pct_fast": 0.9, "mean_speed_kn": 12.87}, "geometry": {"type": "Polygon", "coordinates": [[[28.85, 36.35], [28.95, 36.35], [28.95, 36.45], [28.85, 36.45], [28.85, 36.35]]]}}, {"type": "Feature", "properties": {"habitat": "Hellenic Trench", "hours_fast": 12.0, "hours_total": 126.0, "pct_fast": 0.0, "mean_speed_kn": 13.21}, "geometry": {"type": "Polygon", "coordinates": [[[28.95, 36.35], [29.05, 36.35], [29.05, 36.45], [28.95, 36.45], [28.95, 36.35]]]}}, {"type": "Feature", "properties": {"habitat": "Hellenic Trench", "hours_fast": 150.0, "hours_total": 601.0, "pct_fast": 0.0, "mean_speed_kn": 14.37}, "geometry": {"type": "Polygon", "coordinates": [[[21.45, 36.45], [21.55, 36.45], [21.55, 36.55], [21.45, 36.55], [21.45, 36.45]]]}}, {"type": "Feature", "properties": {"habitat": "Hellenic Trench", "hours_fast": 307.0, "hours_total": 1032.0, "pct_fast": 0.0, "mean_speed_kn": 14.73}, "geometry": {"type": "Polygon", "coordinates": [[[21.55, 36.45], [21.65, 36.45], [21.65, 36.55], [21.55, 36.55], [21.55, 36.45]]]}}, {"type": "Feature", "properties": {"habitat": "Hellenic Trench", "hours_fast": 298.0, "hours_total": 1122.0, "pct_fast": 0.0, "mean_speed_kn": 14.49}, "geometry": {"type": "Polygon", "coordinates": [[[21.65, 36.45], [21.75, 36.45], [21.75, 36.55], [21.65, 36.55], [21.65, 36.45]]]}}, {"type": "Feature", "properties": {"habitat": "Hellenic Trench", "hours_fast": 245.0, "hours_total": 1025.0, "pct_fast": 0.0, "mean_speed_kn": 14.29}, "geometry": {"type": "Polygon", "coordinates": [[[21.75, 36.45], [21.85, 36.45], [21.85, 36.55], [21.75, 36.55], [21.75, 36.45]]]}}, {"type": "Feature", "properties": {"habitat": "Hellenic Trench", "hours_fast": 253.0, "hours_total": 962.0, "pct_fast": 0.0, "mean_speed_kn": 14.47}, "geometry": {"type": "Polygon", "coordinates": [[[21.85, 36.45], [21.95, 36.45], [21.95, 36.55], [21.85, 36.55], [21.85, 36.45]]]}}, {"type": "Feature", "properties": {"habitat": "Hellenic Trench", "hours_fast": 425.0, "hours_total": 1253.0, "pct_fast": 0.0, "mean_speed_kn": 15.04}, "geometry": {"type": "Polygon", "coordinates": [[[21.95, 36.45], [22.05, 36.45], [22.05, 36.55], [21.95, 36.55], [21.95, 36.45]]]}}, {"type": "Feature", "properties": {"habitat": "Hellenic Trench", "hours_fast": 620.0, "hours_total": 1584.0, "pct_fast": 0.13, "mean_speed_kn": 15.45}, "geometry": {"type": "Polygon", "coordinates": [[[22.05, 36.45], [22.15, 36.45], [22.15, 36.55], [22.05, 36.55], [22.05, 36.45]]]}}, {"type": "Feature", "properties": {"habitat": "Hellenic Trench", "hours_fast": 311.0, "hours_total": 793.0, "pct_fast": 0.25, "mean_speed_kn": 15.46}, "geometry": {"type": "Polygon", "coordinates": [[[22.15, 36.45], [22.25, 36.45], [22.25, 36.55], [22.15, 36.55], [22.15, 36.45]]]}}, {"type": "Feature", "properties": {"habitat": "Hellenic Trench", "hours_fast": 64.0, "hours_total": 206.0, "pct_fast": 2.91, "mean_speed_kn": 15.05}, "geometry": {"type": "Polygon", "coordinates": [[[22.25, 36.45], [22.35, 36.45], [22.35, 36.55], [22.25, 36.55], [22.25, 36.45]]]}}, {"type": "Feature", "properties": {"habitat": "Hellenic Trench", "hours_fast": 13.0, "hours_total": 38.0, "pct_fast": 0.0, "mean_speed_kn": 15.07}, "geometry": {"type": "Polygon", "coordinates": [[[22.55, 36.45], [22.65, 36.45], [22.65, 36.55], [22.55, 36.55], [22.55, 36.45]]]}}, {"type": "Feature", "properties": {"habitat": "Hellenic Trench", "hours_fast": 6.0, "hours_total": 22.0, "pct_fast": 0.0, "mean_speed_kn": 14.55}, "geometry": {"type": "Polygon", "coordinates": [[[22.65, 36.45], [22.75, 36.45], [22.75, 36.55], [22.65, 36.55], [22.65, 36.45]]]}}, {"type": "Feature", "properties": {"habitat": "Hellenic Trench", "hours_fast": 25.0, "hours_total": 46.0, "pct_fast": 0.0, "mean_speed_kn": 16.58}, "geometry": {"type": "Polygon", "coordinates": [[[22.75, 36.45], [22.85, 36.45], [22.85, 36.55], [22.75, 36.55], [22.75, 36.45]]]}}, {"type": "Feature", "properties": {"habitat": "Hellenic Trench", "hours_fast": 225.0, "hours_total": 1047.0, "pct_fast": 4.49, "mean_speed_kn": 14.45}, "geometry": {"type": "Polygon", "coordinates": [[[28.35, 36.45], [28.45, 36.45], [28.45, 36.55], [28.35, 36.55], [28.35, 36.45]]]}}, {"type": "Feature", "properties": {"habitat": "Hellenic Trench", "hours_fast": 254.0, "hours_total": 780.0, "pct_fast": 11.67, "mean_speed_kn": 15.82}, "geometry": {"type": "Polygon", "coordinates": [[[28.45, 36.45], [28.55, 36.45], [28.55, 36.55], [28.45, 36.55], [28.45, 36.45]]]}}, {"type": "Feature", "properties": {"habitat": "Hellenic Trench", "hours_fast": 251.0, "hours_total": 618.0, "pct_fast": 17.48, "mean_speed_kn": 16.86}, "geometry": {"type": "Polygon", "coordinates": [[[28.55, 36.45], [28.65, 36.45], [28.65, 36.55], [28.55, 36.55], [28.55, 36.45]]]}}, {"type": "Feature", "properties": {"habitat": "Hellenic Trench", "hours_fast": 101.0, "hours_total": 342.0, "pct_fast": 11.99, "mean_speed_kn": 15.61}, "geometry": {"type": "Polygon", "coordinates": [[[28.65, 36.45], [28.75, 36.45], [28.75, 36.55], [28.65, 36.55], [28.65, 36.45]]]}}, {"type": "Feature", "properties": {"habitat": "Hellenic Trench", "hours_fast": 20.0, "hours_total": 147.0, "pct_fast": 6.12, "mean_speed_kn": 13.98}, "geometry": {"type": "Polygon", "coordinates": [[[28.75, 36.45], [28.85, 36.45], [28.85, 36.55], [28.75, 36.55], [28.75, 36.45]]]}}, {"type": "Feature", "properties": {"habitat": "Hellenic Trench", "hours_fast": 10.0, "hours_total": 53.0, "pct_fast": 1.89, "mean_speed_kn": 14.06}, "geometry": {"type": "Polygon", "coordinates": [[[28.85, 36.45], [28.95, 36.45], [28.95, 36.55], [28.85, 36.55], [28.85, 36.45]]]}}, {"type": "Feature", "properties": {"habitat": "Hellenic Trench", "hours_fast": 43.0, "hours_total": 224.0, "pct_fast": 1.79, "mean_speed_kn": 14.07}, "geometry": {"type": "Polygon", "coordinates": [[[28.95, 36.45], [29.05, 36.45], [29.05, 36.55], [28.95, 36.55], [28.95, 36.45]]]}}, {"type": "Feature", "properties": {"habitat": "Hellenic Trench", "hours_fast": 270.0, "hours_total": 920.0, "pct_fast": 0.0, "mean_speed_kn": 14.7}, "geometry": {"type": "Polygon", "coordinates": [[[21.35, 36.55], [21.45, 36.55], [21.45, 36.65], [21.35, 36.65], [21.35, 36.55]]]}}, {"type": "Feature", "properties": {"habitat": "Hellenic Trench", "hours_fast": 239.0, "hours_total": 848.0, "pct_fast": 0.0, "mean_speed_kn": 14.61}, "geometry": {"type": "Polygon", "coordinates": [[[21.45, 36.55], [21.55, 36.55], [21.55, 36.65], [21.45, 36.65], [21.45, 36.55]]]}}, {"type": "Feature", "properties": {"habitat": "Hellenic Trench", "hours_fast": 155.0, "hours_total": 771.0, "pct_fast": 0.0, "mean_speed_kn": 14.01}, "geometry": {"type": "Polygon", "coordinates": [[[21.55, 36.55], [21.65, 36.55], [21.65, 36.65], [21.55, 36.65], [21.55, 36.55]]]}}, {"type": "Feature", "properties": {"habitat": "Hellenic Trench", "hours_fast": 149.0, "hours_total": 832.0, "pct_fast": 0.0, "mean_speed_kn": 13.84}, "geometry": {"type": "Polygon", "coordinates": [[[21.65, 36.55], [21.75, 36.55], [21.75, 36.65], [21.65, 36.65], [21.65, 36.55]]]}}, {"type": "Feature", "properties": {"habitat": "Hellenic Trench", "hours_fast": 335.0, "hours_total": 1049.0, "pct_fast": 0.19, "mean_speed_kn": 14.91}, "geometry": {"type": "Polygon", "coordinates": [[[21.75, 36.55], [21.85, 36.55], [21.85, 36.65], [21.75, 36.65], [21.75, 36.55]]]}}, {"type": "Feature", "properties": {"habitat": "Hellenic Trench", "hours_fast": 360.0, "hours_total": 969.0, "pct_fast": 0.1, "mean_speed_kn": 15.29}, "geometry": {"type": "Polygon", "coordinates": [[[21.85, 36.55], [21.95, 36.55], [21.95, 36.65], [21.85, 36.65], [21.85, 36.55]]]}}, {"type": "Feature", "properties": {"habitat": "Hellenic Trench", "hours_fast": 274.0, "hours_total": 575.0, "pct_fast": 0.0, "mean_speed_kn": 16.07}, "geometry": {"type": "Polygon", "coordinates": [[[21.95, 36.55], [22.05, 36.55], [22.05, 36.65], [21.95, 36.65], [21.95, 36.55]]]}}, {"type": "Feature", "properties": {"habitat": "Hellenic Trench", "hours_fast": 25.0, "hours_total": 72.0, "pct_fast": 2.78, "mean_speed_kn": 15.31}, "geometry": {"type": "Polygon", "coordinates": [[[22.05, 36.55], [22.15, 36.55], [22.15, 36.65], [22.05, 36.65], [22.05, 36.55]]]}}, {"type": "Feature", "properties": {"habitat": "Hellenic Trench", "hours_fast": 8.0, "hours_total": 74.0, "pct_fast": 1.35, "mean_speed_kn": 13.41}, "geometry": {"type": "Polygon", "coordinates": [[[22.15, 36.55], [22.25, 36.55], [22.25, 36.65], [22.15, 36.65], [22.15, 36.55]]]}}, {"type": "Feature", "properties": {"habitat": "Hellenic Trench", "hours_fast": 14.0, "hours_total": 52.0, "pct_fast": 3.85, "mean_speed_kn": 14.81}, "geometry": {"type": "Polygon", "coordinates": [[[22.25, 36.55], [22.35, 36.55], [22.35, 36.65], [22.25, 36.65], [22.25, 36.55]]]}}, {"type": "Feature", "properties": {"habitat": "Hellenic Trench", "hours_fast": 30.0, "hours_total": 62.0, "pct_fast": 6.45, "mean_speed_kn": 16.61}, "geometry": {"type": "Polygon", "coordinates": [[[22.55, 36.55], [22.65, 36.55], [22.65, 36.65], [22.55, 36.65], [22.55, 36.55]]]}}, {"type": "Feature", "properties": {"habitat": "Hellenic Trench", "hours_fast": 24.0, "hours_total": 45.0, "pct_fast": 6.67, "mean_speed_kn": 17.0}, "geometry": {"type": "Polygon", "coordinates": [[[22.65, 36.55], [22.75, 36.55], [22.75, 36.65], [22.65, 36.65], [22.65, 36.55]]]}}, {"type": "Feature", "properties": {"habitat": "Hellenic Trench", "hours_fast": 70.0, "hours_total": 82.0, "pct_fast": 3.66, "mean_speed_kn": 19.18}, "geometry": {"type": "Polygon", "coordinates": [[[22.75, 36.55], [22.85, 36.55], [22.85, 36.65], [22.75, 36.65], [22.75, 36.55]]]}}, {"type": "Feature", "properties": {"habitat": "Hellenic Trench", "hours_fast": 77.0, "hours_total": 371.0, "pct_fast": 0.54, "mean_speed_kn": 14.1}, "geometry": {"type": "Polygon", "coordinates": [[[28.45, 36.55], [28.55, 36.55], [28.55, 36.65], [28.45, 36.65], [28.45, 36.55]]]}}, {"type": "Feature", "properties": {"habitat": "Hellenic Trench", "hours_fast": 69.0, "hours_total": 330.0, "pct_fast": 2.12, "mean_speed_kn": 14.23}, "geometry": {"type": "Polygon", "coordinates": [[[28.55, 36.55], [28.65, 36.55], [28.65, 36.65], [28.55, 36.65], [28.55, 36.55]]]}}, {"type": "Feature", "properties": {"habitat": "Hellenic Trench", "hours_fast": 127.0, "hours_total": 502.0, "pct_fast": 5.78, "mean_speed_kn": 14.83}, "geometry": {"type": "Polygon", "coordinates": [[[28.65, 36.55], [28.75, 36.55], [28.75, 36.65], [28.65, 36.65], [28.65, 36.55]]]}}, {"type": "Feature", "properties": {"habitat": "Hellenic Trench", "hours_fast": 265.0, "hours_total": 815.0, "pct_fast": 8.1, "mean_speed_kn": 15.55}, "geometry": {"type": "Polygon", "coordinates": [[[28.75, 36.55], [28.85, 36.55], [28.85, 36.65], [28.75, 36.65], [28.75, 36.55]]]}}, {"type": "Feature", "properties": {"habitat": "Hellenic Trench", "hours_fast": 101.0, "hours_total": 518.0, "pct_fast": 0.0, "mean_speed_kn": 13.96}, "geometry": {"type": "Polygon", "coordinates": [[[21.25, 36.65], [21.35, 36.65], [21.35, 36.75], [21.25, 36.75], [21.25, 36.65]]]}}, {"type": "Feature", "properties": {"habitat": "Hellenic Trench", "hours_fast": 53.0, "hours_total": 526.0, "pct_fast": 0.0, "mean_speed_kn": 13.26}, "geometry": {"type": "Polygon", "coordinates": [[[21.35, 36.65], [21.45, 36.65], [21.45, 36.75], [21.35, 36.75], [21.35, 36.65]]]}}, {"type": "Feature", "properties": {"habitat": "Hellenic Trench", "hours_fast": 99.0, "hours_total": 682.0, "pct_fast": 0.0, "mean_speed_kn": 13.59}, "geometry": {"type": "Polygon", "coordinates": [[[21.45, 36.65], [21.55, 36.65], [21.55, 36.75], [21.45, 36.75], [21.45, 36.65]]]}}, {"type": "Feature", "properties": {"habitat": "Hellenic Trench", "hours_fast": 326.0, "hours_total": 1069.0, "pct_fast": 0.0, "mean_speed_kn": 14.79}, "geometry": {"type": "Polygon", "coordinates": [[[21.55, 36.65], [21.65, 36.65], [21.65, 36.75], [21.55, 36.75], [21.55, 36.65]]]}}, {"type": "Feature", "properties": {"habitat": "Hellenic Trench", "hours_fast": 433.0, "hours_total": 1056.0, "pct_fast": 0.28, "mean_speed_kn": 15.6}, "geometry": {"type": "Polygon", "coordinates": [[[21.65, 36.65], [21.75, 36.65], [21.75, 36.75], [21.65, 36.75], [21.65, 36.65]]]}}, {"type": "Feature", "properties": {"habitat": "Hellenic Trench", "hours_fast": 132.0, "hours_total": 323.0, "pct_fast": 2.17, "mean_speed_kn": 15.73}, "geometry": {"type": "Polygon", "coordinates": [[[21.75, 36.65], [21.85, 36.65], [21.85, 36.75], [21.75, 36.75], [21.75, 36.65]]]}}, {"type": "Feature", "properties": {"habitat": "Hellenic Trench", "hours_fast": 7.0, "hours_total": 63.0, "pct_fast": 1.59, "mean_speed_kn": 13.45}, "geometry": {"type": "Polygon", "coordinates": [[[21.95, 36.65], [22.05, 36.65], [22.05, 36.75], [21.95, 36.75], [21.95, 36.65]]]}}, {"type": "Feature", "properties": {"habitat": "Hellenic Trench", "hours_fast": 1.0, "hours_total": 40.0, "pct_fast": 0.0, "mean_speed_kn": 12.69}, "geometry": {"type": "Polygon", "coordinates": [[[22.05, 36.65], [22.15, 36.65], [22.15, 36.75], [22.05, 36.75], [22.05, 36.65]]]}}, {"type": "Feature", "properties": {"habitat": "Hellenic Trench", "hours_fast": 13.0, "hours_total": 77.0, "pct_fast": 1.3, "mean_speed_kn": 13.86}, "geometry": {"type": "Polygon", "coordinates": [[[22.15, 36.65], [22.25, 36.65], [22.25, 36.75], [22.15, 36.75], [22.15, 36.65]]]}}, {"type": "Feature", "properties": {"habitat": "Hellenic Trench", "hours_fast": 26.0, "hours_total": 48.0, "pct_fast": 6.25, "mean_speed_kn": 17.03}, "geometry": {"type": "Polygon", "coordinates": [[[22.65, 36.65], [22.75, 36.65], [22.75, 36.75], [22.65, 36.75], [22.65, 36.65]]]}}, {"type": "Feature", "properties": {"habitat": "Hellenic Trench", "hours_fast": 96.0, "hours_total": 429.0, "pct_fast": 0.0, "mean_speed_kn": 14.18}, "geometry": {"type": "Polygon", "coordinates": [[[21.05, 36.75], [21.15, 36.75], [21.15, 36.85], [21.05, 36.85], [21.05, 36.75]]]}}, {"type": "Feature", "properties": {"habitat": "Hellenic Trench", "hours_fast": 43.0, "hours_total": 428.0, "pct_fast": 0.0, "mean_speed_kn": 13.25}, "geometry": {"type": "Polygon", "coordinates": [[[21.15, 36.75], [21.25, 36.75], [21.25, 36.85], [21.15, 36.85], [21.15, 36.75]]]}}, {"type": "Feature", "properties": {"habitat": "Hellenic Trench", "hours_fast": 60.0, "hours_total": 514.0, "pct_fast": 0.0, "mean_speed_kn": 13.38}, "geometry": {"type": "Polygon", "coordinates": [[[21.25, 36.75], [21.35, 36.75], [21.35, 36.85], [21.25, 36.85], [21.25, 36.75]]]}}, {"type": "Feature", "properties": {"habitat": "Hellenic Trench", "hours_fast": 99.0, "hours_total": 691.0, "pct_fast": 0.0, "mean_speed_kn": 13.57}, "geometry": {"type": "Polygon", "coordinates": [[[21.35, 36.75], [21.45, 36.75], [21.45, 36.85], [21.35, 36.85], [21.35, 36.75]]]}}, {"type": "Feature", "properties": {"habitat": "Hellenic Trench", "hours_fast": 303.0, "hours_total": 923.0, "pct_fast": 0.0, "mean_speed_kn": 14.96}, "geometry": {"type": "Polygon", "coordinates": [[[21.45, 36.75], [21.55, 36.75], [21.55, 36.85], [21.45, 36.85], [21.45, 36.75]]]}}, {"type": "Feature", "properties": {"habitat": "Hellenic Trench", "hours_fast": 373.0, "hours_total": 779.0, "pct_fast": 0.0, "mean_speed_kn": 16.09}, "geometry": {"type": "Polygon", "coordinates": [[[21.55, 36.75], [21.65, 36.75], [21.65, 36.85], [21.55, 36.85], [21.55, 36.75]]]}}, {"type": "Feature", "properties": {"habitat": "Hellenic Trench", "hours_fast": 5.0, "hours_total": 79.0, "pct_fast": 1.27, "mean_speed_kn": 13.07}, "geometry": {"type": "Polygon", "coordinates": [[[22.05, 36.75], [22.15, 36.75], [22.15, 36.85], [22.05, 36.85], [22.05, 36.75]]]}}, {"type": "Feature", "properties": {"habitat": "Hellenic Trench", "hours_fast": 10.0, "hours_total": 52.0, "pct_fast": 7.69, "mean_speed_kn": 14.52}, "geometry": {"type": "Polygon", "coordinates": [[[22.15, 36.75], [22.25, 36.75], [22.25, 36.85], [22.15, 36.85], [22.15, 36.75]]]}}, {"type": "Feature", "properties": {"habitat": "Hellenic Trench", "hours_fast": 38.0, "hours_total": 357.0, "pct_fast": 0.0, "mean_speed_kn": 13.3}, "geometry": {"type": "Polygon", "coordinates": [[[20.95, 36.85], [21.05, 36.85], [21.05, 36.95], [20.95, 36.95], [20.95, 36.85]]]}}, {"type": "Feature", "properties": {"habitat": "Hellenic Trench", "hours_fast": 49.0, "hours_total": 403.0, "pct_fast": 0.0, "mean_speed_kn": 13.41}, "geometry": {"type": "Polygon", "coordinates": [[[21.05, 36.85], [21.15, 36.85], [21.15, 36.95], [21.05, 36.95], [21.05, 36.85]]]}}, {"type": "Feature", "properties": {"habitat": "Hellenic Trench", "hours_fast": 73.0, "hours_total": 579.0, "pct_fast": 0.0, "mean_speed_kn": 13.45}, "geometry": {"type": "Polygon", "coordinates": [[[21.15, 36.85], [21.25, 36.85], [21.25, 36.95], [21.15, 36.95], [21.15, 36.85]]]}}, {"type": "Feature", "properties": {"habitat": "Hellenic Trench", "hours_fast": 84.0, "hours_total": 499.0, "pct_fast": 0.0, "mean_speed_kn": 13.76}, "geometry": {"type": "Polygon", "coordinates": [[[21.25, 36.85], [21.35, 36.85], [21.35, 36.95], [21.25, 36.95], [21.25, 36.85]]]}}, {"type": "Feature", "properties": {"habitat": "Hellenic Trench", "hours_fast": 269.0, "hours_total": 661.0, "pct_fast": 0.0, "mean_speed_kn": 15.55}, "geometry": {"type": "Polygon", "coordinates": [[[21.35, 36.85], [21.45, 36.85], [21.45, 36.95], [21.35, 36.95], [21.35, 36.85]]]}}, {"type": "Feature", "properties": {"habitat": "Hellenic Trench", "hours_fast": 337.0, "hours_total": 704.0, "pct_fast": 0.0, "mean_speed_kn": 16.09}, "geometry": {"type": "Polygon", "coordinates": [[[21.45, 36.85], [21.55, 36.85], [21.55, 36.95], [21.45, 36.95], [21.45, 36.85]]]}}, {"type": "Feature", "properties": {"habitat": "Hellenic Trench", "hours_fast": 33.0, "hours_total": 155.0, "pct_fast": 1.94, "mean_speed_kn": 14.24}, "geometry": {"type": "Polygon", "coordinates": [[[21.55, 36.85], [21.65, 36.85], [21.65, 36.95], [21.55, 36.95], [21.55, 36.85]]]}}, {"type": "Feature", "properties": {"habitat": "Hellenic Trench", "hours_fast": 51.0, "hours_total": 183.0, "pct_fast": 2.73, "mean_speed_kn": 14.8}, "geometry": {"type": "Polygon", "coordinates": [[[22.05, 36.85], [22.15, 36.85], [22.15, 36.95], [22.05, 36.95], [22.05, 36.85]]]}}, {"type": "Feature", "properties": {"habitat": "Hellenic Trench", "hours_fast": 53.0, "hours_total": 397.0, "pct_fast": 0.0, "mean_speed_kn": 13.5}, "geometry": {"type": "Polygon", "coordinates": [[[20.85, 36.95], [20.95, 36.95], [20.95, 37.05], [20.85, 37.05], [20.85, 36.95]]]}}, {"type": "Feature", "properties": {"habitat": "Hellenic Trench", "hours_fast": 55.0, "hours_total": 526.0, "pct_fast": 0.0, "mean_speed_kn": 13.28}, "geometry": {"type": "Polygon", "coordinates": [[[20.95, 36.95], [21.05, 36.95], [21.05, 37.05], [20.95, 37.05], [20.95, 36.95]]]}}, {"type": "Feature", "properties": {"habitat": "Hellenic Trench", "hours_fast": 92.0, "hours_total": 668.0, "pct_fast": 0.0, "mean_speed_kn": 13.53}, "geometry": {"type": "Polygon", "coordinates": [[[21.05, 36.95], [21.15, 36.95], [21.15, 37.05], [21.05, 37.05], [21.05, 36.95]]]}}, {"type": "Feature", "properties": {"habitat": "Hellenic Trench", "hours_fast": 68.0, "hours_total": 354.0, "pct_fast": 0.0, "mean_speed_kn": 13.94}, "geometry": {"type": "Polygon", "coordinates": [[[21.15, 36.95], [21.25, 36.95], [21.25, 37.05], [21.15, 37.05], [21.15, 36.95]]]}}, {"type": "Feature", "properties": {"habitat": "Hellenic Trench", "hours_fast": 248.0, "hours_total": 509.0, "pct_fast": 0.0, "mean_speed_kn": 16.15}, "geometry": {"type": "Polygon", "coordinates": [[[21.25, 36.95], [21.35, 36.95], [21.35, 37.05], [21.25, 37.05], [21.25, 36.95]]]}}, {"type": "Feature", "properties": {"habitat": "Hellenic Trench", "hours_fast": 298.0, "hours_total": 639.0, "pct_fast": 0.0, "mean_speed_kn": 16.0}, "geometry": {"type": "Polygon", "coordinates": [[[21.35, 36.95], [21.45, 36.95], [21.45, 37.05], [21.35, 37.05], [21.35, 36.95]]]}}, {"type": "Feature", "properties": {"habitat": "Hellenic Trench", "hours_fast": 86.0, "hours_total": 320.0, "pct_fast": 0.94, "mean_speed_kn": 14.59}, "geometry": {"type": "Polygon", "coordinates": [[[21.45, 36.95], [21.55, 36.95], [21.55, 37.05], [21.45, 37.05], [21.45, 36.95]]]}}, {"type": "Feature", "properties": {"habitat": "Hellenic Trench", "hours_fast": 50.0, "hours_total": 422.0, "pct_fast": 0.0, "mean_speed_kn": 13.39}, "geometry": {"type": "Polygon", "coordinates": [[[20.75, 37.05], [20.85, 37.05], [20.85, 37.15], [20.75, 37.15], [20.75, 37.05]]]}}, {"type": "Feature", "properties": {"habitat": "Hellenic Trench", "hours_fast": 56.0, "hours_total": 482.0, "pct_fast": 0.0, "mean_speed_kn": 13.37}, "geometry": {"type": "Polygon", "coordinates": [[[20.85, 37.05], [20.95, 37.05], [20.95, 37.15], [20.85, 37.15], [20.85, 37.05]]]}}, {"type": "Feature", "properties": {"habitat": "Hellenic Trench", "hours_fast": 83.0, "hours_total": 603.0, "pct_fast": 0.0, "mean_speed_kn": 13.53}, "geometry": {"type": "Polygon", "coordinates": [[[20.95, 37.05], [21.05, 37.05], [21.05, 37.15], [20.95, 37.15], [20.95, 37.05]]]}}, {"type": "Feature", "properties": {"habitat": "Hellenic Trench", "hours_fast": 40.0, "hours_total": 201.0, "pct_fast": 0.0, "mean_speed_kn": 13.99}, "geometry": {"type": "Polygon", "coordinates": [[[21.05, 37.05], [21.15, 37.05], [21.15, 37.15], [21.05, 37.15], [21.05, 37.05]]]}}, {"type": "Feature", "properties": {"habitat": "Hellenic Trench", "hours_fast": 225.0, "hours_total": 439.0, "pct_fast": 0.0, "mean_speed_kn": 16.34}, "geometry": {"type": "Polygon", "coordinates": [[[21.15, 37.05], [21.25, 37.05], [21.25, 37.15], [21.15, 37.15], [21.15, 37.05]]]}}, {"type": "Feature", "properties": {"habitat": "Hellenic Trench", "hours_fast": 370.0, "hours_total": 736.0, "pct_fast": 0.0, "mean_speed_kn": 16.27}, "geometry": {"type": "Polygon", "coordinates": [[[21.25, 37.05], [21.35, 37.05], [21.35, 37.15], [21.25, 37.15], [21.25, 37.05]]]}}, {"type": "Feature", "properties": {"habitat": "Hellenic Trench", "hours_fast": 77.0, "hours_total": 309.0, "pct_fast": 0.32, "mean_speed_kn": 14.39}, "geometry": {"type": "Polygon", "coordinates": [[[21.35, 37.05], [21.45, 37.05], [21.45, 37.15], [21.35, 37.15], [21.35, 37.05]]]}}, {"type": "Feature", "properties": {"habitat": "Hellenic Trench", "hours_fast": 72.0, "hours_total": 473.0, "pct_fast": 0.0, "mean_speed_kn": 13.64}, "geometry": {"type": "Polygon", "coordinates": [[[20.65, 37.15], [20.75, 37.15], [20.75, 37.25], [20.65, 37.25], [20.65, 37.15]]]}}, {"type": "Feature", "properties": {"habitat": "Hellenic Trench", "hours_fast": 58.0, "hours_total": 469.0, "pct_fast": 0.0, "mean_speed_kn": 13.43}, "geometry": {"type": "Polygon", "coordinates": [[[20.75, 37.15], [20.85, 37.15], [20.85, 37.25], [20.75, 37.25], [20.75, 37.15]]]}}, {"type": "Feature", "properties": {"habitat": "Hellenic Trench", "hours_fast": 64.0, "hours_total": 482.0, "pct_fast": 0.0, "mean_speed_kn": 13.5}, "geometry": {"type": "Polygon", "coordinates": [[[20.85, 37.15], [20.95, 37.15], [20.95, 37.25], [20.85, 37.25], [20.85, 37.15]]]}}, {"type": "Feature", "properties": {"habitat": "Hellenic Trench", "hours_fast": 8.0, "hours_total": 83.0, "pct_fast": 0.0, "mean_speed_kn": 13.22}, "geometry": {"type": "Polygon", "coordinates": [[[20.95, 37.15], [21.05, 37.15], [21.05, 37.25], [20.95, 37.25], [20.95, 37.15]]]}}, {"type": "Feature", "properties": {"habitat": "Hellenic Trench", "hours_fast": 147.0, "hours_total": 272.0, "pct_fast": 0.0, "mean_speed_kn": 16.55}, "geometry": {"type": "Polygon", "coordinates": [[[21.05, 37.15], [21.15, 37.15], [21.15, 37.25], [21.05, 37.25], [21.05, 37.15]]]}}, {"type": "Feature", "properties": {"habitat": "Hellenic Trench", "hours_fast": 368.0, "hours_total": 764.0, "pct_fast": 0.0, "mean_speed_kn": 16.11}, "geometry": {"type": "Polygon", "coordinates": [[[21.15, 37.15], [21.25, 37.15], [21.25, 37.25], [21.15, 37.25], [21.15, 37.15]]]}}, {"type": "Feature", "properties": {"habitat": "Hellenic Trench", "hours_fast": 58.0, "hours_total": 260.0, "pct_fast": 0.0, "mean_speed_kn": 14.17}, "geometry": {"type": "Polygon", "coordinates": [[[21.25, 37.15], [21.35, 37.15], [21.35, 37.25], [21.25, 37.25], [21.25, 37.15]]]}}, {"type": "Feature", "properties": {"habitat": "Hellenic Trench", "hours_fast": 104.0, "hours_total": 321.0, "pct_fast": 1.25, "mean_speed_kn": 15.02}, "geometry": {"type": "Polygon", "coordinates": [[[21.35, 37.15], [21.45, 37.15], [21.45, 37.25], [21.35, 37.25], [21.35, 37.15]]]}}, {"type": "Feature", "properties": {"habitat": "Hellenic Trench", "hours_fast": 14.0, "hours_total": 52.0, "pct_fast": 3.85, "mean_speed_kn": 14.81}, "geometry": {"type": "Polygon", "coordinates": [[[21.45, 37.15], [21.55, 37.15], [21.55, 37.25], [21.45, 37.25], [21.45, 37.15]]]}}, {"type": "Feature", "properties": {"habitat": "Hellenic Trench", "hours_fast": 77.0, "hours_total": 434.0, "pct_fast": 0.0, "mean_speed_kn": 13.83}, "geometry": {"type": "Polygon", "coordinates": [[[20.55, 37.25], [20.65, 37.25], [20.65, 37.35], [20.55, 37.35], [20.55, 37.25]]]}}, {"type": "Feature", "properties": {"habitat": "Hellenic Trench", "hours_fast": 76.0, "hours_total": 512.0, "pct_fast": 0.0, "mean_speed_kn": 13.61}, "geometry": {"type": "Polygon", "coordinates": [[[20.65, 37.25], [20.75, 37.25], [20.75, 37.35], [20.65, 37.35], [20.65, 37.25]]]}}, {"type": "Feature", "properties": {"habitat": "Hellenic Trench", "hours_fast": 93.0, "hours_total": 596.0, "pct_fast": 0.17, "mean_speed_kn": 13.68}, "geometry": {"type": "Polygon", "coordinates": [[[20.75, 37.25], [20.85, 37.25], [20.85, 37.35], [20.75, 37.35], [20.75, 37.25]]]}}, {"type": "Feature", "properties": {"habitat": "Hellenic Trench", "hours_fast": 9.0, "hours_total": 91.0, "pct_fast": 0.0, "mean_speed_kn": 13.24}, "geometry": {"type": "Polygon", "coordinates": [[[20.85, 37.25], [20.95, 37.25], [20.95, 37.35], [20.85, 37.35], [20.85, 37.25]]]}}, {"type": "Feature", "properties": {"habitat": "Hellenic Trench", "hours_fast": 154.0, "hours_total": 307.0, "pct_fast": 0.33, "mean_speed_kn": 16.29}, "geometry": {"type": "Polygon", "coordinates": [[[20.95, 37.25], [21.05, 37.25], [21.05, 37.35], [20.95, 37.35], [20.95, 37.25]]]}}, {"type": "Feature", "properties": {"habitat": "Hellenic Trench", "hours_fast": 269.0, "hours_total": 543.0, "pct_fast": 0.0, "mean_speed_kn": 16.22}, "geometry": {"type": "Polygon", "coordinates": [[[21.05, 37.25], [21.15, 37.25], [21.15, 37.35], [21.05, 37.35], [21.05, 37.25]]]}}, {"type": "Feature", "properties": {"habitat": "Hellenic Trench", "hours_fast": 37.0, "hours_total": 141.0, "pct_fast": 0.0, "mean_speed_kn": 14.47}, "geometry": {"type": "Polygon", "coordinates": [[[21.15, 37.25], [21.25, 37.25], [21.25, 37.35], [21.15, 37.35], [21.15, 37.25]]]}}, {"type": "Feature", "properties": {"habitat": "Hellenic Trench", "hours_fast": 91.0, "hours_total": 335.0, "pct_fast": 0.3, "mean_speed_kn": 14.56}, "geometry": {"type": "Polygon", "coordinates": [[[21.25, 37.25], [21.35, 37.25], [21.35, 37.35], [21.25, 37.35], [21.25, 37.25]]]}}, {"type": "Feature", "properties": {"habitat": "Hellenic Trench", "hours_fast": 62.0, "hours_total": 160.0, "pct_fast": 3.12, "mean_speed_kn": 15.64}, "geometry": {"type": "Polygon", "coordinates": [[[21.35, 37.25], [21.45, 37.25], [21.45, 37.35], [21.35, 37.35], [21.35, 37.25]]]}}, {"type": "Feature", "properties": {"habitat": "Hellenic Trench", "hours_fast": 2.0, "hours_total": 7.0, "pct_fast": 14.29, "mean_speed_kn": 15.71}, "geometry": {"type": "Polygon", "coordinates": [[[21.45, 37.25], [21.55, 37.25], [21.55, 37.35], [21.45, 37.35], [21.45, 37.25]]]}}, {"type": "Feature", "properties": {"habitat": "Hellenic Trench", "hours_fast": 71.0, "hours_total": 426.0, "pct_fast": 0.0, "mean_speed_kn": 13.75}, "geometry": {"type": "Polygon", "coordinates": [[[20.45, 37.35], [20.55, 37.35], [20.55, 37.45], [20.45, 37.45], [20.45, 37.35]]]}}, {"type": "Feature", "properties": {"habitat": "Hellenic Trench", "hours_fast": 57.0, "hours_total": 442.0, "pct_fast": 0.0, "mean_speed_kn": 13.47}, "geometry": {"type": "Polygon", "coordinates": [[[20.55, 37.35], [20.65, 37.35], [20.65, 37.45], [20.55, 37.45], [20.55, 37.35]]]}}, {"type": "Feature", "properties": {"habitat": "Hellenic Trench", "hours_fast": 87.0, "hours_total": 603.0, "pct_fast": 0.0, "mean_speed_kn": 13.58}, "geometry": {"type": "Polygon", "coordinates": [[[20.65, 37.35], [20.75, 37.35], [20.75, 37.45], [20.65, 37.45], [20.65, 37.35]]]}}, {"type": "Feature", "properties": {"habitat": "Hellenic Trench", "hours_fast": 37.0, "hours_total": 268.0, "pct_fast": 0.0, "mean_speed_kn": 13.54}, "geometry": {"type": "Polygon", "coordinates": [[[20.75, 37.35], [20.85, 37.35], [20.85, 37.45], [20.75, 37.45], [20.75, 37.35]]]}}, {"type": "Feature", "properties": {"habitat": "Hellenic Trench", "hours_fast": 266.0, "hours_total": 510.0, "pct_fast": 0.0, "mean_speed_kn": 16.41}, "geometry": {"type": "Polygon", "coordinates": [[[20.85, 37.35], [20.95, 37.35], [20.95, 37.45], [20.85, 37.45], [20.85, 37.35]]]}}, {"type": "Feature", "properties": {"habitat": "Hellenic Trench", "hours_fast": 320.0, "hours_total": 613.0, "pct_fast": 0.0, "mean_speed_kn": 16.42}, "geometry": {"type": "Polygon", "coordinates": [[[20.95, 37.35], [21.05, 37.35], [21.05, 37.45], [20.95, 37.45], [20.95, 37.35]]]}}, {"type": "Feature", "properties": {"habitat": "Hellenic Trench", "hours_fast": 10.0, "hours_total": 84.0, "pct_fast": 0.0, "mean_speed_kn": 13.39}, "geometry": {"type": "Polygon", "coordinates": [[[21.05, 37.35], [21.15, 37.35], [21.15, 37.45], [21.05, 37.45], [21.05, 37.35]]]}}, {"type": "Feature", "properties": {"habitat": "Hellenic Trench", "hours_fast": 50.0, "hours_total": 230.0, "pct_fast": 0.0, "mean_speed_kn": 14.13}, "geometry": {"type": "Polygon", "coordinates": [[[21.15, 37.35], [21.25, 37.35], [21.25, 37.45], [21.15, 37.45], [21.15, 37.35]]]}}, {"type": "Feature", "properties": {"habitat": "Hellenic Trench", "hours_fast": 60.0, "hours_total": 239.0, "pct_fast": 2.09, "mean_speed_kn": 14.54}, "geometry": {"type": "Polygon", "coordinates": [[[21.25, 37.35], [21.35, 37.35], [21.35, 37.45], [21.25, 37.45], [21.25, 37.35]]]}}, {"type": "Feature", "properties": {"habitat": "Hellenic Trench", "hours_fast": 25.0, "hours_total": 83.0, "pct_fast": 0.0, "mean_speed_kn": 14.76}, "geometry": {"type": "Polygon", "coordinates": [[[21.35, 37.35], [21.45, 37.35], [21.45, 37.45], [21.35, 37.45], [21.35, 37.35]]]}}, {"type": "Feature", "properties": {"habitat": "Hellenic Trench", "hours_fast": 2.0, "hours_total": 4.0, "pct_fast": 0.0, "mean_speed_kn": 16.25}, "geometry": {"type": "Polygon", "coordinates": [[[21.45, 37.35], [21.55, 37.35], [21.55, 37.45], [21.45, 37.45], [21.45, 37.35]]]}}, {"type": "Feature", "properties": {"habitat": "Hellenic Trench", "hours_fast": 104.0, "hours_total": 460.0, "pct_fast": 0.0, "mean_speed_kn": 14.2}, "geometry": {"type": "Polygon", "coordinates": [[[20.35, 37.45], [20.45, 37.45], [20.45, 37.55], [20.35, 37.55], [20.35, 37.45]]]}}, {"type": "Feature", "properties": {"habitat": "Hellenic Trench", "hours_fast": 41.0, "hours_total": 410.0, "pct_fast": 0.0, "mean_speed_kn": 13.25}, "geometry": {"type": "Polygon", "coordinates": [[[20.45, 37.45], [20.55, 37.45], [20.55, 37.55], [20.45, 37.55], [20.45, 37.45]]]}}, {"type": "Feature", "properties": {"habitat": "Hellenic Trench", "hours_fast": 79.0, "hours_total": 519.0, "pct_fast": 0.0, "mean_speed_kn": 13.64}, "geometry": {"type": "Polygon", "coordinates": [[[20.55, 37.45], [20.65, 37.45], [20.65, 37.55], [20.55, 37.55], [20.55, 37.45]]]}}, {"type": "Feature", "properties": {"habitat": "Hellenic Trench", "hours_fast": 40.0, "hours_total": 379.0, "pct_fast": 0.0, "mean_speed_kn": 13.29}, "geometry": {"type": "Polygon", "coordinates": [[[20.65, 37.45], [20.75, 37.45], [20.75, 37.55], [20.65, 37.55], [20.65, 37.45]]]}}, {"type": "Feature", "properties": {"habitat": "Hellenic Trench", "hours_fast": 177.0, "hours_total": 448.0, "pct_fast": 0.0, "mean_speed_kn": 15.46}, "geometry": {"type": "Polygon", "coordinates": [[[20.75, 37.45], [20.85, 37.45], [20.85, 37.55], [20.75, 37.55], [20.75, 37.45]]]}}, {"type": "Feature", "properties": {"habitat": "Hellenic Trench", "hours_fast": 393.0, "hours_total": 708.0, "pct_fast": 0.0, "mean_speed_kn": 16.66}, "geometry": {"type": "Polygon", "coordinates": [[[20.85, 37.45], [20.95, 37.45], [20.95, 37.55], [20.85, 37.55], [20.85, 37.45]]]}}, {"type": "Feature", "properties": {"habitat": "Hellenic Trench", "hours_fast": 11.0, "hours_total": 59.0, "pct_fast": 0.0, "mean_speed_kn": 13.9}, "geometry": {"type": "Polygon", "coordinates": [[[20.95, 37.45], [21.05, 37.45], [21.05, 37.55], [20.95, 37.55], [20.95, 37.45]]]}}, {"type": "Feature", "properties": {"habitat": "Hellenic Trench", "hours_fast": 26.0, "hours_total": 96.0, "pct_fast": 0.0, "mean_speed_kn": 14.53}, "geometry": {"type": "Polygon", "coordinates": [[[21.05, 37.45], [21.15, 37.45], [21.15, 37.55], [21.05, 37.55], [21.05, 37.45]]]}}, {"type": "Feature", "properties": {"habitat": "Hellenic Trench", "hours_fast": 83.0, "hours_total": 341.0, "pct_fast": 0.88, "mean_speed_kn": 14.39}, "geometry": {"type": "Polygon", "coordinates": [[[21.15, 37.45], [21.25, 37.45], [21.25, 37.55], [21.15, 37.55], [21.15, 37.45]]]}}, {"type": "Feature", "properties": {"habitat": "Hellenic Trench", "hours_fast": 14.0, "hours_total": 77.0, "pct_fast": 0.0, "mean_speed_kn": 13.86}, "geometry": {"type": "Polygon", "coordinates": [[[21.25, 37.45], [21.35, 37.45], [21.35, 37.55], [21.25, 37.55], [21.25, 37.45]]]}}, {"type": "Feature", "properties": {"habitat": "Hellenic Trench", "hours_fast": 19.0, "hours_total": 50.0, "pct_fast": 0.0, "mean_speed_kn": 15.35}, "geometry": {"type": "Polygon", "coordinates": [[[21.35, 37.45], [21.45, 37.45], [21.45, 37.55], [21.35, 37.55], [21.35, 37.45]]]}}, {"type": "Feature", "properties": {"habitat": "Hellenic Trench", "hours_fast": 3.0, "hours_total": 5.0, "pct_fast": 0.0, "mean_speed_kn": 17.0}, "geometry": {"type": "Polygon", "coordinates": [[[21.45, 37.45], [21.55, 37.45], [21.55, 37.55], [21.45, 37.55], [21.45, 37.45]]]}}, {"type": "Feature", "properties": {"habitat": "Hellenic Trench", "hours_fast": 57.0, "hours_total": 242.0, "pct_fast": 0.0, "mean_speed_kn": 14.27}, "geometry": {"type": "Polygon", "coordinates": [[[20.15, 37.55], [20.25, 37.55], [20.25, 37.65], [20.15, 37.65], [20.15, 37.55]]]}}, {"type": "Feature", "properties": {"habitat": "Hellenic Trench", "hours_fast": 97.0, "hours_total": 420.0, "pct_fast": 0.0, "mean_speed_kn": 14.23}, "geometry": {"type": "Polygon", "coordinates": [[[20.25, 37.55], [20.35, 37.55], [20.35, 37.65], [20.25, 37.65], [20.25, 37.55]]]}}, {"type": "Feature", "properties": {"habitat": "Hellenic Trench", "hours_fast": 52.0, "hours_total": 425.0, "pct_fast": 0.0, "mean_speed_kn": 13.42}, "geometry": {"type": "Polygon", "coordinates": [[[20.35, 37.55], [20.45, 37.55], [20.45, 37.65], [20.35, 37.65], [20.35, 37.55]]]}}, {"type": "Feature", "properties": {"habitat": "Hellenic Trench", "hours_fast": 75.0, "hours_total": 475.0, "pct_fast": 0.0, "mean_speed_kn": 13.68}, "geometry": {"type": "Polygon", "coordinates": [[[20.45, 37.55], [20.55, 37.55], [20.55, 37.65], [20.45, 37.65], [20.45, 37.55]]]}}, {"type": "Feature", "properties": {"habitat": "Hellenic Trench", "hours_fast": 68.0, "hours_total": 589.0, "pct_fast": 0.17, "mean_speed_kn": 13.38}, "geometry": {"type": "Polygon", "coordinates": [[[20.55, 37.55], [20.65, 37.55], [20.65, 37.65], [20.55, 37.65], [20.55, 37.55]]]}}, {"type": "Feature", "properties": {"habitat": "Hellenic Trench", "hours_fast": 221.0, "hours_total": 579.0, "pct_fast": 0.0, "mean_speed_kn": 15.36}, "geometry": {"type": "Polygon", "coordinates": [[[20.65, 37.55], [20.75, 37.55], [20.75, 37.65], [20.65, 37.65], [20.65, 37.55]]]}}, {"type": "Feature", "properties": {"habitat": "Hellenic Trench", "hours_fast": 242.0, "hours_total": 538.0, "pct_fast": 0.19, "mean_speed_kn": 15.89}, "geometry": {"type": "Polygon", "coordinates": [[[20.75, 37.55], [20.85, 37.55], [20.85, 37.65], [20.75, 37.65], [20.75, 37.55]]]}}, {"type": "Feature", "properties": {"habitat": "Hellenic Trench", "hours_fast": 20.0, "hours_total": 94.0, "pct_fast": 1.06, "mean_speed_kn": 14.18}, "geometry": {"type": "Polygon", "coordinates": [[[20.85, 37.55], [20.95, 37.55], [20.95, 37.65], [20.85, 37.65], [20.85, 37.55]]]}}, {"type": "Feature", "properties": {"habitat": "Hellenic Trench", "hours_fast": 10.0, "hours_total": 46.0, "pct_fast": 0.0, "mean_speed_kn": 14.13}, "geometry": {"type": "Polygon", "coordinates": [[[20.95, 37.55], [21.05, 37.55], [21.05, 37.65], [20.95, 37.65], [20.95, 37.55]]]}}, {"type": "Feature", "properties": {"habitat": "Hellenic Trench", "hours_fast": 46.0, "hours_total": 241.0, "pct_fast": 1.24, "mean_speed_kn": 14.02}, "geometry": {"type": "Polygon", "coordinates": [[[21.05, 37.55], [21.15, 37.55], [21.15, 37.65], [21.05, 37.65], [21.05, 37.55]]]}}, {"type": "Feature", "properties": {"habitat": "Hellenic Trench", "hours_fast": 58.0, "hours_total": 204.0, "pct_fast": 0.98, "mean_speed_kn": 14.71}, "geometry": {"type": "Polygon", "coordinates": [[[21.15, 37.55], [21.25, 37.55], [21.25, 37.65], [21.15, 37.65], [21.15, 37.55]]]}}, {"type": "Feature", "properties": {"habitat": "Hellenic Trench", "hours_fast": 92.0, "hours_total": 378.0, "pct_fast": 0.0, "mean_speed_kn": 14.33}, "geometry": {"type": "Polygon", "coordinates": [[[20.15, 37.65], [20.25, 37.65], [20.25, 37.75], [20.15, 37.75], [20.15, 37.65]]]}}, {"type": "Feature", "properties": {"habitat": "Hellenic Trench", "hours_fast": 47.0, "hours_total": 394.0, "pct_fast": 0.25, "mean_speed_kn": 13.41}, "geometry": {"type": "Polygon", "coordinates": [[[20.25, 37.65], [20.35, 37.65], [20.35, 37.75], [20.25, 37.75], [20.25, 37.65]]]}}, {"type": "Feature", "properties": {"habitat": "Hellenic Trench", "hours_fast": 63.0, "hours_total": 393.0, "pct_fast": 0.0, "mean_speed_kn": 13.7}, "geometry": {"type": "Polygon", "coordinates": [[[20.35, 37.65], [20.45, 37.65], [20.45, 37.75], [20.35, 37.75], [20.35, 37.65]]]}}, {"type": "Feature", "properties": {"habitat": "Hellenic Trench", "hours_fast": 70.0, "hours_total": 550.0, "pct_fast": 0.0, "mean_speed_kn": 13.45}, "geometry": {"type": "Polygon", "coordinates": [[[20.45, 37.65], [20.55, 37.65], [20.55, 37.75], [20.45, 37.75], [20.45, 37.65]]]}}, {"type": "Feature", "properties": {"habitat": "Hellenic Trench", "hours_fast": 269.0, "hours_total": 743.0, "pct_fast": 0.0, "mean_speed_kn": 15.22}, "geometry": {"type": "Polygon", "coordinates": [[[20.55, 37.65], [20.65, 37.65], [20.65, 37.75], [20.55, 37.75], [20.55, 37.65]]]}}, {"type": "Feature", "properties": {"habitat": "Hellenic Trench", "hours_fast": 289.0, "hours_total": 548.0, "pct_fast": 0.18, "mean_speed_kn": 16.47}, "geometry": {"type": "Polygon", "coordinates": [[[20.65, 37.65], [20.75, 37.65], [20.75, 37.75], [20.65, 37.75], [20.65, 37.65]]]}}, {"type": "Feature", "properties": {"habitat": "Hellenic Trench", "hours_fast": 89.0, "hours_total": 312.0, "pct_fast": 1.6, "mean_speed_kn": 14.76}, "geometry": {"type": "Polygon", "coordinates": [[[20.85, 37.65], [20.95, 37.65], [20.95, 37.75], [20.85, 37.75], [20.85, 37.65]]]}}, {"type": "Feature", "properties": {"habitat": "Hellenic Trench", "hours_fast": 86.0, "hours_total": 429.0, "pct_fast": 1.63, "mean_speed_kn": 14.13}, "geometry": {"type": "Polygon", "coordinates": [[[20.95, 37.65], [21.05, 37.65], [21.05, 37.75], [20.95, 37.75], [20.95, 37.65]]]}}, {"type": "Feature", "properties": {"habitat": "Hellenic Trench", "hours_fast": 90.0, "hours_total": 412.0, "pct_fast": 0.0, "mean_speed_kn": 14.14}, "geometry": {"type": "Polygon", "coordinates": [[[20.05, 37.75], [20.15, 37.75], [20.15, 37.85], [20.05, 37.85], [20.05, 37.75]]]}}, {"type": "Feature", "properties": {"habitat": "Hellenic Trench", "hours_fast": 61.0, "hours_total": 369.0, "pct_fast": 0.27, "mean_speed_kn": 13.76}, "geometry": {"type": "Polygon", "coordinates": [[[20.15, 37.75], [20.25, 37.75], [20.25, 37.85], [20.15, 37.85], [20.15, 37.75]]]}}, {"type": "Feature", "properties": {"habitat": "Hellenic Trench", "hours_fast": 48.0, "hours_total": 409.0, "pct_fast": 0.0, "mean_speed_kn": 13.38}, "geometry": {"type": "Polygon", "coordinates": [[[20.25, 37.75], [20.35, 37.75], [20.35, 37.85], [20.25, 37.85], [20.25, 37.75]]]}}, {"type": "Feature", "properties": {"habitat": "Hellenic Trench", "hours_fast": 63.0, "hours_total": 547.0, "pct_fast": 0.0, "mean_speed_kn": 13.36}, "geometry": {"type": "Polygon", "coordinates": [[[20.35, 37.75], [20.45, 37.75], [20.45, 37.85], [20.35, 37.85], [20.35, 37.75]]]}}, {"type": "Feature", "properties": {"habitat": "Hellenic Trench", "hours_fast": 223.0, "hours_total": 724.0, "pct_fast": 0.0, "mean_speed_kn": 14.81}, "geometry": {"type": "Polygon", "coordinates": [[[20.45, 37.75], [20.55, 37.75], [20.55, 37.85], [20.45, 37.85], [20.45, 37.75]]]}}, {"type": "Feature", "properties": {"habitat": "Hellenic Trench", "hours_fast": 304.0, "hours_total": 603.0, "pct_fast": 0.33, "mean_speed_kn": 16.31}, "geometry": {"type": "Polygon", "coordinates": [[[20.55, 37.75], [20.65, 37.75], [20.65, 37.85], [20.55, 37.85], [20.55, 37.75]]]}}, {"type": "Feature", "properties": {"habitat": "Hellenic Trench", "hours_fast": 79.0, "hours_total": 358.0, "pct_fast": 0.56, "mean_speed_kn": 14.2}, "geometry": {"type": "Polygon", "coordinates": [[[20.05, 37.85], [20.15, 37.85], [20.15, 37.95], [20.05, 37.95], [20.05, 37.85]]]}}, {"type": "Feature", "properties": {"habitat": "Hellenic Trench", "hours_fast": 59.0, "hours_total": 460.0, "pct_fast": 0.22, "mean_speed_kn": 13.48}, "geometry": {"type": "Polygon", "coordinates": [[[20.15, 37.85], [20.25, 37.85], [20.25, 37.95], [20.15, 37.95], [20.15, 37.85]]]}}, {"type": "Feature", "properties": {"habitat": "Hellenic Trench", "hours_fast": 74.0, "hours_total": 546.0, "pct_fast": 0.0, "mean_speed_kn": 13.52}, "geometry": {"type": "Polygon", "coordinates": [[[20.25, 37.85], [20.35, 37.85], [20.35, 37.95], [20.25, 37.95], [20.25, 37.85]]]}}, {"type": "Feature", "properties": {"habitat": "Hellenic Trench", "hours_fast": 223.0, "hours_total": 1020.0, "pct_fast": 0.2, "mean_speed_kn": 14.15}, "geometry": {"type": "Polygon", "coordinates": [[[20.35, 37.85], [20.45, 37.85], [20.45, 37.95], [20.35, 37.95], [20.35, 37.85]]]}}, {"type": "Feature", "properties": {"habitat": "Hellenic Trench", "hours_fast": 301.0, "hours_total": 629.0, "pct_fast": 0.0, "mean_speed_kn": 16.09}, "geometry": {"type": "Polygon", "coordinates": [[[20.45, 37.85], [20.55, 37.85], [20.55, 37.95], [20.45, 37.95], [20.45, 37.85]]]}}, {"type": "Feature", "properties": {"habitat": "Hellenic Trench", "hours_fast": 53.0, "hours_total": 230.0, "pct_fast": 3.04, "mean_speed_kn": 14.46}, "geometry": {"type": "Polygon", "coordinates": [[[20.55, 37.85], [20.65, 37.85], [20.65, 37.95], [20.55, 37.95], [20.55, 37.85]]]}}, {"type": "Feature", "properties": {"habitat": "Hellenic Trench", "hours_fast": 79.0, "hours_total": 480.0, "pct_fast": 0.21, "mean_speed_kn": 13.75}, "geometry": {"type": "Polygon", "coordinates": [[[20.05, 37.95], [20.15, 37.95], [20.15, 38.05], [20.05, 38.05], [20.05, 37.95]]]}}, {"type": "Feature", "properties": {"habitat": "Hellenic Trench", "hours_fast": 93.0, "hours_total": 536.0, "pct_fast": 0.0, "mean_speed_kn": 13.8}, "geometry": {"type": "Polygon", "coordinates": [[[20.15, 37.95], [20.25, 37.95], [20.25, 38.05], [20.15, 38.05], [20.15, 37.95]]]}}, {"type": "Feature", "properties": {"habitat": "Hellenic Trench", "hours_fast": 181.0, "hours_total": 891.0, "pct_fast": 0.11, "mean_speed_kn": 14.03}, "geometry": {"type": "Polygon", "coordinates": [[[20.25, 37.95], [20.35, 37.95], [20.35, 38.05], [20.25, 38.05], [20.25, 37.95]]]}}, {"type": "Feature", "properties": {"habitat": "Hellenic Trench", "hours_fast": 417.0, "hours_total": 964.0, "pct_fast": 0.0, "mean_speed_kn": 15.74}, "geometry": {"type": "Polygon", "coordinates": [[[20.35, 37.95], [20.45, 37.95], [20.45, 38.05], [20.35, 38.05], [20.35, 37.95]]]}}, {"type": "Feature", "properties": {"habitat": "Hellenic Trench", "hours_fast": 39.0, "hours_total": 207.0, "pct_fast": 0.48, "mean_speed_kn": 13.95}, "geometry": {"type": "Polygon", "coordinates": [[[20.45, 37.95], [20.55, 37.95], [20.55, 38.05], [20.45, 38.05], [20.45, 37.95]]]}}, {"type": "Feature", "properties": {"habitat": "Hellenic Trench", "hours_fast": 38.0, "hours_total": 271.0, "pct_fast": 1.48, "mean_speed_kn": 13.66}, "geometry": {"type": "Polygon", "coordinates": [[[20.55, 37.95], [20.65, 37.95], [20.65, 38.05], [20.55, 38.05], [20.55, 37.95]]]}}, {"type": "Feature", "properties": {"habitat": "Hellenic Trench", "hours_fast": 71.0, "hours_total": 451.0, "pct_fast": 0.67, "mean_speed_kn": 13.73}, "geometry": {"type": "Polygon", "coordinates": [[[20.05, 38.05], [20.15, 38.05], [20.15, 38.15], [20.05, 38.15], [20.05, 38.05]]]}}, {"type": "Feature", "properties": {"habitat": "Hellenic Trench", "hours_fast": 144.0, "hours_total": 703.0, "pct_fast": 0.14, "mean_speed_kn": 14.05}, "geometry": {"type": "Polygon", "coordinates": [[[20.15, 38.05], [20.25, 38.05], [20.25, 38.15], [20.15, 38.15], [20.15, 38.05]]]}}, {"type": "Feature", "properties": {"habitat": "Hellenic Trench", "hours_fast": 356.0, "hours_total": 971.0, "pct_fast": 0.0, "mean_speed_kn": 15.25}, "geometry": {"type": "Polygon", "coordinates": [[[20.25, 38.05], [20.35, 38.05], [20.35, 38.15], [20.25, 38.15], [20.25, 38.05]]]}}, {"type": "Feature", "properties": {"habitat": "Hellenic Trench", "hours_fast": 113.0, "hours_total": 347.0, "pct_fast": 3.46, "mean_speed_kn": 15.2}, "geometry": {"type": "Polygon", "coordinates": [[[20.35, 38.05], [20.45, 38.05], [20.45, 38.15], [20.35, 38.15], [20.35, 38.05]]]}}, {"type": "Feature", "properties": {"habitat": "Hellenic Trench", "hours_fast": 125.0, "hours_total": 441.0, "pct_fast": 4.76, "mean_speed_kn": 14.98}, "geometry": {"type": "Polygon", "coordinates": [[[20.45, 38.05], [20.55, 38.05], [20.55, 38.15], [20.45, 38.15], [20.45, 38.05]]]}}, {"type": "Feature", "properties": {"habitat": "Hellenic Trench", "hours_fast": 134.0, "hours_total": 621.0, "pct_fast": 0.32, "mean_speed_kn": 14.14}, "geometry": {"type": "Polygon", "coordinates": [[[20.05, 38.15], [20.15, 38.15], [20.15, 38.25], [20.05, 38.25], [20.05, 38.15]]]}}, {"type": "Feature", "properties": {"habitat": "Hellenic Trench", "hours_fast": 330.0, "hours_total": 970.0, "pct_fast": 0.1, "mean_speed_kn": 15.06}, "geometry": {"type": "Polygon", "coordinates": [[[20.15, 38.15], [20.25, 38.15], [20.25, 38.25], [20.15, 38.25], [20.15, 38.15]]]}}, {"type": "Feature", "properties": {"habitat": "Hellenic Trench", "hours_fast": 169.0, "hours_total": 475.0, "pct_fast": 0.84, "mean_speed_kn": 15.23}, "geometry": {"type": "Polygon", "coordinates": [[[20.25, 38.15], [20.35, 38.15], [20.35, 38.25], [20.25, 38.25], [20.25, 38.15]]]}}, {"type": "Feature", "properties": {"habitat": "Cetacean Migration Corridor", "hours_fast": 355.0, "hours_total": 1866.0, "pct_fast": 0.27, "mean_speed_kn": 13.95}, "geometry": {"type": "Polygon", "coordinates": [[[0.45, 38.65], [0.55, 38.65], [0.55, 38.75], [0.45, 38.75], [0.45, 38.65]]]}}, {"type": "Feature", "properties": {"habitat": "Cetacean Migration Corridor", "hours_fast": 122.0, "hours_total": 562.0, "pct_fast": 0.71, "mean_speed_kn": 14.18}, "geometry": {"type": "Polygon", "coordinates": [[[0.55, 38.65], [0.65, 38.65], [0.65, 38.75], [0.55, 38.75], [0.55, 38.65]]]}}, {"type": "Feature", "properties": {"habitat": "Cetacean Migration Corridor", "hours_fast": 79.0, "hours_total": 531.0, "pct_fast": 1.32, "mean_speed_kn": 13.71}, "geometry": {"type": "Polygon", "coordinates": [[[0.65, 38.65], [0.75, 38.65], [0.75, 38.75], [0.65, 38.75], [0.65, 38.65]]]}}, {"type": "Feature", "properties": {"habitat": "Cetacean Migration Corridor", "hours_fast": 49.0, "hours_total": 288.0, "pct_fast": 1.04, "mean_speed_kn": 13.85}, "geometry": {"type": "Polygon", "coordinates": [[[0.75, 38.65], [0.85, 38.65], [0.85, 38.75], [0.75, 38.75], [0.75, 38.65]]]}}, {"type": "Feature", "properties": {"habitat": "Cetacean Migration Corridor", "hours_fast": 675.0, "hours_total": 2268.0, "pct_fast": 3.53, "mean_speed_kn": 15.0}, "geometry": {"type": "Polygon", "coordinates": [[[0.35, 38.75], [0.45, 38.75], [0.45, 38.85], [0.35, 38.85], [0.35, 38.75]]]}}, {"type": "Feature", "properties": {"habitat": "Cetacean Migration Corridor", "hours_fast": 680.0, "hours_total": 2364.0, "pct_fast": 6.47, "mean_speed_kn": 15.14}, "geometry": {"type": "Polygon", "coordinates": [[[0.45, 38.75], [0.55, 38.75], [0.55, 38.85], [0.45, 38.85], [0.45, 38.75]]]}}, {"type": "Feature", "properties": {"habitat": "Cetacean Migration Corridor", "hours_fast": 373.0, "hours_total": 1183.0, "pct_fast": 13.19, "mean_speed_kn": 15.85}, "geometry": {"type": "Polygon", "coordinates": [[[0.55, 38.75], [0.65, 38.75], [0.65, 38.85], [0.55, 38.85], [0.55, 38.75]]]}}, {"type": "Feature", "properties": {"habitat": "Cetacean Migration Corridor", "hours_fast": 283.0, "hours_total": 874.0, "pct_fast": 15.22, "mean_speed_kn": 16.07}, "geometry": {"type": "Polygon", "coordinates": [[[0.65, 38.75], [0.75, 38.75], [0.75, 38.85], [0.65, 38.85], [0.65, 38.75]]]}}, {"type": "Feature", "properties": {"habitat": "Cetacean Migration Corridor", "hours_fast": 276.0, "hours_total": 562.0, "pct_fast": 32.03, "mean_speed_kn": 18.59}, "geometry": {"type": "Polygon", "coordinates": [[[0.75, 38.75], [0.85, 38.75], [0.85, 38.85], [0.75, 38.85], [0.75, 38.75]]]}}, {"type": "Feature", "properties": {"habitat": "Cetacean Migration Corridor", "hours_fast": 273.0, "hours_total": 496.0, "pct_fast": 38.1, "mean_speed_kn": 19.49}, "geometry": {"type": "Polygon", "coordinates": [[[0.85, 38.75], [0.95, 38.75], [0.95, 38.85], [0.85, 38.85], [0.85, 38.75]]]}}, {"type": "Feature", "properties": {"habitat": "Cetacean Migration Corridor", "hours_fast": 241.0, "hours_total": 915.0, "pct_fast": 6.12, "mean_speed_kn": 14.93}, "geometry": {"type": "Polygon", "coordinates": [[[0.35, 38.85], [0.45, 38.85], [0.45, 38.95], [0.35, 38.95], [0.35, 38.85]]]}}, {"type": "Feature", "properties": {"habitat": "Cetacean Migration Corridor", "hours_fast": 395.0, "hours_total": 1452.0, "pct_fast": 2.55, "mean_speed_kn": 14.73}, "geometry": {"type": "Polygon", "coordinates": [[[0.45, 38.85], [0.55, 38.85], [0.55, 38.95], [0.45, 38.95], [0.45, 38.85]]]}}, {"type": "Feature", "properties": {"habitat": "Cetacean Migration Corridor", "hours_fast": 418.0, "hours_total": 1522.0, "pct_fast": 1.18, "mean_speed_kn": 14.65}, "geometry": {"type": "Polygon", "coordinates": [[[0.55, 38.85], [0.65, 38.85], [0.65, 38.95], [0.55, 38.95], [0.55, 38.85]]]}}, {"type": "Feature", "properties": {"habitat": "Cetacean Migration Corridor", "hours_fast": 192.0, "hours_total": 934.0, "pct_fast": 1.5, "mean_speed_kn": 14.15}, "geometry": {"type": "Polygon", "coordinates": [[[0.65, 38.85], [0.75, 38.85], [0.75, 38.95], [0.65, 38.95], [0.65, 38.85]]]}}, {"type": "Feature", "properties": {"habitat": "Cetacean Migration Corridor", "hours_fast": 124.0, "hours_total": 591.0, "pct_fast": 1.02, "mean_speed_kn": 14.15}, "geometry": {"type": "Polygon", "coordinates": [[[0.75, 38.85], [0.85, 38.85], [0.85, 38.95], [0.75, 38.95], [0.75, 38.85]]]}}, {"type": "Feature", "properties": {"habitat": "Cetacean Migration Corridor", "hours_fast": 234.0, "hours_total": 478.0, "pct_fast": 2.51, "mean_speed_kn": 16.36}, "geometry": {"type": "Polygon", "coordinates": [[[0.85, 38.85], [0.95, 38.85], [0.95, 38.95], [0.85, 38.95], [0.85, 38.85]]]}}, {"type": "Feature", "properties": {"habitat": "Cetacean Migration Corridor", "hours_fast": 392.0, "hours_total": 582.0, "pct_fast": 0.86, "mean_speed_kn": 17.62}, "geometry": {"type": "Polygon", "coordinates": [[[0.95, 38.85], [1.05, 38.85], [1.05, 38.95], [0.95, 38.95], [0.95, 38.85]]]}}, {"type": "Feature", "properties": {"habitat": "Cetacean Migration Corridor", "hours_fast": 61.0, "hours_total": 472.0, "pct_fast": 0.0, "mean_speed_kn": 13.47}, "geometry": {"type": "Polygon", "coordinates": [[[0.35, 38.95], [0.45, 38.95], [0.45, 39.05], [0.35, 39.05], [0.35, 38.95]]]}}, {"type": "Feature", "properties": {"habitat": "Cetacean Migration Corridor", "hours_fast": 58.0, "hours_total": 489.0, "pct_fast": 0.0, "mean_speed_kn": 13.39}, "geometry": {"type": "Polygon", "coordinates": [[[0.45, 38.95], [0.55, 38.95], [0.55, 39.05], [0.45, 39.05], [0.45, 38.95]]]}}, {"type": "Feature", "properties": {"habitat": "Cetacean Migration Corridor", "hours_fast": 349.0, "hours_total": 1288.0, "pct_fast": 0.0, "mean_speed_kn": 14.53}, "geometry": {"type": "Polygon", "coordinates": [[[0.55, 38.95], [0.65, 38.95], [0.65, 39.05], [0.55, 39.05], [0.55, 38.95]]]}}, {"type": "Feature", "properties": {"habitat": "Cetacean Migration Corridor", "hours_fast": 468.0, "hours_total": 1326.0, "pct_fast": 0.08, "mean_speed_kn": 15.15}, "geometry": {"type": "Polygon", "coordinates": [[[0.65, 38.95], [0.75, 38.95], [0.75, 39.05], [0.65, 39.05], [0.65, 38.95]]]}}, {"type": "Feature", "properties": {"habitat": "Cetacean Migration Corridor", "hours_fast": 428.0, "hours_total": 1104.0, "pct_fast": 0.0, "mean_speed_kn": 15.41}, "geometry": {"type": "Polygon", "coordinates": [[[0.75, 38.95], [0.85, 38.95], [0.85, 39.05], [0.75, 39.05], [0.75, 38.95]]]}}, {"type": "Feature", "properties": {"habitat": "Cetacean Migration Corridor", "hours_fast": 285.0, "hours_total": 686.0, "pct_fast": 0.44, "mean_speed_kn": 15.65}, "geometry": {"type": "Polygon", "coordinates": [[[0.85, 38.95], [0.95, 38.95], [0.95, 39.05], [0.85, 39.05], [0.85, 38.95]]]}}, {"type": "Feature", "properties": {"habitat": "Cetacean Migration Corridor", "hours_fast": 87.0, "hours_total": 343.0, "pct_fast": 0.29, "mean_speed_kn": 14.42}, "geometry": {"type": "Polygon", "coordinates": [[[0.95, 38.95], [1.05, 38.95], [1.05, 39.05], [0.95, 39.05], [0.95, 38.95]]]}}, {"type": "Feature", "properties": {"habitat": "Cetacean Migration Corridor", "hours_fast": 100.0, "hours_total": 376.0, "pct_fast": 0.0, "mean_speed_kn": 14.49}, "geometry": {"type": "Polygon", "coordinates": [[[0.35, 39.05], [0.45, 39.05], [0.45, 39.15], [0.35, 39.15], [0.35, 39.05]]]}}, {"type": "Feature", "properties": {"habitat": "Cetacean Migration Corridor", "hours_fast": 273.0, "hours_total": 452.0, "pct_fast": 0.22, "mean_speed_kn": 17.05}, "geometry": {"type": "Polygon", "coordinates": [[[0.45, 39.05], [0.55, 39.05], [0.55, 39.15], [0.45, 39.15], [0.45, 39.05]]]}}, {"type": "Feature", "properties": {"habitat": "Cetacean Migration Corridor", "hours_fast": 419.0, "hours_total": 1050.0, "pct_fast": 0.1, "mean_speed_kn": 15.5}, "geometry": {"type": "Polygon", "coordinates": [[[0.55, 39.05], [0.65, 39.05], [0.65, 39.15], [0.55, 39.15], [0.55, 39.05]]]}}, {"type": "Feature", "properties": {"habitat": "Cetacean Migration Corridor", "hours_fast": 337.0, "hours_total": 1031.0, "pct_fast": 0.0, "mean_speed_kn": 14.95}, "geometry": {"type": "Polygon", "coordinates": [[[0.65, 39.05], [0.75, 39.05], [0.75, 39.15], [0.65, 39.15], [0.65, 39.05]]]}}, {"type": "Feature", "properties": {"habitat": "Cetacean Migration Corridor", "hours_fast": 225.0, "hours_total": 945.0, "pct_fast": 0.0, "mean_speed_kn": 14.29}, "geometry": {"type": "Polygon", "coordinates": [[[0.75, 39.05], [0.85, 39.05], [0.85, 39.15], [0.75, 39.15], [0.75, 39.05]]]}}, {"type": "Feature", "properties": {"habitat": "Cetacean Migration Corridor", "hours_fast": 151.0, "hours_total": 672.0, "pct_fast": 0.0, "mean_speed_kn": 14.19}, "geometry": {"type": "Polygon", "coordinates": [[[0.85, 39.05], [0.95, 39.05], [0.95, 39.15], [0.85, 39.15], [0.85, 39.05]]]}}, {"type": "Feature", "properties": {"habitat": "Cetacean Migration Corridor", "hours_fast": 86.0, "hours_total": 432.0, "pct_fast": 0.46, "mean_speed_kn": 14.03}, "geometry": {"type": "Polygon", "coordinates": [[[0.95, 39.05], [1.05, 39.05], [1.05, 39.15], [0.95, 39.15], [0.95, 39.05]]]}}, {"type": "Feature", "properties": {"habitat": "Cetacean Migration Corridor", "hours_fast": 201.0, "hours_total": 363.0, "pct_fast": 0.0, "mean_speed_kn": 16.65}, "geometry": {"type": "Polygon", "coordinates": [[[0.35, 39.15], [0.45, 39.15], [0.45, 39.25], [0.35, 39.25], [0.35, 39.15]]]}}, {"type": "Feature", "properties": {"habitat": "Cetacean Migration Corridor", "hours_fast": 15.0, "hours_total": 89.0, "pct_fast": 0.0, "mean_speed_kn": 13.76}, "geometry": {"type": "Polygon", "coordinates": [[[0.45, 39.15], [0.55, 39.15], [0.55, 39.25], [0.45, 39.25], [0.45, 39.15]]]}}, {"type": "Feature", "properties": {"habitat": "Cetacean Migration Corridor", "hours_fast": 39.0, "hours_total": 426.0, "pct_fast": 0.0, "mean_speed_kn": 13.19}, "geometry": {"type": "Polygon", "coordinates": [[[0.55, 39.15], [0.65, 39.15], [0.65, 39.25], [0.55, 39.25], [0.55, 39.15]]]}}, {"type": "Feature", "properties": {"habitat": "Cetacean Migration Corridor", "hours_fast": 230.0, "hours_total": 768.0, "pct_fast": 0.52, "mean_speed_kn": 14.79}, "geometry": {"type": "Polygon", "coordinates": [[[0.65, 39.15], [0.75, 39.15], [0.75, 39.25], [0.65, 39.25], [0.65, 39.15]]]}}, {"type": "Feature", "properties": {"habitat": "Cetacean Migration Corridor", "hours_fast": 262.0, "hours_total": 893.0, "pct_fast": 0.0, "mean_speed_kn": 14.7}, "geometry": {"type": "Polygon", "coordinates": [[[0.75, 39.15], [0.85, 39.15], [0.85, 39.25], [0.75, 39.25], [0.75, 39.15]]]}}, {"type": "Feature", "properties": {"habitat": "Cetacean Migration Corridor", "hours_fast": 176.0, "hours_total": 759.0, "pct_fast": 0.13, "mean_speed_kn": 14.25}, "geometry": {"type": "Polygon", "coordinates": [[[0.85, 39.15], [0.95, 39.15], [0.95, 39.25], [0.85, 39.25], [0.85, 39.15]]]}}, {"type": "Feature", "properties": {"habitat": "Cetacean Migration Corridor", "hours_fast": 131.0, "hours_total": 588.0, "pct_fast": 0.0, "mean_speed_kn": 14.17}, "geometry": {"type": "Polygon", "coordinates": [[[0.95, 39.15], [1.05, 39.15], [1.05, 39.25], [0.95, 39.25], [0.95, 39.15]]]}}, {"type": "Feature", "properties": {"habitat": "Cetacean Migration Corridor", "hours_fast": 60.0, "hours_total": 218.0, "pct_fast": 0.0, "mean_speed_kn": 14.56}, "geometry": {"type": "Polygon", "coordinates": [[[0.35, 39.25], [0.45, 39.25], [0.45, 39.35], [0.35, 39.35], [0.35, 39.25]]]}}, {"type": "Feature", "properties": {"habitat": "Cetacean Migration Corridor", "hours_fast": 62.0, "hours_total": 188.0, "pct_fast": 0.0, "mean_speed_kn": 14.97}, "geometry": {"type": "Polygon", "coordinates": [[[0.45, 39.25], [0.55, 39.25], [0.55, 39.35], [0.45, 39.35], [0.45, 39.25]]]}}, {"type": "Feature", "properties": {"habitat": "Cetacean Migration Corridor", "hours_fast": 108.0, "hours_total": 338.0, "pct_fast": 0.3, "mean_speed_kn": 14.92}, "geometry": {"type": "Polygon", "coordinates": [[[0.55, 39.25], [0.65, 39.25], [0.65, 39.35], [0.55, 39.35], [0.55, 39.25]]]}}, {"type": "Feature", "properties": {"habitat": "Cetacean Migration Corridor", "hours_fast": 139.0, "hours_total": 710.0, "pct_fast": 0.14, "mean_speed_kn": 13.98}, "geometry": {"type": "Polygon", "coordinates": [[[0.65, 39.25], [0.75, 39.25], [0.75, 39.35], [0.65, 39.35], [0.65, 39.25]]]}}, {"type": "Feature", "properties": {"habitat": "Cetacean Migration Corridor", "hours_fast": 372.0, "hours_total": 1014.0, "pct_fast": 0.1, "mean_speed_kn": 15.26}, "geometry": {"type": "Polygon", "coordinates": [[[0.75, 39.25], [0.85, 39.25], [0.85, 39.35], [0.75, 39.35], [0.75, 39.25]]]}}, {"type": "Feature", "properties": {"habitat": "Cetacean Migration Corridor", "hours_fast": 250.0, "hours_total": 875.0, "pct_fast": 0.0, "mean_speed_kn": 14.64}, "geometry": {"type": "Polygon", "coordinates": [[[0.85, 39.25], [0.95, 39.25], [0.95, 39.35], [0.85, 39.35], [0.85, 39.25]]]}}, {"type": "Feature", "properties": {"habitat": "Cetacean Migration Corridor", "hours_fast": 284.0, "hours_total": 968.0, "pct_fast": 0.1, "mean_speed_kn": 14.71}, "geometry": {"type": "Polygon", "coordinates": [[[0.95, 39.25], [1.05, 39.25], [1.05, 39.35], [0.95, 39.35], [0.95, 39.25]]]}}, {"type": "Feature", "properties": {"habitat": "Cetacean Migration Corridor", "hours_fast": 558.0, "hours_total": 808.0, "pct_fast": 0.0, "mean_speed_kn": 17.68}, "geometry": {"type": "Polygon", "coordinates": [[[0.35, 39.35], [0.45, 39.35], [0.45, 39.45], [0.35, 39.45], [0.35, 39.35]]]}}, {"type": "Feature", "properties": {"habitat": "Cetacean Migration Corridor", "hours_fast": 473.0, "hours_total": 653.0, "pct_fast": 0.31, "mean_speed_kn": 17.96}, "geometry": {"type": "Polygon", "coordinates": [[[0.45, 39.35], [0.55, 39.35], [0.55, 39.45], [0.45, 39.45], [0.45, 39.35]]]}}, {"type": "Feature", "properties": {"habitat": "Cetacean Migration Corridor", "hours_fast": 481.0, "hours_total": 646.0, "pct_fast": 0.0, "mean_speed_kn": 18.08}, "geometry": {"type": "Polygon", "coordinates": [[[0.55, 39.35], [0.65, 39.35], [0.65, 39.45], [0.55, 39.45], [0.55, 39.35]]]}}, {"type": "Feature", "properties": {"habitat": "Cetacean Migration Corridor", "hours_fast": 567.0, "hours_total": 1128.0, "pct_fast": 0.0, "mean_speed_kn": 16.27}, "geometry": {"type": "Polygon", "coordinates": [[[0.65, 39.35], [0.75, 39.35], [0.75, 39.45], [0.65, 39.45], [0.65, 39.35]]]}}, {"type": "Feature", "properties": {"habitat": "Cetacean Migration Corridor", "hours_fast": 597.0, "hours_total": 1026.0, "pct_fast": 0.1, "mean_speed_kn": 16.87}, "geometry": {"type": "Polygon", "coordinates": [[[0.75, 39.35], [0.85, 39.35], [0.85, 39.45], [0.75, 39.45], [0.75, 39.35]]]}}, {"type": "Feature", "properties": {"habitat": "Cetacean Migration Corridor", "hours_fast": 782.0, "hours_total": 1441.0, "pct_fast": 0.0, "mean_speed_kn": 16.57}, "geometry": {"type": "Polygon", "coordinates": [[[0.85, 39.35], [0.95, 39.35], [0.95, 39.45], [0.85, 39.45], [0.85, 39.35]]]}}, {"type": "Feature", "properties": {"habitat": "Cetacean Migration Corridor", "hours_fast": 536.0, "hours_total": 968.0, "pct_fast": 0.1, "mean_speed_kn": 16.66}, "geometry": {"type": "Polygon", "coordinates": [[[0.95, 39.35], [1.05, 39.35], [1.05, 39.45], [0.95, 39.45], [0.95, 39.35]]]}}, {"type": "Feature", "properties": {"habitat": "Cetacean Migration Corridor", "hours_fast": 573.0, "hours_total": 1133.0, "pct_fast": 0.0, "mean_speed_kn": 16.29}, "geometry": {"type": "Polygon", "coordinates": [[[1.05, 39.35], [1.15, 39.35], [1.15, 39.45], [1.05, 39.45], [1.05, 39.35]]]}}, {"type": "Feature", "properties": {"habitat": "Cetacean Migration Corridor", "hours_fast": 603.0, "hours_total": 1099.0, "pct_fast": 0.18, "mean_speed_kn": 16.63}, "geometry": {"type": "Polygon", "coordinates": [[[1.15, 39.35], [1.25, 39.35], [1.25, 39.45], [1.15, 39.45], [1.15, 39.35]]]}}, {"type": "Feature", "properties": {"habitat": "Cetacean Migration Corridor", "hours_fast": 496.0, "hours_total": 824.0, "pct_fast": 0.0, "mean_speed_kn": 17.01}, "geometry": {"type": "Polygon", "coordinates": [[[1.25, 39.35], [1.35, 39.35], [1.35, 39.45], [1.25, 39.45], [1.25, 39.35]]]}}, {"type": "Feature", "properties": {"habitat": "Cetacean Migration Corridor", "hours_fast": 87.0, "hours_total": 340.0, "pct_fast": 0.0, "mean_speed_kn": 14.42}, "geometry": {"type": "Polygon", "coordinates": [[[0.35, 39.45], [0.45, 39.45], [0.45, 39.55], [0.35, 39.55], [0.35, 39.45]]]}}, {"type": "Feature", "properties": {"habitat": "Cetacean Migration Corridor", "hours_fast": 65.0, "hours_total": 252.0, "pct_fast": 0.0, "mean_speed_kn": 14.43}, "geometry": {"type": "Polygon", "coordinates": [[[0.45, 39.45], [0.55, 39.45], [0.55, 39.55], [0.45, 39.55], [0.45, 39.45]]]}}, {"type": "Feature", "properties": {"habitat": "Cetacean Migration Corridor", "hours_fast": 36.0, "hours_total": 129.0, "pct_fast": 0.0, "mean_speed_kn": 14.59}, "geometry": {"type": "Polygon", "coordinates": [[[0.55, 39.45], [0.65, 39.45], [0.65, 39.55], [0.55, 39.55], [0.55, 39.45]]]}}, {"type": "Feature", "properties": {"habitat": "Cetacean Migration Corridor", "hours_fast": 61.0, "hours_total": 328.0, "pct_fast": 0.0, "mean_speed_kn": 13.89}, "geometry": {"type": "Polygon", "coordinates": [[[0.65, 39.45], [0.75, 39.45], [0.75, 39.55], [0.65, 39.55], [0.65, 39.45]]]}}, {"type": "Feature", "properties": {"habitat": "Cetacean Migration Corridor", "hours_fast": 51.0, "hours_total": 395.0, "pct_fast": 0.25, "mean_speed_kn": 13.49}, "geometry": {"type": "Polygon", "coordinates": [[[0.75, 39.45], [0.85, 39.45], [0.85, 39.55], [0.75, 39.55], [0.75, 39.45]]]}}, {"type": "Feature", "properties": {"habitat": "Cetacean Migration Corridor", "hours_fast": 204.0, "hours_total": 563.0, "pct_fast": 0.18, "mean_speed_kn": 15.23}, "geometry": {"type": "Polygon", "coordinates": [[[0.85, 39.45], [0.95, 39.45], [0.95, 39.55], [0.85, 39.55], [0.85, 39.45]]]}}, {"type": "Feature", "properties": {"habitat": "Cetacean Migration Corridor", "hours_fast": 232.0, "hours_total": 753.0, "pct_fast": 0.0, "mean_speed_kn": 14.81}, "geometry": {"type": "Polygon", "coordinates": [[[0.95, 39.45], [1.05, 39.45], [1.05, 39.55], [0.95, 39.55], [0.95, 39.45]]]}}, {"type": "Feature", "properties": {"habitat": "Cetacean Migration Corridor", "hours_fast": 95.0, "hours_total": 410.0, "pct_fast": 0.0, "mean_speed_kn": 14.24}, "geometry": {"type": "Polygon", "coordinates": [[[1.05, 39.45], [1.15, 39.45], [1.15, 39.55], [1.05, 39.55], [1.05, 39.45]]]}}, {"type": "Feature", "properties": {"habitat": "Cetacean Migration Corridor", "hours_fast": 162.0, "hours_total": 651.0, "pct_fast": 0.31, "mean_speed_kn": 14.39}, "geometry": {"type": "Polygon", "coordinates": [[[1.15, 39.45], [1.25, 39.45], [1.25, 39.55], [1.15, 39.55], [1.15, 39.45]]]}}, {"type": "Feature", "properties": {"habitat": "Cetacean Migration Corridor", "hours_fast": 96.0, "hours_total": 567.0, "pct_fast": 0.0, "mean_speed_kn": 13.77}, "geometry": {"type": "Polygon", "coordinates": [[[1.25, 39.45], [1.35, 39.45], [1.35, 39.55], [1.25, 39.55], [1.25, 39.45]]]}}, {"type": "Feature", "properties": {"habitat": "Cetacean Migration Corridor", "hours_fast": 65.0, "hours_total": 406.0, "pct_fast": 0.0, "mean_speed_kn": 13.7}, "geometry": {"type": "Polygon", "coordinates": [[[1.35, 39.45], [1.45, 39.45], [1.45, 39.55], [1.35, 39.55], [1.35, 39.45]]]}}, {"type": "Feature", "properties": {"habitat": "Cetacean Migration Corridor", "hours_fast": 66.0, "hours_total": 254.0, "pct_fast": 0.0, "mean_speed_kn": 14.45}, "geometry": {"type": "Polygon", "coordinates": [[[1.45, 39.45], [1.55, 39.45], [1.55, 39.55], [1.45, 39.55], [1.45, 39.45]]]}}, {"type": "Feature", "properties": {"habitat": "Cetacean Migration Corridor", "hours_fast": 42.0, "hours_total": 215.0, "pct_fast": 0.0, "mean_speed_kn": 13.97}, "geometry": {"type": "Polygon", "coordinates": [[[1.55, 39.45], [1.65, 39.45], [1.65, 39.55], [1.55, 39.55], [1.55, 39.45]]]}}, {"type": "Feature", "properties": {"habitat": "Cetacean Migration Corridor", "hours_fast": 83.0, "hours_total": 245.0, "pct_fast": 0.0, "mean_speed_kn": 15.04}, "geometry": {"type": "Polygon", "coordinates": [[[1.65, 39.45], [1.75, 39.45], [1.75, 39.55], [1.65, 39.55], [1.65, 39.45]]]}}, {"type": "Feature", "properties": {"habitat": "Cetacean Migration Corridor", "hours_fast": 80.0, "hours_total": 291.0, "pct_fast": 0.0, "mean_speed_kn": 14.56}, "geometry": {"type": "Polygon", "coordinates": [[[0.35, 39.55], [0.45, 39.55], [0.45, 39.65], [0.35, 39.65], [0.35, 39.55]]]}}, {"type": "Feature", "properties": {"habitat": "Cetacean Migration Corridor", "hours_fast": 62.0, "hours_total": 251.0, "pct_fast": 0.0, "mean_speed_kn": 14.35}, "geometry": {"type": "Polygon", "coordinates": [[[0.45, 39.55], [0.55, 39.55], [0.55, 39.65], [0.45, 39.65], [0.45, 39.55]]]}}, {"type": "Feature", "properties": {"habitat": "Cetacean Migration Corridor", "hours_fast": 48.0, "hours_total": 195.0, "pct_fast": 0.0, "mean_speed_kn": 14.35}, "geometry": {"type": "Polygon", "coordinates": [[[0.55, 39.55], [0.65, 39.55], [0.65, 39.65], [0.55, 39.65], [0.55, 39.55]]]}}, {"type": "Feature", "properties": {"habitat": "Cetacean Migration Corridor", "hours_fast": 34.0, "hours_total": 193.0, "pct_fast": 0.0, "mean_speed_kn": 13.82}, "geometry": {"type": "Polygon", "coordinates": [[[0.65, 39.55], [0.75, 39.55], [0.75, 39.65], [0.65, 39.65], [0.65, 39.55]]]}}, {"type": "Feature", "properties": {"habitat": "Cetacean Migration Corridor", "hours_fast": 62.0, "hours_total": 651.0, "pct_fast": 0.0, "mean_speed_kn": 13.21}, "geometry": {"type": "Polygon", "coordinates": [[[0.75, 39.55], [0.85, 39.55], [0.85, 39.65], [0.75, 39.65], [0.75, 39.55]]]}}, {"type": "Feature", "properties": {"habitat": "Cetacean Migration Corridor", "hours_fast": 34.0, "hours_total": 296.0, "pct_fast": 0.0, "mean_speed_kn": 13.36}, "geometry": {"type": "Polygon", "coordinates": [[[0.85, 39.55], [0.95, 39.55], [0.95, 39.65], [0.85, 39.65], [0.85, 39.55]]]}}, {"type": "Feature", "properties": {"habitat": "Cetacean Migration Corridor", "hours_fast": 242.0, "hours_total": 780.0, "pct_fast": 0.0, "mean_speed_kn": 14.83}, "geometry": {"type": "Polygon", "coordinates": [[[0.95, 39.55], [1.05, 39.55], [1.05, 39.65], [0.95, 39.65], [0.95, 39.55]]]}}, {"type": "Feature", "properties": {"habitat": "Cetacean Migration Corridor", "hours_fast": 146.0, "hours_total": 578.0, "pct_fast": 0.52, "mean_speed_kn": 14.43}, "geometry": {"type": "Polygon", "coordinates": [[[1.05, 39.55], [1.15, 39.55], [1.15, 39.65], [1.05, 39.65], [1.05, 39.55]]]}}, {"type": "Feature", "properties": {"habitat": "Cetacean Migration Corridor", "hours_fast": 80.0, "hours_total": 346.0, "pct_fast": 0.0, "mean_speed_kn": 14.23}, "geometry": {"type": "Polygon", "coordinates": [[[1.15, 39.55], [1.25, 39.55], [1.25, 39.65], [1.15, 39.65], [1.15, 39.55]]]}}, {"type": "Feature", "properties": {"habitat": "Cetacean Migration Corridor", "hours_fast": 131.0, "hours_total": 552.0, "pct_fast": 0.0, "mean_speed_kn": 14.28}, "geometry": {"type": "Polygon", "coordinates": [[[1.25, 39.55], [1.35, 39.55], [1.35, 39.65], [1.25, 39.65], [1.25, 39.55]]]}}, {"type": "Feature", "properties": {"habitat": "Cetacean Migration Corridor", "hours_fast": 71.0, "hours_total": 413.0, "pct_fast": 0.24, "mean_speed_kn": 13.81}, "geometry": {"type": "Polygon", "coordinates": [[[1.35, 39.55], [1.45, 39.55], [1.45, 39.65], [1.35, 39.65], [1.35, 39.55]]]}}, {"type": "Feature", "properties": {"habitat": "Cetacean Migration Corridor", "hours_fast": 47.0, "hours_total": 295.0, "pct_fast": 0.0, "mean_speed_kn": 13.69}, "geometry": {"type": "Polygon", "coordinates": [[[1.45, 39.55], [1.55, 39.55], [1.55, 39.65], [1.45, 39.65], [1.45, 39.55]]]}}, {"type": "Feature", "properties": {"habitat": "Cetacean Migration Corridor", "hours_fast": 37.0, "hours_total": 173.0, "pct_fast": 0.0, "mean_speed_kn": 14.1}, "geometry": {"type": "Polygon", "coordinates": [[[1.55, 39.55], [1.65, 39.55], [1.65, 39.65], [1.55, 39.65], [1.55, 39.55]]]}}, {"type": "Feature", "properties": {"habitat": "Cetacean Migration Corridor", "hours_fast": 39.0, "hours_total": 182.0, "pct_fast": 1.65, "mean_speed_kn": 14.23}, "geometry": {"type": "Polygon", "coordinates": [[[1.65, 39.55], [1.75, 39.55], [1.75, 39.65], [1.65, 39.65], [1.65, 39.55]]]}}, {"type": "Feature", "properties": {"habitat": "Cetacean Migration Corridor", "hours_fast": 289.0, "hours_total": 490.0, "pct_fast": 0.61, "mean_speed_kn": 16.97}, "geometry": {"type": "Polygon", "coordinates": [[[1.75, 39.55], [1.85, 39.55], [1.85, 39.65], [1.75, 39.65], [1.75, 39.55]]]}}, {"type": "Feature", "properties": {"habitat": "Cetacean Migration Corridor", "hours_fast": 45.0, "hours_total": 200.0, "pct_fast": 0.0, "mean_speed_kn": 14.19}, "geometry": {"type": "Polygon", "coordinates": [[[0.45, 39.65], [0.55, 39.65], [0.55, 39.75], [0.45, 39.75], [0.45, 39.65]]]}}, {"type": "Feature", "properties": {"habitat": "Cetacean Migration Corridor", "hours_fast": 72.0, "hours_total": 296.0, "pct_fast": 0.0, "mean_speed_kn": 14.32}, "geometry": {"type": "Polygon", "coordinates": [[[0.55, 39.65], [0.65, 39.65], [0.65, 39.75], [0.55, 39.75], [0.55, 39.65]]]}}, {"type": "Feature", "properties": {"habitat": "Cetacean Migration Corridor", "hours_fast": 91.0, "hours_total": 383.0, "pct_fast": 0.0, "mean_speed_kn": 14.28}, "geometry": {"type": "Polygon", "coordinates": [[[0.65, 39.65], [0.75, 39.65], [0.75, 39.75], [0.65, 39.75], [0.65, 39.65]]]}}, {"type": "Feature", "properties": {"habitat": "Cetacean Migration Corridor", "hours_fast": 97.0, "hours_total": 654.0, "pct_fast": 0.15, "mean_speed_kn": 13.62}, "geometry": {"type": "Polygon", "coordinates": [[[0.75, 39.65], [0.85, 39.65], [0.85, 39.75], [0.75, 39.75], [0.75, 39.65]]]}}, {"type": "Feature", "properties": {"habitat": "Cetacean Migration Corridor", "hours_fast": 55.0, "hours_total": 443.0, "pct_fast": 0.23, "mean_speed_kn": 13.45}, "geometry": {"type": "Polygon", "coordinates": [[[0.85, 39.65], [0.95, 39.65], [0.95, 39.75], [0.85, 39.75], [0.85, 39.65]]]}}, {"type": "Feature", "properties": {"habitat": "Cetacean Migration Corridor", "hours_fast": 76.0, "hours_total": 305.0, "pct_fast": 0.33, "mean_speed_kn": 14.39}, "geometry": {"type": "Polygon", "coordinates": [[[0.95, 39.65], [1.05, 39.65], [1.05, 39.75], [0.95, 39.75], [0.95, 39.65]]]}}, {"type": "Feature", "properties": {"habitat": "Cetacean Migration Corridor", "hours_fast": 263.0, "hours_total": 798.0, "pct_fast": 0.13, "mean_speed_kn": 14.98}, "geometry": {"type": "Polygon", "coordinates": [[[1.05, 39.65], [1.15, 39.65], [1.15, 39.75], [1.05, 39.75], [1.05, 39.65]]]}}, {"type": "Feature", "properties": {"habitat": "Cetacean Migration Corridor", "hours_fast": 91.0, "hours_total": 340.0, "pct_fast": 0.0, "mean_speed_kn": 14.51}, "geometry": {"type": "Polygon", "coordinates": [[[1.15, 39.65], [1.25, 39.65], [1.25, 39.75], [1.15, 39.75], [1.15, 39.65]]]}}, {"type": "Feature", "properties": {"habitat": "Cetacean Migration Corridor", "hours_fast": 78.0, "hours_total": 250.0, "pct_fast": 0.0, "mean_speed_kn": 14.84}, "geometry": {"type": "Polygon", "coordinates": [[[1.25, 39.65], [1.35, 39.65], [1.35, 39.75], [1.25, 39.75], [1.25, 39.65]]]}}, {"type": "Feature", "properties": {"habitat": "Cetacean Migration Corridor", "hours_fast": 110.0, "hours_total": 481.0, "pct_fast": 0.0, "mean_speed_kn": 14.22}, "geometry": {"type": "Polygon", "coordinates": [[[1.35, 39.65], [1.45, 39.65], [1.45, 39.75], [1.35, 39.75], [1.35, 39.65]]]}}, {"type": "Feature", "properties": {"habitat": "Cetacean Migration Corridor", "hours_fast": 94.0, "hours_total": 403.0, "pct_fast": 0.25, "mean_speed_kn": 14.27}, "geometry": {"type": "Polygon", "coordinates": [[[1.45, 39.65], [1.55, 39.65], [1.55, 39.75], [1.45, 39.75], [1.45, 39.65]]]}}, {"type": "Feature", "properties": {"habitat": "Cetacean Migration Corridor", "hours_fast": 46.0, "hours_total": 263.0, "pct_fast": 0.0, "mean_speed_kn": 13.81}, "geometry": {"type": "Polygon", "coordinates": [[[1.55, 39.65], [1.65, 39.65], [1.65, 39.75], [1.55, 39.75], [1.55, 39.65]]]}}, {"type": "Feature", "properties": {"habitat": "Cetacean Migration Corridor", "hours_fast": 38.0, "hours_total": 165.0, "pct_fast": 0.0, "mean_speed_kn": 14.23}, "geometry": {"type": "Polygon", "coordinates": [[[1.65, 39.65], [1.75, 39.65], [1.75, 39.75], [1.65, 39.75], [1.65, 39.65]]]}}, {"type": "Feature", "properties": {"habitat": "Cetacean Migration Corridor", "hours_fast": 221.0, "hours_total": 347.0, "pct_fast": 1.15, "mean_speed_kn": 17.36}, "geometry": {"type": "Polygon", "coordinates": [[[1.75, 39.65], [1.85, 39.65], [1.85, 39.75], [1.75, 39.75], [1.75, 39.65]]]}}, {"type": "Feature", "properties": {"habitat": "Cetacean Migration Corridor", "hours_fast": 96.0, "hours_total": 274.0, "pct_fast": 0.0, "mean_speed_kn": 15.13}, "geometry": {"type": "Polygon", "coordinates": [[[1.85, 39.65], [1.95, 39.65], [1.95, 39.75], [1.85, 39.75], [1.85, 39.65]]]}}, {"type": "Feature", "properties": {"habitat": "Cetacean Migration Corridor", "hours_fast": 62.0, "hours_total": 229.0, "pct_fast": 0.44, "mean_speed_kn": 14.56}, "geometry": {"type": "Polygon", "coordinates": [[[1.95, 39.65], [2.05, 39.65], [2.05, 39.75], [1.95, 39.75], [1.95, 39.65]]]}}, {"type": "Feature", "properties": {"habitat": "Cetacean Migration Corridor", "hours_fast": 3.0, "hours_total": 203.0, "pct_fast": 0.0, "mean_speed_kn": 12.61}, "geometry": {"type": "Polygon", "coordinates": [[[0.45, 39.75], [0.55, 39.75], [0.55, 39.85], [0.45, 39.85], [0.45, 39.75]]]}}, {"type": "Feature", "properties": {"habitat": "Cetacean Migration Corridor", "hours_fast": 0.0, "hours_total": 96.0, "pct_fast": 0.0, "mean_speed_kn": 12.5}, "geometry": {"type": "Polygon", "coordinates": [[[0.55, 39.75], [0.65, 39.75], [0.65, 39.85], [0.55, 39.85], [0.55, 39.75]]]}}, {"type": "Feature", "properties": {"habitat": "Cetacean Migration Corridor", "hours_fast": 9.0, "hours_total": 43.0, "pct_fast": 0.0, "mean_speed_kn": 14.07}, "geometry": {"type": "Polygon", "coordinates": [[[0.65, 39.75], [0.75, 39.75], [0.75, 39.85], [0.65, 39.85], [0.65, 39.75]]]}}, {"type": "Feature", "properties": {"habitat": "Cetacean Migration Corridor", "hours_fast": 65.0, "hours_total": 297.0, "pct_fast": 0.0, "mean_speed_kn": 14.14}, "geometry": {"type": "Polygon", "coordinates": [[[0.75, 39.75], [0.85, 39.75], [0.85, 39.85], [0.75, 39.85], [0.75, 39.75]]]}}, {"type": "Feature", "properties": {"habitat": "Cetacean Migration Corridor", "hours_fast": 151.0, "hours_total": 775.0, "pct_fast": 0.0, "mean_speed_kn": 13.96}, "geometry": {"type": "Polygon", "coordinates": [[[0.85, 39.75], [0.95, 39.75], [0.95, 39.85], [0.85, 39.85], [0.85, 39.75]]]}}, {"type": "Feature", "properties": {"habitat": "Cetacean Migration Corridor", "hours_fast": 73.0, "hours_total": 269.0, "pct_fast": 0.0, "mean_speed_kn": 14.54}, "geometry": {"type": "Polygon", "coordinates": [[[0.95, 39.75], [1.05, 39.75], [1.05, 39.85], [0.95, 39.85], [0.95, 39.75]]]}}, {"type": "Feature", "properties": {"habitat": "Cetacean Migration Corridor", "hours_fast": 160.0, "hours_total": 433.0, "pct_fast": 0.0, "mean_speed_kn": 15.27}, "geometry": {"type": "Polygon", "coordinates": [[[1.05, 39.75], [1.15, 39.75], [1.15, 39.85], [1.05, 39.85], [1.05, 39.75]]]}}, {"type": "Feature", "properties": {"habitat": "Cetacean Migration Corridor", "hours_fast": 268.0, "hours_total": 829.0, "pct_fast": 0.0, "mean_speed_kn": 14.92}, "geometry": {"type": "Polygon", "coordinates": [[[1.15, 39.75], [1.25, 39.75], [1.25, 39.85], [1.15, 39.85], [1.15, 39.75]]]}}, {"type": "Feature", "properties": {"habitat": "Cetacean Migration Corridor", "hours_fast": 47.0, "hours_total": 219.0, "pct_fast": 0.0, "mean_speed_kn": 14.11}, "geometry": {"type": "Polygon", "coordinates": [[[1.25, 39.75], [1.35, 39.75], [1.35, 39.85], [1.25, 39.85], [1.25, 39.75]]]}}, {"type": "Feature", "properties": {"habitat": "Cetacean Migration Corridor", "hours_fast": 58.0, "hours_total": 233.0, "pct_fast": 0.0, "mean_speed_kn": 14.37}, "geometry": {"type": "Polygon", "coordinates": [[[1.35, 39.75], [1.45, 39.75], [1.45, 39.85], [1.35, 39.85], [1.35, 39.75]]]}}, {"type": "Feature", "properties": {"habitat": "Cetacean Migration Corridor", "hours_fast": 97.0, "hours_total": 398.0, "pct_fast": 0.0, "mean_speed_kn": 14.33}, "geometry": {"type": "Polygon", "coordinates": [[[1.45, 39.75], [1.55, 39.75], [1.55, 39.85], [1.45, 39.85], [1.45, 39.75]]]}}, {"type": "Feature", "properties": {"habitat": "Cetacean Migration Corridor", "hours_fast": 85.0, "hours_total": 424.0, "pct_fast": 0.24, "mean_speed_kn": 14.02}, "geometry": {"type": "Polygon", "coordinates": [[[1.55, 39.75], [1.65, 39.75], [1.65, 39.85], [1.55, 39.85], [1.55, 39.75]]]}}, {"type": "Feature", "properties": {"habitat": "Cetacean Migration Corridor", "hours_fast": 57.0, "hours_total": 262.0, "pct_fast": 0.38, "mean_speed_kn": 14.16}, "geometry": {"type": "Polygon", "coordinates": [[[1.65, 39.75], [1.75, 39.75], [1.75, 39.85], [1.65, 39.85], [1.65, 39.75]]]}}, {"type": "Feature", "properties": {"habitat": "Cetacean Migration Corridor", "hours_fast": 122.0, "hours_total": 258.0, "pct_fast": 0.0, "mean_speed_kn": 16.05}, "geometry": {"type": "Polygon", "coordinates": [[[1.75, 39.75], [1.85, 39.75], [1.85, 39.85], [1.75, 39.85], [1.75, 39.75]]]}}, {"type": "Feature", "properties": {"habitat": "Cetacean Migration Corridor", "hours_fast": 206.0, "hours_total": 323.0, "pct_fast": 0.0, "mean_speed_kn": 17.28}, "geometry": {"type": "Polygon", "coordinates": [[[1.85, 39.75], [1.95, 39.75], [1.95, 39.85], [1.85, 39.85], [1.85, 39.75]]]}}, {"type": "Feature", "properties": {"habitat": "Cetacean Migration Corridor", "hours_fast": 46.0, "hours_total": 189.0, "pct_fast": 0.53, "mean_speed_kn": 14.37}, "geometry": {"type": "Polygon", "coordinates": [[[1.95, 39.75], [2.05, 39.75], [2.05, 39.85], [1.95, 39.85], [1.95, 39.75]]]}}, {"type": "Feature", "properties": {"habitat": "Cetacean Migration Corridor", "hours_fast": 66.0, "hours_total": 231.0, "pct_fast": 0.43, "mean_speed_kn": 14.68}, "geometry": {"type": "Polygon", "coordinates": [[[2.05, 39.75], [2.15, 39.75], [2.15, 39.85], [2.05, 39.85], [2.05, 39.75]]]}}, {"type": "Feature", "properties": {"habitat": "Cetacean Migration Corridor", "hours_fast": 6.0, "hours_total": 47.0, "pct_fast": 4.26, "mean_speed_kn": 13.78}, "geometry": {"type": "Polygon", "coordinates": [[[0.55, 39.85], [0.65, 39.85], [0.65, 39.95], [0.55, 39.95], [0.55, 39.85]]]}}, {"type": "Feature", "properties": {"habitat": "Cetacean Migration Corridor", "hours_fast": 13.0, "hours_total": 46.0, "pct_fast": 13.04, "mean_speed_kn": 15.6}, "geometry": {"type": "Polygon", "coordinates": [[[0.65, 39.85], [0.75, 39.85], [0.75, 39.95], [0.65, 39.95], [0.65, 39.85]]]}}, {"type": "Feature", "properties": {"habitat": "Cetacean Migration Corridor", "hours_fast": 4.0, "hours_total": 62.0, "pct_fast": 0.0, "mean_speed_kn": 12.98}, "geometry": {"type": "Polygon", "coordinates": [[[0.75, 39.85], [0.85, 39.85], [0.85, 39.95], [0.75, 39.95], [0.75, 39.85]]]}}, {"type": "Feature", "properties": {"habitat": "Cetacean Migration Corridor", "hours_fast": 67.0, "hours_total": 523.0, "pct_fast": 0.0, "mean_speed_kn": 13.46}, "geometry": {"type": "Polygon", "coordinates": [[[0.85, 39.85], [0.95, 39.85], [0.95, 39.95], [0.85, 39.95], [0.85, 39.85]]]}}, {"type": "Feature", "properties": {"habitat": "Cetacean Migration Corridor", "hours_fast": 82.0, "hours_total": 391.0, "pct_fast": 0.0, "mean_speed_kn": 14.07}, "geometry": {"type": "Polygon", "coordinates": [[[0.95, 39.85], [1.05, 39.85], [1.05, 39.95], [0.95, 39.95], [0.95, 39.85]]]}}, {"type": "Feature", "properties": {"habitat": "Cetacean Migration Corridor", "hours_fast": 63.0, "hours_total": 257.0, "pct_fast": 0.0, "mean_speed_kn": 14.34}, "geometry": {"type": "Polygon", "coordinates": [[[1.05, 39.85], [1.15, 39.85], [1.15, 39.95], [1.05, 39.95], [1.05, 39.85]]]}}, {"type": "Feature", "properties": {"habitat": "Cetacean Migration Corridor", "hours_fast": 271.0, "hours_total": 702.0, "pct_fast": 0.28, "mean_speed_kn": 15.42}, "geometry": {"type": "Polygon", "coordinates": [[[1.15, 39.85], [1.25, 39.85], [1.25, 39.95], [1.15, 39.95], [1.15, 39.85]]]}}, {"type": "Feature", "properties": {"habitat": "Cetacean Migration Corridor", "hours_fast": 169.0, "hours_total": 592.0, "pct_fast": 0.0, "mean_speed_kn": 14.64}, "geometry": {"type": "Polygon", "coordinates": [[[1.25, 39.85], [1.35, 39.85], [1.35, 39.95], [1.25, 39.95], [1.25, 39.85]]]}}, {"type": "Feature", "properties": {"habitat": "Cetacean Migration Corridor", "hours_fast": 32.0, "hours_total": 163.0, "pct_fast": 0.0, "mean_speed_kn": 13.97}, "geometry": {"type": "Polygon", "coordinates": [[[1.35, 39.85], [1.45, 39.85], [1.45, 39.95], [1.35, 39.95], [1.35, 39.85]]]}}, {"type": "Feature", "properties": {"habitat": "Cetacean Migration Corridor", "hours_fast": 81.0, "hours_total": 261.0, "pct_fast": 0.0, "mean_speed_kn": 14.83}, "geometry": {"type": "Polygon", "coordinates": [[[1.45, 39.85], [1.55, 39.85], [1.55, 39.95], [1.45, 39.95], [1.45, 39.85]]]}}, {"type": "Feature", "properties": {"habitat": "Cetacean Migration Corridor", "hours_fast": 91.0, "hours_total": 398.0, "pct_fast": 0.0, "mean_speed_kn": 14.21}, "geometry": {"type": "Polygon", "coordinates": [[[1.55, 39.85], [1.65, 39.85], [1.65, 39.95], [1.55, 39.95], [1.55, 39.85]]]}}, {"type": "Feature", "properties": {"habitat": "Cetacean Migration Corridor", "hours_fast": 79.0, "hours_total": 426.0, "pct_fast": 0.23, "mean_speed_kn": 13.91}, "geometry": {"type": "Polygon", "coordinates": [[[1.65, 39.85], [1.75, 39.85], [1.75, 39.95], [1.65, 39.95], [1.65, 39.85]]]}}, {"type": "Feature", "properties": {"habitat": "Cetacean Migration Corridor", "hours_fast": 92.0, "hours_total": 310.0, "pct_fast": 0.32, "mean_speed_kn": 14.75}, "geometry": {"type": "Polygon", "coordinates": [[[1.75, 39.85], [1.85, 39.85], [1.85, 39.95], [1.75, 39.95], [1.75, 39.85]]]}}, {"type": "Feature", "properties": {"habitat": "Cetacean Migration Corridor", "hours_fast": 241.0, "hours_total": 401.0, "pct_fast": 0.5, "mean_speed_kn": 17.04}, "geometry": {"type": "Polygon", "coordinates": [[[1.85, 39.85], [1.95, 39.85], [1.95, 39.95], [1.85, 39.95], [1.85, 39.85]]]}}, {"type": "Feature", "properties": {"habitat": "Cetacean Migration Corridor", "hours_fast": 25.0, "hours_total": 140.0, "pct_fast": 0.0, "mean_speed_kn": 13.84}, "geometry": {"type": "Polygon", "coordinates": [[[1.95, 39.85], [2.05, 39.85], [2.05, 39.95], [1.95, 39.95], [1.95, 39.85]]]}}, {"type": "Feature", "properties": {"habitat": "Cetacean Migration Corridor", "hours_fast": 32.0, "hours_total": 179.0, "pct_fast": 0.0, "mean_speed_kn": 13.84}, "geometry": {"type": "Polygon", "coordinates": [[[2.05, 39.85], [2.15, 39.85], [2.15, 39.95], [2.05, 39.95], [2.05, 39.85]]]}}, {"type": "Feature", "properties": {"habitat": "Cetacean Migration Corridor", "hours_fast": 253.0, "hours_total": 503.0, "pct_fast": 0.0, "mean_speed_kn": 16.27}, "geometry": {"type": "Polygon", "coordinates": [[[2.15, 39.85], [2.25, 39.85], [2.25, 39.95], [2.15, 39.95], [2.15, 39.85]]]}}, {"type": "Feature", "properties": {"habitat": "Cetacean Migration Corridor", "hours_fast": 367.0, "hours_total": 552.0, "pct_fast": 0.36, "mean_speed_kn": 17.51}, "geometry": {"type": "Polygon", "coordinates": [[[2.25, 39.85], [2.35, 39.85], [2.35, 39.95], [2.25, 39.95], [2.25, 39.85]]]}}, {"type": "Feature", "properties": {"habitat": "Cetacean Migration Corridor", "hours_fast": 34.0, "hours_total": 192.0, "pct_fast": 0.0, "mean_speed_kn": 13.83}, "geometry": {"type": "Polygon", "coordinates": [[[0.55, 39.95], [0.65, 39.95], [0.65, 40.05], [0.55, 40.05], [0.55, 39.95]]]}}, {"type": "Feature", "properties": {"habitat": "Cetacean Migration Corridor", "hours_fast": 12.0, "hours_total": 64.0, "pct_fast": 0.0, "mean_speed_kn": 13.91}, "geometry": {"type": "Polygon", "coordinates": [[[0.65, 39.95], [0.75, 39.95], [0.75, 40.05], [0.65, 40.05], [0.65, 39.95]]]}}, {"type": "Feature", "properties": {"habitat": "Cetacean Migration Corridor", "hours_fast": 3.0, "hours_total": 30.0, "pct_fast": 3.33, "mean_speed_kn": 13.5}, "geometry": {"type": "Polygon", "coordinates": [[[0.75, 39.95], [0.85, 39.95], [0.85, 40.05], [0.75, 40.05], [0.75, 39.95]]]}}, {"type": "Feature", "properties": {"habitat": "Cetacean Migration Corridor", "hours_fast": 33.0, "hours_total": 432.0, "pct_fast": 0.0, "mean_speed_kn": 13.07}, "geometry": {"type": "Polygon", "coordinates": [[[0.85, 39.95], [0.95, 39.95], [0.95, 40.05], [0.85, 40.05], [0.85, 39.95]]]}}, {"type": "Feature", "properties": {"habitat": "Cetacean Migration Corridor", "hours_fast": 39.0, "hours_total": 303.0, "pct_fast": 0.33, "mean_speed_kn": 13.49}, "geometry": {"type": "Polygon", "coordinates": [[[0.95, 39.95], [1.05, 39.95], [1.05, 40.05], [0.95, 40.05], [0.95, 39.95]]]}}, {"type": "Feature", "properties": {"habitat": "Cetacean Migration Corridor", "hours_fast": 62.0, "hours_total": 238.0, "pct_fast": 0.0, "mean_speed_kn": 14.45}, "geometry": {"type": "Polygon", "coordinates": [[[1.05, 39.95], [1.15, 39.95], [1.15, 40.05], [1.05, 40.05], [1.05, 39.95]]]}}, {"type": "Feature", "properties": {"habitat": "Cetacean Migration Corridor", "hours_fast": 49.0, "hours_total": 220.0, "pct_fast": 0.0, "mean_speed_kn": 14.17}, "geometry": {"type": "Polygon", "coordinates": [[[1.15, 39.95], [1.25, 39.95], [1.25, 40.05], [1.15, 40.05], [1.15, 39.95]]]}}, {"type": "Feature", "properties": {"habitat": "Cetacean Migration Corridor", "hours_fast": 335.0, "hours_total": 928.0, "pct_fast": 0.0, "mean_speed_kn": 15.21}, "geometry": {"type": "Polygon", "coordinates": [[[1.25, 39.95], [1.35, 39.95], [1.35, 40.05], [1.25, 40.05], [1.25, 39.95]]]}}, {"type": "Feature", "properties": {"habitat": "Cetacean Migration Corridor", "hours_fast": 132.0, "hours_total": 413.0, "pct_fast": 0.0, "mean_speed_kn": 14.9}, "geometry": {"type": "Polygon", "coordinates": [[[1.35, 39.95], [1.45, 39.95], [1.45, 40.05], [1.35, 40.05], [1.35, 39.95]]]}}, {"type": "Feature", "properties": {"habitat": "Cetacean Migration Corridor", "hours_fast": 35.0, "hours_total": 207.0, "pct_fast": 0.0, "mean_speed_kn": 13.77}, "geometry": {"type": "Polygon", "coordinates": [[[1.45, 39.95], [1.55, 39.95], [1.55, 40.05], [1.45, 40.05], [1.45, 39.95]]]}}, {"type": "Feature", "properties": {"habitat": "Cetacean Migration Corridor", "hours_fast": 75.0, "hours_total": 215.0, "pct_fast": 0.0, "mean_speed_kn": 15.12}, "geometry": {"type": "Polygon", "coordinates": [[[1.55, 39.95], [1.65, 39.95], [1.65, 40.05], [1.55, 40.05], [1.55, 39.95]]]}}, {"type": "Feature", "properties": {"habitat": "Cetacean Migration Corridor", "hours_fast": 99.0, "hours_total": 371.0, "pct_fast": 0.0, "mean_speed_kn": 14.5}, "geometry": {"type": "Polygon", "coordinates": [[[1.65, 39.95], [1.75, 39.95], [1.75, 40.05], [1.65, 40.05], [1.65, 39.95]]]}}, {"type": "Feature", "properties": {"habitat": "Cetacean Migration Corridor", "hours_fast": 101.0, "hours_total": 441.0, "pct_fast": 0.0, "mean_speed_kn": 14.22}, "geometry": {"type": "Polygon", "coordinates": [[[1.75, 39.95], [1.85, 39.95], [1.85, 40.05], [1.75, 40.05], [1.75, 39.95]]]}}, {"type": "Feature", "properties": {"habitat": "Cetacean Migration Corridor", "hours_fast": 314.0, "hours_total": 593.0, "pct_fast": 0.34, "mean_speed_kn": 16.5}, "geometry": {"type": "Polygon", "coordinates": [[[1.85, 39.95], [1.95, 39.95], [1.95, 40.05], [1.85, 40.05], [1.85, 39.95]]]}}, {"type": "Feature", "properties": {"habitat": "Cetacean Migration Corridor", "hours_fast": 48.0, "hours_total": 190.0, "pct_fast": 0.0, "mean_speed_kn": 14.39}, "geometry": {"type": "Polygon", "coordinates": [[[1.95, 39.95], [2.05, 39.95], [2.05, 40.05], [1.95, 40.05], [1.95, 39.95]]]}}, {"type": "Feature", "properties": {"habitat": "Cetacean Migration Corridor", "hours_fast": 21.0, "hours_total": 128.0, "pct_fast": 0.0, "mean_speed_kn": 13.73}, "geometry": {"type": "Polygon", "coordinates": [[[2.05, 39.95], [2.15, 39.95], [2.15, 40.05], [2.05, 40.05], [2.05, 39.95]]]}}, {"type": "Feature", "properties": {"habitat": "Cetacean Migration Corridor", "hours_fast": 215.0, "hours_total": 421.0, "pct_fast": 0.71, "mean_speed_kn": 16.38}, "geometry": {"type": "Polygon", "coordinates": [[[2.15, 39.95], [2.25, 39.95], [2.25, 40.05], [2.15, 40.05], [2.15, 39.95]]]}}, {"type": "Feature", "properties": {"habitat": "Cetacean Migration Corridor", "hours_fast": 288.0, "hours_total": 476.0, "pct_fast": 0.0, "mean_speed_kn": 17.04}, "geometry": {"type": "Polygon", "coordinates": [[[2.25, 39.95], [2.35, 39.95], [2.35, 40.05], [2.25, 40.05], [2.25, 39.95]]]}}, {"type": "Feature", "properties": {"habitat": "Cetacean Migration Corridor", "hours_fast": 62.0, "hours_total": 217.0, "pct_fast": 0.46, "mean_speed_kn": 14.68}, "geometry": {"type": "Polygon", "coordinates": [[[2.35, 39.95], [2.45, 39.95], [2.45, 40.05], [2.35, 40.05], [2.35, 39.95]]]}}, {"type": "Feature", "properties": {"habitat": "Cetacean Migration Corridor", "hours_fast": 86.0, "hours_total": 230.0, "pct_fast": 1.3, "mean_speed_kn": 15.4}, "geometry": {"type": "Polygon", "coordinates": [[[2.45, 39.95], [2.55, 39.95], [2.55, 40.05], [2.45, 40.05], [2.45, 39.95]]]}}, {"type": "Feature", "properties": {"habitat": "Cetacean Migration Corridor", "hours_fast": 29.0, "hours_total": 133.0, "pct_fast": 0.0, "mean_speed_kn": 14.14}, "geometry": {"type": "Polygon", "coordinates": [[[2.55, 39.95], [2.65, 39.95], [2.65, 40.05], [2.55, 40.05], [2.55, 39.95]]]}}, {"type": "Feature", "properties": {"habitat": "Cetacean Migration Corridor", "hours_fast": 71.0, "hours_total": 331.0, "pct_fast": 0.0, "mean_speed_kn": 14.11}, "geometry": {"type": "Polygon", "coordinates": [[[0.65, 40.05], [0.75, 40.05], [0.75, 40.15], [0.65, 40.15], [0.65, 40.05]]]}}, {"type": "Feature", "properties": {"habitat": "Cetacean Migration Corridor", "hours_fast": 20.0, "hours_total": 114.0, "pct_fast": 0.0, "mean_speed_kn": 13.82}, "geometry": {"type": "Polygon", "coordinates": [[[0.75, 40.05], [0.85, 40.05], [0.85, 40.15], [0.75, 40.15], [0.75, 40.05]]]}}, {"type": "Feature", "properties": {"habitat": "Cetacean Migration Corridor", "hours_fast": 22.0, "hours_total": 229.0, "pct_fast": 0.0, "mean_speed_kn": 13.22}, "geometry": {"type": "Polygon", "coordinates": [[[0.85, 40.05], [0.95, 40.05], [0.95, 40.15], [0.85, 40.15], [0.85, 40.05]]]}}, {"type": "Feature", "properties": {"habitat": "Cetacean Migration Corridor", "hours_fast": 64.0, "hours_total": 486.0, "pct_fast": 0.0, "mean_speed_kn": 13.49}, "geometry": {"type": "Polygon", "coordinates": [[[0.95, 40.05], [1.05, 40.05], [1.05, 40.15], [0.95, 40.15], [0.95, 40.05]]]}}, {"type": "Feature", "properties": {"habitat": "Cetacean Migration Corridor", "hours_fast": 29.0, "hours_total": 130.0, "pct_fast": 0.77, "mean_speed_kn": 14.23}, "geometry": {"type": "Polygon", "coordinates": [[[1.05, 40.05], [1.15, 40.05], [1.15, 40.15], [1.05, 40.15], [1.05, 40.05]]]}}, {"type": "Feature", "properties": {"habitat": "Cetacean Migration Corridor", "hours_fast": 61.0, "hours_total": 283.0, "pct_fast": 0.0, "mean_speed_kn": 14.12}, "geometry": {"type": "Polygon", "coordinates": [[[1.15, 40.05], [1.25, 40.05], [1.25, 40.15], [1.15, 40.15], [1.15, 40.05]]]}}, {"type": "Feature", "properties": {"habitat": "Cetacean Migration Corridor", "hours_fast": 128.0, "hours_total": 405.0, "pct_fast": 0.0, "mean_speed_kn": 14.87}, "geometry": {"type": "Polygon", "coordinates": [[[1.25, 40.05], [1.35, 40.05], [1.35, 40.15], [1.25, 40.15], [1.25, 40.05]]]}}, {"type": "Feature", "properties": {"habitat": "Cetacean Migration Corridor", "hours_fast": 273.0, "hours_total": 860.0, "pct_fast": 0.0, "mean_speed_kn": 14.88}, "geometry": {"type": "Polygon", "coordinates": [[[1.35, 40.05], [1.45, 40.05], [1.45, 40.15], [1.35, 40.15], [1.35, 40.05]]]}}, {"type": "Feature", "properties": {"habitat": "Cetacean Migration Corridor", "hours_fast": 67.0, "hours_total": 275.0, "pct_fast": 0.0, "mean_speed_kn": 14.33}, "geometry": {"type": "Polygon", "coordinates": [[[1.45, 40.05], [1.55, 40.05], [1.55, 40.15], [1.45, 40.15], [1.45, 40.05]]]}}, {"type": "Feature", "properties": {"habitat": "Cetacean Migration Corridor", "hours_fast": 64.0, "hours_total": 211.0, "pct_fast": 0.0, "mean_speed_kn": 14.77}, "geometry": {"type": "Polygon", "coordinates": [[[1.55, 40.05], [1.65, 40.05], [1.65, 40.15], [1.55, 40.15], [1.55, 40.05]]]}}, {"type": "Feature", "properties": {"habitat": "Cetacean Migration Corridor", "hours_fast": 96.0, "hours_total": 265.0, "pct_fast": 0.0, "mean_speed_kn": 15.22}, "geometry": {"type": "Polygon", "coordinates": [[[1.65, 40.05], [1.75, 40.05], [1.75, 40.15], [1.65, 40.15], [1.65, 40.05]]]}}, {"type": "Feature", "properties": {"habitat": "Cetacean Migration Corridor", "hours_fast": 83.0, "hours_total": 382.0, "pct_fast": 0.0, "mean_speed_kn": 14.13}, "geometry": {"type": "Polygon", "coordinates": [[[1.75, 40.05], [1.85, 40.05], [1.85, 40.15], [1.75, 40.15], [1.75, 40.05]]]}}, {"type": "Feature", "properties": {"habitat": "Cetacean Migration Corridor", "hours_fast": 345.0, "hours_total": 775.0, "pct_fast": 0.39, "mean_speed_kn": 15.87}, "geometry": {"type": "Polygon", "coordinates": [[[1.85, 40.05], [1.95, 40.05], [1.95, 40.15], [1.85, 40.15], [1.85, 40.05]]]}}, {"type": "Feature", "properties": {"habitat": "Cetacean Migration Corridor", "hours_fast": 79.0, "hours_total": 327.0, "pct_fast": 0.0, "mean_speed_kn": 14.31}, "geometry": {"type": "Polygon", "coordinates": [[[1.95, 40.05], [2.05, 40.05], [2.05, 40.15], [1.95, 40.15], [1.95, 40.05]]]}}, {"type": "Feature", "properties": {"habitat": "Cetacean Migration Corridor", "hours_fast": 30.0, "hours_total": 167.0, "pct_fast": 0.0, "mean_speed_kn": 13.85}, "geometry": {"type": "Polygon", "coordinates": [[[2.05, 40.05], [2.15, 40.05], [2.15, 40.15], [2.05, 40.15], [2.05, 40.05]]]}}, {"type": "Feature", "properties": {"habitat": "Cetacean Migration Corridor", "hours_fast": 244.0, "hours_total": 418.0, "pct_fast": 0.96, "mean_speed_kn": 16.95}, "geometry": {"type": "Polygon", "coordinates": [[[2.15, 40.05], [2.25, 40.05], [2.25, 40.15], [2.15, 40.15], [2.15, 40.05]]]}}, {"type": "Feature", "properties": {"habitat": "Cetacean Migration Corridor", "hours_fast": 238.0, "hours_total": 365.0, "pct_fast": 0.55, "mean_speed_kn": 17.43}, "geometry": {"type": "Polygon", "coordinates": [[[2.25, 40.05], [2.35, 40.05], [2.35, 40.15], [2.25, 40.15], [2.25, 40.05]]]}}, {"type": "Feature", "properties": {"habitat": "Cetacean Migration Corridor", "hours_fast": 34.0, "hours_total": 172.0, "pct_fast": 0.0, "mean_speed_kn": 13.98}, "geometry": {"type": "Polygon", "coordinates": [[[2.35, 40.05], [2.45, 40.05], [2.45, 40.15], [2.35, 40.15], [2.35, 40.05]]]}}, {"type": "Feature", "properties": {"habitat": "Cetacean Migration Corridor", "hours_fast": 48.0, "hours_total": 219.0, "pct_fast": 0.0, "mean_speed_kn": 14.14}, "geometry": {"type": "Polygon", "coordinates": [[[2.45, 40.05], [2.55, 40.05], [2.55, 40.15], [2.45, 40.15], [2.45, 40.05]]]}}, {"type": "Feature", "properties": {"habitat": "Cetacean Migration Corridor", "hours_fast": 53.0, "hours_total": 203.0, "pct_fast": 0.49, "mean_speed_kn": 14.5}, "geometry": {"type": "Polygon", "coordinates": [[[2.55, 40.05], [2.65, 40.05], [2.65, 40.15], [2.55, 40.15], [2.55, 40.05]]]}}, {"type": "Feature", "properties": {"habitat": "Cetacean Migration Corridor", "hours_fast": 53.0, "hours_total": 180.0, "pct_fast": 0.0, "mean_speed_kn": 14.71}, "geometry": {"type": "Polygon", "coordinates": [[[2.65, 40.05], [2.75, 40.05], [2.75, 40.15], [2.65, 40.15], [2.65, 40.05]]]}}, {"type": "Feature", "properties": {"habitat": "Cetacean Migration Corridor", "hours_fast": 27.0, "hours_total": 134.0, "pct_fast": 0.75, "mean_speed_kn": 14.07}, "geometry": {"type": "Polygon", "coordinates": [[[2.75, 40.05], [2.85, 40.05], [2.85, 40.15], [2.75, 40.15], [2.75, 40.05]]]}}, {"type": "Feature", "properties": {"habitat": "Cetacean Migration Corridor", "hours_fast": 44.0, "hours_total": 235.0, "pct_fast": 0.43, "mean_speed_kn": 13.94}, "geometry": {"type": "Polygon", "coordinates": [[[0.85, 40.15], [0.95, 40.15], [0.95, 40.25], [0.85, 40.25], [0.85, 40.15]]]}}, {"type": "Feature", "properties": {"habitat": "Cetacean Migration Corridor", "hours_fast": 57.0, "hours_total": 615.0, "pct_fast": 0.0, "mean_speed_kn": 13.2}, "geometry": {"type": "Polygon", "coordinates": [[[0.95, 40.15], [1.05, 40.15], [1.05, 40.25], [0.95, 40.25], [0.95, 40.15]]]}}, {"type": "Feature", "properties": {"habitat": "Cetacean Migration Corridor", "hours_fast": 7.0, "hours_total": 61.0, "pct_fast": 3.28, "mean_speed_kn": 13.61}, "geometry": {"type": "Polygon", "coordinates": [[[1.05, 40.15], [1.15, 40.15], [1.15, 40.25], [1.05, 40.25], [1.05, 40.15]]]}}, {"type": "Feature", "properties": {"habitat": "Cetacean Migration Corridor", "hours_fast": 29.0, "hours_total": 127.0, "pct_fast": 0.0, "mean_speed_kn": 14.21}, "geometry": {"type": "Polygon", "coordinates": [[[1.15, 40.15], [1.25, 40.15], [1.25, 40.25], [1.15, 40.25], [1.15, 40.15]]]}}, {"type": "Feature", "properties": {"habitat": "Cetacean Migration Corridor", "hours_fast": 59.0, "hours_total": 257.0, "pct_fast": 0.0, "mean_speed_kn": 14.22}, "geometry": {"type": "Polygon", "coordinates": [[[1.25, 40.15], [1.35, 40.15], [1.35, 40.25], [1.25, 40.25], [1.25, 40.15]]]}}, {"type": "Feature", "properties": {"habitat": "Cetacean Migration Corridor", "hours_fast": 222.0, "hours_total": 591.0, "pct_fast": 0.0, "mean_speed_kn": 15.32}, "geometry": {"type": "Polygon", "coordinates": [[[1.35, 40.15], [1.45, 40.15], [1.45, 40.25], [1.35, 40.25], [1.35, 40.15]]]}}, {"type": "Feature", "properties": {"habitat": "Cetacean Migration Corridor", "hours_fast": 201.0, "hours_total": 644.0, "pct_fast": 0.0, "mean_speed_kn": 14.84}, "geometry": {"type": "Polygon", "coordinates": [[[1.45, 40.15], [1.55, 40.15], [1.55, 40.25], [1.45, 40.25], [1.45, 40.15]]]}}, {"type": "Feature", "properties": {"habitat": "Cetacean Migration Corridor", "hours_fast": 40.0, "hours_total": 203.0, "pct_fast": 0.0, "mean_speed_kn": 13.98}, "geometry": {"type": "Polygon", "coordinates": [[[1.55, 40.15], [1.65, 40.15], [1.65, 40.25], [1.55, 40.25], [1.55, 40.15]]]}}, {"type": "Feature", "properties": {"habitat": "Cetacean Migration Corridor", "hours_fast": 50.0, "hours_total": 172.0, "pct_fast": 0.0, "mean_speed_kn": 14.68}, "geometry": {"type": "Polygon", "coordinates": [[[1.65, 40.15], [1.75, 40.15], [1.75, 40.25], [1.65, 40.25], [1.65, 40.15]]]}}, {"type": "Feature", "properties": {"habitat": "Cetacean Migration Corridor", "hours_fast": 102.0, "hours_total": 283.0, "pct_fast": 0.0, "mean_speed_kn": 15.2}, "geometry": {"type": "Polygon", "coordinates": [[[1.75, 40.15], [1.85, 40.15], [1.85, 40.25], [1.75, 40.25], [1.75, 40.15]]]}}, {"type": "Feature", "properties": {"habitat": "Cetacean Migration Corridor", "hours_fast": 239.0, "hours_total": 532.0, "pct_fast": 0.19, "mean_speed_kn": 15.88}, "geometry": {"type": "Polygon", "coordinates": [[[1.85, 40.15], [1.95, 40.15], [1.95, 40.25], [1.85, 40.25], [1.85, 40.15]]]}}, {"type": "Feature", "properties": {"habitat": "Cetacean Migration Corridor", "hours_fast": 242.0, "hours_total": 588.0, "pct_fast": 0.17, "mean_speed_kn": 15.6}, "geometry": {"type": "Polygon", "coordinates": [[[1.95, 40.15], [2.05, 40.15], [2.05, 40.25], [1.95, 40.25], [1.95, 40.15]]]}}, {"type": "Feature", "properties": {"habitat": "Cetacean Migration Corridor", "hours_fast": 66.0, "hours_total": 311.0, "pct_fast": 0.32, "mean_speed_kn": 14.12}, "geometry": {"type": "Polygon", "coordinates": [[[2.05, 40.15], [2.15, 40.15], [2.15, 40.25], [2.05, 40.25], [2.05, 40.15]]]}}, {"type": "Feature", "properties": {"habitat": "Cetacean Migration Corridor", "hours_fast": 305.0, "hours_total": 510.0, "pct_fast": 0.39, "mean_speed_kn": 17.01}, "geometry": {"type": "Polygon", "coordinates": [[[2.15, 40.15], [2.25, 40.15], [2.25, 40.25], [2.15, 40.25], [2.15, 40.15]]]}}, {"type": "Feature", "properties": {"habitat": "Cetacean Migration Corridor", "hours_fast": 150.0, "hours_total": 249.0, "pct_fast": 0.0, "mean_speed_kn": 17.02}, "geometry": {"type": "Polygon", "coordinates": [[[2.25, 40.15], [2.35, 40.15], [2.35, 40.25], [2.25, 40.25], [2.25, 40.15]]]}}, {"type": "Feature", "properties": {"habitat": "Cetacean Migration Corridor", "hours_fast": 24.0, "hours_total": 115.0, "pct_fast": 0.0, "mean_speed_kn": 14.07}, "geometry": {"type": "Polygon", "coordinates": [[[2.35, 40.15], [2.45, 40.15], [2.45, 40.25], [2.35, 40.25], [2.35, 40.15]]]}}, {"type": "Feature", "properties": {"habitat": "Cetacean Migration Corridor", "hours_fast": 32.0, "hours_total": 164.0, "pct_fast": 0.0, "mean_speed_kn": 13.96}, "geometry": {"type": "Polygon", "coordinates": [[[2.45, 40.15], [2.55, 40.15], [2.55, 40.25], [2.45, 40.25], [2.45, 40.15]]]}}, {"type": "Feature", "properties": {"habitat": "Cetacean Migration Corridor", "hours_fast": 40.0, "hours_total": 181.0, "pct_fast": 1.1, "mean_speed_kn": 14.24}, "geometry": {"type": "Polygon", "coordinates": [[[2.55, 40.15], [2.65, 40.15], [2.65, 40.25], [2.55, 40.25], [2.55, 40.15]]]}}, {"type": "Feature", "properties": {"habitat": "Cetacean Migration Corridor", "hours_fast": 41.0, "hours_total": 184.0, "pct_fast": 0.54, "mean_speed_kn": 14.21}, "geometry": {"type": "Polygon", "coordinates": [[[2.65, 40.15], [2.75, 40.15], [2.75, 40.25], [2.65, 40.25], [2.65, 40.15]]]}}, {"type": "Feature", "properties": {"habitat": "Cetacean Migration Corridor", "hours_fast": 67.0, "hours_total": 190.0, "pct_fast": 0.53, "mean_speed_kn": 15.18}, "geometry": {"type": "Polygon", "coordinates": [[[2.75, 40.15], [2.85, 40.15], [2.85, 40.25], [2.75, 40.25], [2.75, 40.15]]]}}, {"type": "Feature", "properties": {"habitat": "Cetacean Migration Corridor", "hours_fast": 48.0, "hours_total": 188.0, "pct_fast": 3.72, "mean_speed_kn": 14.69}, "geometry": {"type": "Polygon", "coordinates": [[[2.85, 40.15], [2.95, 40.15], [2.95, 40.25], [2.85, 40.25], [2.85, 40.15]]]}}, {"type": "Feature", "properties": {"habitat": "Cetacean Migration Corridor", "hours_fast": 119.0, "hours_total": 285.0, "pct_fast": 14.39, "mean_speed_kn": 16.71}, "geometry": {"type": "Polygon", "coordinates": [[[2.95, 40.15], [3.05, 40.15], [3.05, 40.25], [2.95, 40.25], [2.95, 40.15]]]}}, {"type": "Feature", "properties": {"habitat": "Cetacean Migration Corridor", "hours_fast": 279.0, "hours_total": 414.0, "pct_fast": 16.18, "mean_speed_kn": 18.77}, "geometry": {"type": "Polygon", "coordinates": [[[3.05, 40.15], [3.15, 40.15], [3.15, 40.25], [3.05, 40.25], [3.05, 40.15]]]}}, {"type": "Feature", "properties": {"habitat": "Cetacean Migration Corridor", "hours_fast": 114.0, "hours_total": 911.0, "pct_fast": 0.0, "mean_speed_kn": 13.44}, "geometry": {"type": "Polygon", "coordinates": [[[0.95, 40.25], [1.05, 40.25], [1.05, 40.35], [0.95, 40.35], [0.95, 40.25]]]}}, {"type": "Feature", "properties": {"habitat": "Cetacean Migration Corridor", "hours_fast": 40.0, "hours_total": 224.0, "pct_fast": 0.0, "mean_speed_kn": 13.84}, "geometry": {"type": "Polygon", "coordinates": [[[1.05, 40.25], [1.15, 40.25], [1.15, 40.35], [1.05, 40.35], [1.05, 40.25]]]}}, {"type": "Feature", "properties": {"habitat": "Cetacean Migration Corridor", "hours_fast": 12.0, "hours_total": 69.0, "pct_fast": 0.0, "mean_speed_kn": 13.8}, "geometry": {"type": "Polygon", "coordinates": [[[1.15, 40.25], [1.25, 40.25], [1.25, 40.35], [1.15, 40.35], [1.15, 40.25]]]}}, {"type": "Feature", "properties": {"habitat": "Cetacean Migration Corridor", "hours_fast": 39.0, "hours_total": 160.0, "pct_fast": 0.0, "mean_speed_kn": 14.33}, "geometry": {"type": "Polygon", "coordinates": [[[1.25, 40.25], [1.35, 40.25], [1.35, 40.35], [1.25, 40.35], [1.25, 40.25]]]}}, {"type": "Feature", "properties": {"habitat": "Cetacean Migration Corridor", "hours_fast": 49.0, "hours_total": 251.0, "pct_fast": 0.0, "mean_speed_kn": 13.96}, "geometry": {"type": "Polygon", "coordinates": [[[1.35, 40.25], [1.45, 40.25], [1.45, 40.35], [1.35, 40.35], [1.35, 40.25]]]}}, {"type": "Feature", "properties": {"habitat": "Cetacean Migration Corridor", "hours_fast": 295.0, "hours_total": 852.0, "pct_fast": 0.0, "mean_speed_kn": 15.1}, "geometry": {"type": "Polygon", "coordinates": [[[1.45, 40.25], [1.55, 40.25], [1.55, 40.35], [1.45, 40.35], [1.45, 40.25]]]}}, {"type": "Feature", "properties": {"habitat": "Cetacean Migration Corridor", "hours_fast": 117.0, "hours_total": 414.0, "pct_fast": 0.0, "mean_speed_kn": 14.62}, "geometry": {"type": "Polygon", "coordinates": [[[1.55, 40.25], [1.65, 40.25], [1.65, 40.35], [1.55, 40.35], [1.55, 40.25]]]}}, {"type": "Feature", "properties": {"habitat": "Cetacean Migration Corridor", "hours_fast": 33.0, "hours_total": 169.0, "pct_fast": 0.0, "mean_speed_kn": 13.96}, "geometry": {"type": "Polygon", "coordinates": [[[1.65, 40.25], [1.75, 40.25], [1.75, 40.35], [1.65, 40.35], [1.65, 40.25]]]}}, {"type": "Feature", "properties": {"habitat": "Cetacean Migration Corridor", "hours_fast": 32.0, "hours_total": 139.0, "pct_fast": 0.0, "mean_speed_kn": 14.23}, "geometry": {"type": "Polygon", "coordinates": [[[1.75, 40.25], [1.85, 40.25], [1.85, 40.35], [1.75, 40.35], [1.75, 40.25]]]}}, {"type": "Feature", "properties": {"habitat": "Cetacean Migration Corridor", "hours_fast": 117.0, "hours_total": 279.0, "pct_fast": 0.72, "mean_speed_kn": 15.7}, "geometry": {"type": "Polygon", "coordinates": [[[1.85, 40.25], [1.95, 40.25], [1.95, 40.35], [1.85, 40.35], [1.85, 40.25]]]}}, {"type": "Feature", "properties": {"habitat": "Cetacean Migration Corridor", "hours_fast": 293.0, "hours_total": 603.0, "pct_fast": 0.0, "mean_speed_kn": 16.14}, "geometry": {"type": "Polygon", "coordinates": [[[1.95, 40.25], [2.05, 40.25], [2.05, 40.35], [1.95, 40.35], [1.95, 40.25]]]}}, {"type": "Feature", "properties": {"habitat": "Cetacean Migration Corridor", "hours_fast": 102.0, "hours_total": 472.0, "pct_fast": 0.42, "mean_speed_kn": 14.15}, "geometry": {"type": "Polygon", "coordinates": [[[2.05, 40.25], [2.15, 40.25], [2.15, 40.35], [2.05, 40.35], [2.05, 40.25]]]}}, {"type": "Feature", "properties": {"habitat": "Cetacean Migration Corridor", "hours_fast": 371.0, "hours_total": 724.0, "pct_fast": 0.14, "mean_speed_kn": 16.35}, "geometry": {"type": "Polygon", "coordinates": [[[2.15, 40.25], [2.25, 40.25], [2.25, 40.35], [2.15, 40.35], [2.15, 40.25]]]}}, {"type": "Feature", "properties": {"habitat": "Cetacean Migration Corridor", "hours_fast": 189.0, "hours_total": 342.0, "pct_fast": 0.0, "mean_speed_kn": 16.64}, "geometry": {"type": "Polygon", "coordinates": [[[2.25, 40.25], [2.35, 40.25], [2.35, 40.35], [2.25, 40.35], [2.25, 40.25]]]}}, {"type": "Feature", "properties": {"habitat": "Cetacean Migration Corridor", "hours_fast": 26.0, "hours_total": 119.0, "pct_fast": 0.0, "mean_speed_kn": 14.14}, "geometry": {"type": "Polygon", "coordinates": [[[2.35, 40.25], [2.45, 40.25], [2.45, 40.35], [2.35, 40.35], [2.35, 40.25]]]}}, {"type": "Feature", "properties": {"habitat": "Cetacean Migration Corridor", "hours_fast": 22.0, "hours_total": 118.0, "pct_fast": 1.69, "mean_speed_kn": 14.03}, "geometry": {"type": "Polygon", "coordinates": [[[2.45, 40.25], [2.55, 40.25], [2.55, 40.35], [2.45, 40.35], [2.45, 40.25]]]}}, {"type": "Feature", "properties": {"habitat": "Cetacean Migration Corridor", "hours_fast": 32.0, "hours_total": 145.0, "pct_fast": 0.69, "mean_speed_kn": 14.21}, "geometry": {"type": "Polygon", "coordinates": [[[2.55, 40.25], [2.65, 40.25], [2.65, 40.35], [2.55, 40.35], [2.55, 40.25]]]}}, {"type": "Feature", "properties": {"habitat": "Cetacean Migration Corridor", "hours_fast": 32.0, "hours_total": 176.0, "pct_fast": 0.0, "mean_speed_kn": 13.86}, "geometry": {"type": "Polygon", "coordinates": [[[2.65, 40.25], [2.75, 40.25], [2.75, 40.35], [2.65, 40.35], [2.65, 40.25]]]}}, {"type": "Feature", "properties": {"habitat": "Cetacean Migration Corridor", "hours_fast": 41.0, "hours_total": 225.0, "pct_fast": 0.0, "mean_speed_kn": 13.87}, "geometry": {"type": "Polygon", "coordinates": [[[2.75, 40.25], [2.85, 40.25], [2.85, 40.35], [2.75, 40.35], [2.75, 40.25]]]}}, {"type": "Feature", "properties": {"habitat": "Cetacean Migration Corridor", "hours_fast": 94.0, "hours_total": 248.0, "pct_fast": 10.08, "mean_speed_kn": 16.1}, "geometry": {"type": "Polygon", "coordinates": [[[2.85, 40.25], [2.95, 40.25], [2.95, 40.35], [2.85, 40.35], [2.85, 40.25]]]}}, {"type": "Feature", "properties": {"habitat": "Cetacean Migration Corridor", "hours_fast": 310.0, "hours_total": 420.0, "pct_fast": 24.76, "mean_speed_kn": 19.89}, "geometry": {"type": "Polygon", "coordinates": [[[2.95, 40.25], [3.05, 40.25], [3.05, 40.35], [2.95, 40.35], [2.95, 40.25]]]}}, {"type": "Feature", "properties": {"habitat": "Cetacean Migration Corridor", "hours_fast": 43.0, "hours_total": 164.0, "pct_fast": 4.27, "mean_speed_kn": 14.79}, "geometry": {"type": "Polygon", "coordinates": [[[3.05, 40.25], [3.15, 40.25], [3.15, 40.35], [3.05, 40.35], [3.05, 40.25]]]}}, {"type": "Feature", "properties": {"habitat": "Cetacean Migration Corridor", "hours_fast": 27.0, "hours_total": 176.0, "pct_fast": 1.7, "mean_speed_kn": 13.78}, "geometry": {"type": "Polygon", "coordinates": [[[3.15, 40.25], [3.25, 40.25], [3.25, 40.35], [3.15, 40.35], [3.15, 40.25]]]}}, {"type": "Feature", "properties": {"habitat": "Cetacean Migration Corridor", "hours_fast": 55.0, "hours_total": 161.0, "pct_fast": 3.73, "mean_speed_kn": 15.34}, "geometry": {"type": "Polygon", "coordinates": [[[3.25, 40.25], [3.35, 40.25], [3.35, 40.35], [3.25, 40.35], [3.25, 40.25]]]}}, {"type": "Feature", "properties": {"habitat": "Cetacean Migration Corridor", "hours_fast": 50.0, "hours_total": 267.0, "pct_fast": 0.0, "mean_speed_kn": 13.9}, "geometry": {"type": "Polygon", "coordinates": [[[1.15, 40.35], [1.25, 40.35], [1.25, 40.45], [1.15, 40.45], [1.15, 40.35]]]}}, {"type": "Feature", "properties": {"habitat": "Cetacean Migration Corridor", "hours_fast": 15.0, "hours_total": 121.0, "pct_fast": 0.0, "mean_speed_kn": 13.43}, "geometry": {"type": "Polygon", "coordinates": [[[1.25, 40.35], [1.35, 40.35], [1.35, 40.45], [1.25, 40.45], [1.25, 40.35]]]}}, {"type": "Feature", "properties": {"habitat": "Cetacean Migration Corridor", "hours_fast": 42.0, "hours_total": 222.0, "pct_fast": 0.0, "mean_speed_kn": 13.92}, "geometry": {"type": "Polygon", "coordinates": [[[1.35, 40.35], [1.45, 40.35], [1.45, 40.45], [1.35, 40.45], [1.35, 40.35]]]}}, {"type": "Feature", "properties": {"habitat": "Cetacean Migration Corridor", "hours_fast": 85.0, "hours_total": 308.0, "pct_fast": 0.0, "mean_speed_kn": 14.57}, "geometry": {"type": "Polygon", "coordinates": [[[1.45, 40.35], [1.55, 40.35], [1.55, 40.45], [1.45, 40.45], [1.45, 40.35]]]}}, {"type": "Feature", "properties": {"habitat": "Cetacean Migration Corridor", "hours_fast": 314.0, "hours_total": 927.0, "pct_fast": 0.0, "mean_speed_kn": 15.04}, "geometry": {"type": "Polygon", "coordinates": [[[1.55, 40.35], [1.65, 40.35], [1.65, 40.45], [1.55, 40.45], [1.55, 40.35]]]}}, {"type": "Feature", "properties": {"habitat": "Cetacean Migration Corridor", "hours_fast": 55.0, "hours_total": 268.0, "pct_fast": 0.37, "mean_speed_kn": 14.07}, "geometry": {"type": "Polygon", "coordinates": [[[1.65, 40.35], [1.75, 40.35], [1.75, 40.45], [1.65, 40.45], [1.65, 40.35]]]}}, {"type": "Feature", "properties": {"habitat": "Cetacean Migration Corridor", "hours_fast": 14.0, "hours_total": 83.0, "pct_fast": 0.0, "mean_speed_kn": 13.77}, "geometry": {"type": "Polygon", "coordinates": [[[1.75, 40.35], [1.85, 40.35], [1.85, 40.45], [1.75, 40.45], [1.75, 40.35]]]}}, {"type": "Feature", "properties": {"habitat": "Cetacean Migration Corridor", "hours_fast": 44.0, "hours_total": 113.0, "pct_fast": 0.0, "mean_speed_kn": 15.42}, "geometry": {"type": "Polygon", "coordinates": [[[1.85, 40.35], [1.95, 40.35], [1.95, 40.45], [1.85, 40.45], [1.85, 40.35]]]}}, {"type": "Feature", "properties": {"habitat": "Cetacean Migration Corridor", "hours_fast": 332.0, "hours_total": 518.0, "pct_fast": 0.58, "mean_speed_kn": 17.35}, "geometry": {"type": "Polygon", "coordinates": [[[1.95, 40.35], [2.05, 40.35], [2.05, 40.45], [1.95, 40.45], [1.95, 40.35]]]}}, {"type": "Feature", "properties": {"habitat": "Cetacean Migration Corridor", "hours_fast": 104.0, "hours_total": 380.0, "pct_fast": 0.0, "mean_speed_kn": 14.55}, "geometry": {"type": "Polygon", "coordinates": [[[2.05, 40.35], [2.15, 40.35], [2.15, 40.45], [2.05, 40.45], [2.05, 40.35]]]}}, {"type": "Feature", "properties": {"habitat": "Cetacean Migration Corridor", "hours_fast": 407.0, "hours_total": 860.0, "pct_fast": 0.0, "mean_speed_kn": 16.05}, "geometry": {"type": "Polygon", "coordinates": [[[2.15, 40.35], [2.25, 40.35], [2.25, 40.45], [2.15, 40.45], [2.15, 40.35]]]}}, {"type": "Feature", "properties": {"habitat": "Cetacean Migration Corridor", "hours_fast": 207.0, "hours_total": 507.0, "pct_fast": 0.39, "mean_speed_kn": 15.59}, "geometry": {"type": "Polygon", "coordinates": [[[2.25, 40.35], [2.35, 40.35], [2.35, 40.45], [2.25, 40.45], [2.25, 40.35]]]}}, {"type": "Feature", "properties": {"habitat": "Cetacean Migration Corridor", "hours_fast": 47.0, "hours_total": 184.0, "pct_fast": 0.54, "mean_speed_kn": 14.46}, "geometry": {"type": "Polygon", "coordinates": [[[2.35, 40.35], [2.45, 40.35], [2.45, 40.45], [2.35, 40.45], [2.35, 40.35]]]}}, {"type": "Feature", "properties": {"habitat": "Cetacean Migration Corridor", "hours_fast": 32.0, "hours_total": 139.0, "pct_fast": 0.72, "mean_speed_kn": 14.28}, "geometry": {"type": "Polygon", "coordinates": [[[2.45, 40.35], [2.55, 40.35], [2.55, 40.45], [2.45, 40.45], [2.45, 40.35]]]}}, {"type": "Feature", "properties": {"habitat": "Cetacean Migration Corridor", "hours_fast": 34.0, "hours_total": 162.0, "pct_fast": 1.85, "mean_speed_kn": 14.21}, "geometry": {"type": "Polygon", "coordinates": [[[2.55, 40.35], [2.65, 40.35], [2.65, 40.45], [2.55, 40.45], [2.55, 40.35]]]}}, {"type": "Feature", "properties": {"habitat": "Cetacean Migration Corridor", "hours_fast": 33.0, "hours_total": 164.0, "pct_fast": 1.22, "mean_speed_kn": 14.1}, "geometry": {"type": "Polygon", "coordinates": [[[2.65, 40.35], [2.75, 40.35], [2.75, 40.45], [2.65, 40.45], [2.65, 40.35]]]}}, {"type": "Feature", "properties": {"habitat": "Cetacean Migration Corridor", "hours_fast": 53.0, "hours_total": 171.0, "pct_fast": 2.92, "mean_speed_kn": 15.04}, "geometry": {"type": "Polygon", "coordinates": [[[2.75, 40.35], [2.85, 40.35], [2.85, 40.45], [2.75, 40.45], [2.75, 40.35]]]}}, {"type": "Feature", "properties": {"habitat": "Cetacean Migration Corridor", "hours_fast": 308.0, "hours_total": 445.0, "pct_fast": 21.57, "mean_speed_kn": 19.31}, "geometry": {"type": "Polygon", "coordinates": [[[2.85, 40.35], [2.95, 40.35], [2.95, 40.45], [2.85, 40.45], [2.85, 40.35]]]}}, {"type": "Feature", "properties": {"habitat": "Cetacean Migration Corridor", "hours_fast": 64.0, "hours_total": 236.0, "pct_fast": 1.69, "mean_speed_kn": 14.66}, "geometry": {"type": "Polygon", "coordinates": [[[2.95, 40.35], [3.05, 40.35], [3.05, 40.45], [2.95, 40.45], [2.95, 40.35]]]}}, {"type": "Feature", "properties": {"habitat": "Cetacean Migration Corridor", "hours_fast": 47.0, "hours_total": 199.0, "pct_fast": 1.01, "mean_speed_kn": 14.35}, "geometry": {"type": "Polygon", "coordinates": [[[3.05, 40.35], [3.15, 40.35], [3.15, 40.45], [3.05, 40.45], [3.05, 40.35]]]}}, {"type": "Feature", "properties": {"habitat": "Cetacean Migration Corridor", "hours_fast": 70.0, "hours_total": 218.0, "pct_fast": 1.38, "mean_speed_kn": 15.01}, "geometry": {"type": "Polygon", "coordinates": [[[3.15, 40.35], [3.25, 40.35], [3.25, 40.45], [3.15, 40.45], [3.15, 40.35]]]}}, {"type": "Feature", "properties": {"habitat": "Cetacean Migration Corridor", "hours_fast": 83.0, "hours_total": 246.0, "pct_fast": 4.47, "mean_speed_kn": 15.37}, "geometry": {"type": "Polygon", "coordinates": [[[3.25, 40.35], [3.35, 40.35], [3.35, 40.45], [3.25, 40.45], [3.25, 40.35]]]}}, {"type": "Feature", "properties": {"habitat": "Cetacean Migration Corridor", "hours_fast": 30.0, "hours_total": 160.0, "pct_fast": 0.0, "mean_speed_kn": 13.91}, "geometry": {"type": "Polygon", "coordinates": [[[3.35, 40.35], [3.45, 40.35], [3.45, 40.45], [3.35, 40.45], [3.35, 40.35]]]}}, {"type": "Feature", "properties": {"habitat": "Cetacean Migration Corridor", "hours_fast": 37.0, "hours_total": 146.0, "pct_fast": 1.37, "mean_speed_kn": 14.5}, "geometry": {"type": "Polygon", "coordinates": [[[3.45, 40.35], [3.55, 40.35], [3.55, 40.45], [3.45, 40.45], [3.45, 40.35]]]}}, {"type": "Feature", "properties": {"habitat": "Cetacean Migration Corridor", "hours_fast": 60.0, "hours_total": 168.0, "pct_fast": 0.6, "mean_speed_kn": 15.22}, "geometry": {"type": "Polygon", "coordinates": [[[3.55, 40.35], [3.65, 40.35], [3.65, 40.45], [3.55, 40.45], [3.55, 40.35]]]}}, {"type": "Feature", "properties": {"habitat": "Cetacean Migration Corridor", "hours_fast": 69.0, "hours_total": 311.0, "pct_fast": 0.0, "mean_speed_kn": 14.16}, "geometry": {"type": "Polygon", "coordinates": [[[1.25, 40.45], [1.35, 40.45], [1.35, 40.55], [1.25, 40.55], [1.25, 40.45]]]}}, {"type": "Feature", "properties": {"habitat": "Cetacean Migration Corridor", "hours_fast": 45.0, "hours_total": 206.0, "pct_fast": 0.0, "mean_speed_kn": 14.14}, "geometry": {"type": "Polygon", "coordinates": [[[1.35, 40.45], [1.45, 40.45], [1.45, 40.55], [1.35, 40.55], [1.35, 40.45]]]}}, {"type": "Feature", "properties": {"habitat": "Cetacean Migration Corridor", "hours_fast": 51.0, "hours_total": 260.0, "pct_fast": 0.0, "mean_speed_kn": 13.97}, "geometry": {"type": "Polygon", "coordinates": [[[1.45, 40.45], [1.55, 40.45], [1.55, 40.55], [1.45, 40.55], [1.45, 40.45]]]}}, {"type": "Feature", "properties": {"habitat": "Cetacean Migration Corridor", "hours_fast": 162.0, "hours_total": 550.0, "pct_fast": 0.18, "mean_speed_kn": 14.72}, "geometry": {"type": "Polygon", "coordinates": [[[1.55, 40.45], [1.65, 40.45], [1.65, 40.55], [1.55, 40.55], [1.55, 40.45]]]}}, {"type": "Feature", "properties": {"habitat": "Cetacean Migration Corridor", "hours_fast": 220.0, "hours_total": 725.0, "pct_fast": 0.0, "mean_speed_kn": 14.78}, "geometry": {"type": "Polygon", "coordinates": [[[1.65, 40.45], [1.75, 40.45], [1.75, 40.55], [1.65, 40.55], [1.65, 40.45]]]}}, {"type": "Feature", "properties": {"habitat": "Cetacean Migration Corridor", "hours_fast": 30.0, "hours_total": 155.0, "pct_fast": 0.65, "mean_speed_kn": 14.0}, "geometry": {"type": "Polygon", "coordinates": [[[1.75, 40.45], [1.85, 40.45], [1.85, 40.55], [1.75, 40.55], [1.75, 40.45]]]}}, {"type": "Feature", "properties": {"habitat": "Cetacean Migration Corridor", "hours_fast": 21.0, "hours_total": 92.0, "pct_fast": 0.0, "mean_speed_kn": 14.21}, "geometry": {"type": "Polygon", "coordinates": [[[1.85, 40.45], [1.95, 40.45], [1.95, 40.55], [1.85, 40.55], [1.85, 40.45]]]}}, {"type": "Feature", "properties": {"habitat": "Cetacean Migration Corridor", "hours_fast": 283.0, "hours_total": 395.0, "pct_fast": 0.0, "mean_speed_kn": 17.87}, "geometry": {"type": "Polygon", "coordinates": [[[1.95, 40.45], [2.05, 40.45], [2.05, 40.55], [1.95, 40.55], [1.95, 40.45]]]}}, {"type": "Feature", "properties": {"habitat": "Cetacean Migration Corridor", "hours_fast": 94.0, "hours_total": 259.0, "pct_fast": 0.0, "mean_speed_kn": 15.22}, "geometry": {"type": "Polygon", "coordinates": [[[2.05, 40.45], [2.15, 40.45], [2.15, 40.55], [2.05, 40.55], [2.05, 40.45]]]}}, {"type": "Feature", "properties": {"habitat": "Cetacean Migration Corridor", "hours_fast": 443.0, "hours_total": 768.0, "pct_fast": 0.13, "mean_speed_kn": 16.84}, "geometry": {"type": "Polygon", "coordinates": [[[2.15, 40.45], [2.25, 40.45], [2.25, 40.55], [2.15, 40.55], [2.15, 40.45]]]}}, {"type": "Feature", "properties": {"habitat": "Cetacean Migration Corridor", "hours_fast": 219.0, "hours_total": 615.0, "pct_fast": 0.49, "mean_speed_kn": 15.21}, "geometry": {"type": "Polygon", "coordinates": [[[2.25, 40.45], [2.35, 40.45], [2.35, 40.55], [2.25, 40.55], [2.25, 40.45]]]}}, {"type": "Feature", "properties": {"habitat": "Cetacean Migration Corridor", "hours_fast": 88.0, "hours_total": 386.0, "pct_fast": 0.26, "mean_speed_kn": 14.23}, "geometry": {"type": "Polygon", "coordinates": [[[2.35, 40.45], [2.45, 40.45], [2.45, 40.55], [2.35, 40.55], [2.35, 40.45]]]}}, {"type": "Feature", "properties": {"habitat": "Cetacean Migration Corridor", "hours_fast": 56.0, "hours_total": 192.0, "pct_fast": 0.0, "mean_speed_kn": 14.69}, "geometry": {"type": "Polygon", "coordinates": [[[2.45, 40.45], [2.55, 40.45], [2.55, 40.55], [2.45, 40.55], [2.45, 40.45]]]}}, {"type": "Feature", "properties": {"habitat": "Cetacean Migration Corridor", "hours_fast": 44.0, "hours_total": 142.0, "pct_fast": 4.23, "mean_speed_kn": 15.14}, "geometry": {"type": "Polygon", "coordinates": [[[2.55, 40.45], [2.65, 40.45], [2.65, 40.55], [2.55, 40.55], [2.55, 40.45]]]}}, {"type": "Feature", "properties": {"habitat": "Cetacean Migration Corridor", "hours_fast": 30.0, "hours_total": 137.0, "pct_fast": 2.19, "mean_speed_kn": 14.31}, "geometry": {"type": "Polygon", "coordinates": [[[2.65, 40.45], [2.75, 40.45], [2.75, 40.55], [2.65, 40.55], [2.65, 40.45]]]}}, {"type": "Feature", "properties": {"habitat": "Cetacean Migration Corridor", "hours_fast": 266.0, "hours_total": 348.0, "pct_fast": 23.28, "mean_speed_kn": 19.98}, "geometry": {"type": "Polygon", "coordinates": [[[2.75, 40.45], [2.85, 40.45], [2.85, 40.55], [2.75, 40.55], [2.75, 40.45]]]}}, {"type": "Feature", "properties": {"habitat": "Cetacean Migration Corridor", "hours_fast": 83.0, "hours_total": 198.0, "pct_fast": 11.62, "mean_speed_kn": 16.52}, "geometry": {"type": "Polygon", "coordinates": [[[2.85, 40.45], [2.95, 40.45], [2.95, 40.55], [2.85, 40.55], [2.85, 40.45]]]}}, {"type": "Feature", "properties": {"habitat": "Cetacean Migration Corridor", "hours_fast": 53.0, "hours_total": 226.0, "pct_fast": 0.44, "mean_speed_kn": 14.29}, "geometry": {"type": "Polygon", "coordinates": [[[2.95, 40.45], [3.05, 40.45], [3.05, 40.55], [2.95, 40.55], [2.95, 40.45]]]}}, {"type": "Feature", "properties": {"habitat": "Cetacean Migration Corridor", "hours_fast": 76.0, "hours_total": 266.0, "pct_fast": 1.88, "mean_speed_kn": 14.78}, "geometry": {"type": "Polygon", "coordinates": [[[3.05, 40.45], [3.15, 40.45], [3.15, 40.55], [3.05, 40.55], [3.05, 40.45]]]}}, {"type": "Feature", "properties": {"habitat": "Cetacean Migration Corridor", "hours_fast": 60.0, "hours_total": 254.0, "pct_fast": 2.76, "mean_speed_kn": 14.48}, "geometry": {"type": "Polygon", "coordinates": [[[3.15, 40.45], [3.25, 40.45], [3.25, 40.55], [3.15, 40.55], [3.15, 40.45]]]}}, {"type": "Feature", "properties": {"habitat": "Cetacean Migration Corridor", "hours_fast": 41.0, "hours_total": 193.0, "pct_fast": 0.0, "mean_speed_kn": 14.09}, "geometry": {"type": "Polygon", "coordinates": [[[3.25, 40.45], [3.35, 40.45], [3.35, 40.55], [3.25, 40.55], [3.25, 40.45]]]}}, {"type": "Feature", "properties": {"habitat": "Cetacean Migration Corridor", "hours_fast": 60.0, "hours_total": 269.0, "pct_fast": 0.0, "mean_speed_kn": 14.17}, "geometry": {"type": "Polygon", "coordinates": [[[3.35, 40.45], [3.45, 40.45], [3.45, 40.55], [3.35, 40.55], [3.35, 40.45]]]}}, {"type": "Feature", "properties": {"habitat": "Cetacean Migration Corridor", "hours_fast": 102.0, "hours_total": 275.0, "pct_fast": 0.0, "mean_speed_kn": 15.28}, "geometry": {"type": "Polygon", "coordinates": [[[3.45, 40.45], [3.55, 40.45], [3.55, 40.55], [3.45, 40.55], [3.45, 40.45]]]}}, {"type": "Feature", "properties": {"habitat": "Cetacean Migration Corridor", "hours_fast": 123.0, "hours_total": 272.0, "pct_fast": 0.74, "mean_speed_kn": 15.95}, "geometry": {"type": "Polygon", "coordinates": [[[3.55, 40.45], [3.65, 40.45], [3.65, 40.55], [3.55, 40.55], [3.55, 40.45]]]}}, {"type": "Feature", "properties": {"habitat": "Cetacean Migration Corridor", "hours_fast": 34.0, "hours_total": 142.0, "pct_fast": 0.0, "mean_speed_kn": 14.3}, "geometry": {"type": "Polygon", "coordinates": [[[3.65, 40.45], [3.75, 40.45], [3.75, 40.55], [3.65, 40.55], [3.65, 40.45]]]}}, {"type": "Feature", "properties": {"habitat": "Cetacean Migration Corridor", "hours_fast": 46.0, "hours_total": 147.0, "pct_fast": 0.0, "mean_speed_kn": 14.85}, "geometry": {"type": "Polygon", "coordinates": [[[3.75, 40.45], [3.85, 40.45], [3.85, 40.55], [3.75, 40.55], [3.75, 40.45]]]}}, {"type": "Feature", "properties": {"habitat": "Cetacean Migration Corridor", "hours_fast": 64.0, "hours_total": 326.0, "pct_fast": 0.0, "mean_speed_kn": 13.97}, "geometry": {"type": "Polygon", "coordinates": [[[1.45, 40.55], [1.55, 40.55], [1.55, 40.65], [1.45, 40.65], [1.45, 40.55]]]}}, {"type": "Feature", "properties": {"habitat": "Cetacean Migration Corridor", "hours_fast": 60.0, "hours_total": 319.0, "pct_fast": 0.0, "mean_speed_kn": 13.91}, "geometry": {"type": "Polygon", "coordinates": [[[1.55, 40.55], [1.65, 40.55], [1.65, 40.65], [1.55, 40.65], [1.55, 40.55]]]}}, {"type": "Feature", "properties": {"habitat": "Cetacean Migration Corridor", "hours_fast": 303.0, "hours_total": 917.0, "pct_fast": 0.11, "mean_speed_kn": 14.99}, "geometry": {"type": "Polygon", "coordinates": [[[1.65, 40.55], [1.75, 40.55], [1.75, 40.65], [1.65, 40.65], [1.65, 40.55]]]}}, {"type": "Feature", "properties": {"habitat": "Cetacean Migration Corridor", "hours_fast": 119.0, "hours_total": 449.0, "pct_fast": 0.22, "mean_speed_kn": 14.5}, "geometry": {"type": "Polygon", "coordinates": [[[1.75, 40.55], [1.85, 40.55], [1.85, 40.65], [1.75, 40.65], [1.75, 40.55]]]}}, {"type": "Feature", "properties": {"habitat": "Cetacean Migration Corridor", "hours_fast": 30.0, "hours_total": 127.0, "pct_fast": 0.79, "mean_speed_kn": 14.33}, "geometry": {"type": "Polygon", "coordinates": [[[1.85, 40.55], [1.95, 40.55], [1.95, 40.65], [1.85, 40.65], [1.85, 40.55]]]}}, {"type": "Feature", "properties": {"habitat": "Cetacean Migration Corridor", "hours_fast": 187.0, "hours_total": 291.0, "pct_fast": 0.34, "mean_speed_kn": 17.35}, "geometry": {"type": "Polygon", "coordinates": [[[1.95, 40.55], [2.05, 40.55], [2.05, 40.65], [1.95, 40.65], [1.95, 40.55]]]}}, {"type": "Feature", "properties": {"habitat": "Cetacean Migration Corridor", "hours_fast": 169.0, "hours_total": 322.0, "pct_fast": 0.62, "mean_speed_kn": 16.48}, "geometry": {"type": "Polygon", "coordinates": [[[2.05, 40.55], [2.15, 40.55], [2.15, 40.65], [2.05, 40.65], [2.05, 40.55]]]}}, {"type": "Feature", "properties": {"habitat": "Cetacean Migration Corridor", "hours_fast": 432.0, "hours_total": 705.0, "pct_fast": 0.0, "mean_speed_kn": 17.1}, "geometry": {"type": "Polygon", "coordinates": [[[2.15, 40.55], [2.25, 40.55], [2.25, 40.65], [2.15, 40.65], [2.15, 40.55]]]}}, {"type": "Feature", "properties": {"habitat": "Cetacean Migration Corridor", "hours_fast": 143.0, "hours_total": 410.0, "pct_fast": 0.0, "mean_speed_kn": 15.12}, "geometry": {"type": "Polygon", "coordinates": [[[2.25, 40.55], [2.35, 40.55], [2.35, 40.65], [2.25, 40.65], [2.25, 40.55]]]}}, {"type": "Feature", "properties": {"habitat": "Cetacean Migration Corridor", "hours_fast": 102.0, "hours_total": 396.0, "pct_fast": 0.25, "mean_speed_kn": 14.45}, "geometry": {"type": "Polygon", "coordinates": [[[2.35, 40.55], [2.45, 40.55], [2.45, 40.65], [2.35, 40.65], [2.35, 40.55]]]}}, {"type": "Feature", "properties": {"habitat": "Cetacean Migration Corridor", "hours_fast": 64.0, "hours_total": 350.0, "pct_fast": 0.86, "mean_speed_kn": 13.94}, "geometry": {"type": "Polygon", "coordinates": [[[2.45, 40.55], [2.55, 40.55], [2.55, 40.65], [2.45, 40.65], [2.45, 40.55]]]}}, {"type": "Feature", "properties": {"habitat": "Cetacean Migration Corridor", "hours_fast": 64.0, "hours_total": 261.0, "pct_fast": 0.77, "mean_speed_kn": 14.4}, "geometry": {"type": "Polygon", "coordinates": [[[2.55, 40.55], [2.65, 40.55], [2.65, 40.65], [2.55, 40.65], [2.55, 40.55]]]}}, {"type": "Feature", "properties": {"habitat": "Cetacean Migration Corridor", "hours_fast": 247.0, "hours_total": 414.0, "pct_fast": 17.63, "mean_speed_kn": 18.3}, "geometry": {"type": "Polygon", "coordinates": [[[2.65, 40.55], [2.75, 40.55], [2.75, 40.65], [2.65, 40.65], [2.65, 40.55]]]}}, {"type": "Feature", "properties": {"habitat": "Cetacean Migration Corridor", "hours_fast": 158.0, "hours_total": 376.0, "pct_fast": 8.24, "mean_speed_kn": 16.27}, "geometry": {"type": "Polygon", "coordinates": [[[2.75, 40.55], [2.85, 40.55], [2.85, 40.65], [2.75, 40.65], [2.75, 40.55]]]}}, {"type": "Feature", "properties": {"habitat": "Cetacean Migration Corridor", "hours_fast": 68.0, "hours_total": 241.0, "pct_fast": 1.66, "mean_speed_kn": 14.74}, "geometry": {"type": "Polygon", "coordinates": [[[2.85, 40.55], [2.95, 40.55], [2.95, 40.65], [2.85, 40.65], [2.85, 40.55]]]}}, {"type": "Feature", "properties": {"habitat": "Cetacean Migration Corridor", "hours_fast": 79.0, "hours_total": 232.0, "pct_fast": 2.16, "mean_speed_kn": 15.22}, "geometry": {"type": "Polygon", "coordinates": [[[2.95, 40.55], [3.05, 40.55], [3.05, 40.65], [2.95, 40.65], [2.95, 40.55]]]}}, {"type": "Feature", "properties": {"habitat": "Cetacean Migration Corridor", "hours_fast": 34.0, "hours_total": 189.0, "pct_fast": 1.59, "mean_speed_kn": 13.97}, "geometry": {"type": "Polygon", "coordinates": [[[3.05, 40.55], [3.15, 40.55], [3.15, 40.65], [3.05, 40.65], [3.05, 40.55]]]}}, {"type": "Feature", "properties": {"habitat": "Cetacean Migration Corridor", "hours_fast": 38.0, "hours_total": 198.0, "pct_fast": 0.51, "mean_speed_kn": 13.98}, "geometry": {"type": "Polygon", "coordinates": [[[3.15, 40.55], [3.25, 40.55], [3.25, 40.65], [3.15, 40.65], [3.15, 40.55]]]}}, {"type": "Feature", "properties": {"habitat": "Cetacean Migration Corridor", "hours_fast": 68.0, "hours_total": 226.0, "pct_fast": 0.0, "mean_speed_kn": 14.76}, "geometry": {"type": "Polygon", "coordinates": [[[3.25, 40.55], [3.35, 40.55], [3.35, 40.65], [3.25, 40.65], [3.25, 40.55]]]}}, {"type": "Feature", "properties": {"habitat": "Cetacean Migration Corridor", "hours_fast": 147.0, "hours_total": 291.0, "pct_fast": 0.0, "mean_speed_kn": 16.29}, "geometry": {"type": "Polygon", "coordinates": [[[3.35, 40.55], [3.45, 40.55], [3.45, 40.65], [3.35, 40.65], [3.35, 40.55]]]}}, {"type": "Feature", "properties": {"habitat": "Cetacean Migration Corridor", "hours_fast": 62.0, "hours_total": 213.0, "pct_fast": 0.0, "mean_speed_kn": 14.68}, "geometry": {"type": "Polygon", "coordinates": [[[3.45, 40.55], [3.55, 40.55], [3.55, 40.65], [3.45, 40.65], [3.45, 40.55]]]}}, {"type": "Feature", "properties": {"habitat": "Cetacean Migration Corridor", "hours_fast": 81.0, "hours_total": 262.0, "pct_fast": 0.38, "mean_speed_kn": 14.85}, "geometry": {"type": "Polygon", "coordinates": [[[3.55, 40.55], [3.65, 40.55], [3.65, 40.65], [3.55, 40.65], [3.55, 40.55]]]}}, {"type": "Feature", "properties": {"habitat": "Cetacean Migration Corridor", "hours_fast": 79.0, "hours_total": 321.0, "pct_fast": 0.0, "mean_speed_kn": 14.35}, "geometry": {"type": "Polygon", "coordinates": [[[3.65, 40.55], [3.75, 40.55], [3.75, 40.65], [3.65, 40.65], [3.65, 40.55]]]}}, {"type": "Feature", "properties": {"habitat": "Cetacean Migration Corridor", "hours_fast": 122.0, "hours_total": 376.0, "pct_fast": 0.53, "mean_speed_kn": 14.97}, "geometry": {"type": "Polygon", "coordinates": [[[3.75, 40.55], [3.85, 40.55], [3.85, 40.65], [3.75, 40.65], [3.75, 40.55]]]}}, {"type": "Feature", "properties": {"habitat": "Cetacean Migration Corridor", "hours_fast": 145.0, "hours_total": 355.0, "pct_fast": 0.56, "mean_speed_kn": 15.61}, "geometry": {"type": "Polygon", "coordinates": [[[3.85, 40.55], [3.95, 40.55], [3.95, 40.65], [3.85, 40.65], [3.85, 40.55]]]}}, {"type": "Feature", "properties": {"habitat": "Cetacean Migration Corridor", "hours_fast": 60.0, "hours_total": 149.0, "pct_fast": 0.0, "mean_speed_kn": 15.52}, "geometry": {"type": "Polygon", "coordinates": [[[3.95, 40.55], [4.05, 40.55], [4.05, 40.65], [3.95, 40.65], [3.95, 40.55]]]}}, {"type": "Feature", "properties": {"habitat": "Cetacean Migration Corridor", "hours_fast": 20.0, "hours_total": 78.0, "pct_fast": 0.0, "mean_speed_kn": 14.42}, "geometry": {"type": "Polygon", "coordinates": [[[4.05, 40.55], [4.15, 40.55], [4.15, 40.65], [4.05, 40.65], [4.05, 40.55]]]}}, {"type": "Feature", "properties": {"habitat": "Cetacean Migration Corridor", "hours_fast": 78.0, "hours_total": 354.0, "pct_fast": 0.28, "mean_speed_kn": 14.17}, "geometry": {"type": "Polygon", "coordinates": [[[1.55, 40.65], [1.65, 40.65], [1.65, 40.75], [1.55, 40.75], [1.55, 40.65]]]}}, {"type": "Feature", "properties": {"habitat": "Cetacean Migration Corridor", "hours_fast": 110.0, "hours_total": 369.0, "pct_fast": 0.0, "mean_speed_kn": 14.74}, "geometry": {"type": "Polygon", "coordinates": [[[1.65, 40.65], [1.75, 40.65], [1.75, 40.75], [1.65, 40.75], [1.65, 40.65]]]}}, {"type": "Feature", "properties": {"habitat": "Cetacean Migration Corridor", "hours_fast": 354.0, "hours_total": 1023.0, "pct_fast": 0.0, "mean_speed_kn": 15.1}, "geometry": {"type": "Polygon", "coordinates": [[[1.75, 40.65], [1.85, 40.65], [1.85, 40.75], [1.75, 40.75], [1.75, 40.65]]]}}, {"type": "Feature", "properties": {"habitat": "Cetacean Migration Corridor", "hours_fast": 63.0, "hours_total": 325.0, "pct_fast": 0.0, "mean_speed_kn": 13.95}, "geometry": {"type": "Polygon", "coordinates": [[[1.85, 40.65], [1.95, 40.65], [1.95, 40.75], [1.85, 40.75], [1.85, 40.65]]]}}, {"type": "Feature", "properties": {"habitat": "Cetacean Migration Corridor", "hours_fast": 102.0, "hours_total": 262.0, "pct_fast": 0.76, "mean_speed_kn": 15.48}, "geometry": {"type": "Polygon", "coordinates": [[[1.95, 40.65], [2.05, 40.65], [2.05, 40.75], [1.95, 40.75], [1.95, 40.65]]]}}, {"type": "Feature", "properties": {"habitat": "Cetacean Migration Corridor", "hours_fast": 210.0, "hours_total": 383.0, "pct_fast": 0.52, "mean_speed_kn": 16.65}, "geometry": {"type": "Polygon", "coordinates": [[[2.05, 40.65], [2.15, 40.65], [2.15, 40.75], [2.05, 40.75], [2.05, 40.65]]]}}, {"type": "Feature", "properties": {"habitat": "Cetacean Migration Corridor", "hours_fast": 468.0, "hours_total": 717.0, "pct_fast": 0.28, "mean_speed_kn": 17.42}, "geometry": {"type": "Polygon", "coordinates": [[[2.15, 40.65], [2.25, 40.65], [2.25, 40.75], [2.15, 40.75], [2.15, 40.65]]]}}, {"type": "Feature", "properties": {"habitat": "Cetacean Migration Corridor", "hours_fast": 124.0, "hours_total": 341.0, "pct_fast": 0.59, "mean_speed_kn": 15.27}, "geometry": {"type": "Polygon", "coordinates": [[[2.25, 40.65], [2.35, 40.65], [2.35, 40.75], [2.25, 40.75], [2.25, 40.65]]]}}, {"type": "Feature", "properties": {"habitat": "Cetacean Migration Corridor", "hours_fast": 55.0, "hours_total": 332.0, "pct_fast": 0.3, "mean_speed_kn": 13.77}, "geometry": {"type": "Polygon", "coordinates": [[[2.35, 40.65], [2.45, 40.65], [2.45, 40.75], [2.35, 40.75], [2.35, 40.65]]]}}, {"type": "Feature", "properties": {"habitat": "Cetacean Migration Corridor", "hours_fast": 114.0, "hours_total": 521.0, "pct_fast": 0.96, "mean_speed_kn": 14.21}, "geometry": {"type": "Polygon", "coordinates": [[[2.45, 40.65], [2.55, 40.65], [2.55, 40.75], [2.45, 40.75], [2.45, 40.65]]]}}, {"type": "Feature", "properties": {"habitat": "Cetacean Migration Corridor", "hours_fast": 245.0, "hours_total": 608.0, "pct_fast": 8.55, "mean_speed_kn": 16.16}, "geometry": {"type": "Polygon", "coordinates": [[[2.55, 40.65], [2.65, 40.65], [2.65, 40.75], [2.55, 40.75], [2.55, 40.65]]]}}, {"type": "Feature", "properties": {"habitat": "Cetacean Migration Corridor", "hours_fast": 218.0, "hours_total": 493.0, "pct_fast": 8.92, "mean_speed_kn": 16.49}, "geometry": {"type": "Polygon", "coordinates": [[[2.65, 40.65], [2.75, 40.65], [2.75, 40.75], [2.65, 40.75], [2.65, 40.65]]]}}, {"type": "Feature", "properties": {"habitat": "Cetacean Migration Corridor", "hours_fast": 53.0, "hours_total": 278.0, "pct_fast": 2.16, "mean_speed_kn": 14.09}, "geometry": {"type": "Polygon", "coordinates": [[[2.75, 40.65], [2.85, 40.65], [2.85, 40.75], [2.75, 40.75], [2.75, 40.65]]]}}, {"type": "Feature", "properties": {"habitat": "Cetacean Migration Corridor", "hours_fast": 62.0, "hours_total": 227.0, "pct_fast": 3.96, "mean_speed_kn": 14.85}, "geometry": {"type": "Polygon", "coordinates": [[[2.85, 40.65], [2.95, 40.65], [2.95, 40.75], [2.85, 40.75], [2.85, 40.65]]]}}, {"type": "Feature", "properties": {"habitat": "Cetacean Migration Corridor", "hours_fast": 52.0, "hours_total": 153.0, "pct_fast": 2.61, "mean_speed_kn": 15.25}, "geometry": {"type": "Polygon", "coordinates": [[[2.95, 40.65], [3.05, 40.65], [3.05, 40.75], [2.95, 40.75], [2.95, 40.65]]]}}, {"type": "Feature", "properties": {"habitat": "Cetacean Migration Corridor", "hours_fast": 51.0, "hours_total": 127.0, "pct_fast": 0.0, "mean_speed_kn": 15.51}, "geometry": {"type": "Polygon", "coordinates": [[[3.05, 40.65], [3.15, 40.65], [3.15, 40.75], [3.05, 40.75], [3.05, 40.65]]]}}, {"type": "Feature", "properties": {"habitat": "Cetacean Migration Corridor", "hours_fast": 96.0, "hours_total": 214.0, "pct_fast": 0.0, "mean_speed_kn": 15.86}, "geometry": {"type": "Polygon", "coordinates": [[[3.15, 40.65], [3.25, 40.65], [3.25, 40.75], [3.15, 40.75], [3.15, 40.65]]]}}, {"type": "Feature", "properties": {"habitat": "Cetacean Migration Corridor", "hours_fast": 91.0, "hours_total": 216.0, "pct_fast": 0.0, "mean_speed_kn": 15.66}, "geometry": {"type": "Polygon", "coordinates": [[[3.25, 40.65], [3.35, 40.65], [3.35, 40.75], [3.25, 40.75], [3.25, 40.65]]]}}, {"type": "Feature", "properties": {"habitat": "Cetacean Migration Corridor", "hours_fast": 90.0, "hours_total": 307.0, "pct_fast": 0.0, "mean_speed_kn": 14.7}, "geometry": {"type": "Polygon", "coordinates": [[[3.35, 40.65], [3.45, 40.65], [3.45, 40.75], [3.35, 40.75], [3.35, 40.65]]]}}, {"type": "Feature", "properties": {"habitat": "Cetacean Migration Corridor", "hours_fast": 107.0, "hours_total": 414.0, "pct_fast": 0.48, "mean_speed_kn": 14.47}, "geometry": {"type": "Polygon", "coordinates": [[[3.45, 40.65], [3.55, 40.65], [3.55, 40.75], [3.45, 40.75], [3.45, 40.65]]]}}, {"type": "Feature", "properties": {"habitat": "Cetacean Migration Corridor", "hours_fast": 126.0, "hours_total": 428.0, "pct_fast": 0.23, "mean_speed_kn": 14.73}, "geometry": {"type": "Polygon", "coordinates": [[[3.55, 40.65], [3.65, 40.65], [3.65, 40.75], [3.55, 40.75], [3.55, 40.65]]]}}, {"type": "Feature", "properties": {"habitat": "Cetacean Migration Corridor", "hours_fast": 93.0, "hours_total": 304.0, "pct_fast": 0.0, "mean_speed_kn": 14.79}, "geometry": {"type": "Polygon", "coordinates": [[[3.65, 40.65], [3.75, 40.65], [3.75, 40.75], [3.65, 40.75], [3.65, 40.65]]]}}, {"type": "Feature", "properties": {"habitat": "Cetacean Migration Corridor", "hours_fast": 26.0, "hours_total": 113.0, "pct_fast": 0.0, "mean_speed_kn": 14.23}, "geometry": {"type": "Polygon", "coordinates": [[[3.75, 40.65], [3.85, 40.65], [3.85, 40.75], [3.75, 40.75], [3.75, 40.65]]]}}, {"type": "Feature", "properties": {"habitat": "Cetacean Migration Corridor", "hours_fast": 25.0, "hours_total": 80.0, "pct_fast": 1.25, "mean_speed_kn": 14.94}, "geometry": {"type": "Polygon", "coordinates": [[[3.85, 40.65], [3.95, 40.65], [3.95, 40.75], [3.85, 40.75], [3.85, 40.65]]]}}, {"type": "Feature", "properties": {"habitat": "Cetacean Migration Corridor", "hours_fast": 77.0, "hours_total": 159.0, "pct_fast": 1.26, "mean_speed_kn": 16.23}, "geometry": {"type": "Polygon", "coordinates": [[[3.95, 40.65], [4.05, 40.65], [4.05, 40.75], [3.95, 40.75], [3.95, 40.65]]]}}, {"type": "Feature", "properties": {"habitat": "Cetacean Migration Corridor", "hours_fast": 16.0, "hours_total": 77.0, "pct_fast": 0.0, "mean_speed_kn": 14.06}, "geometry": {"type": "Polygon", "coordinates": [[[4.05, 40.65], [4.15, 40.65], [4.15, 40.75], [4.05, 40.75], [4.05, 40.65]]]}}, {"type": "Feature", "properties": {"habitat": "Cetacean Migration Corridor", "hours_fast": 311.0, "hours_total": 1010.0, "pct_fast": 0.1, "mean_speed_kn": 14.82}, "geometry": {"type": "Polygon", "coordinates": [[[1.85, 40.75], [1.95, 40.75], [1.95, 40.85], [1.85, 40.85], [1.85, 40.75]]]}}, {"type": "Feature", "properties": {"habitat": "Cetacean Migration Corridor", "hours_fast": 69.0, "hours_total": 292.0, "pct_fast": 0.34, "mean_speed_kn": 14.3}, "geometry": {"type": "Polygon", "coordinates": [[[1.95, 40.75], [2.05, 40.75], [2.05, 40.85], [1.95, 40.85], [1.95, 40.75]]]}}, {"type": "Feature", "properties": {"habitat": "Cetacean Migration Corridor", "hours_fast": 297.0, "hours_total": 568.0, "pct_fast": 0.35, "mean_speed_kn": 16.45}, "geometry": {"type": "Polygon", "coordinates": [[[2.05, 40.75], [2.15, 40.75], [2.15, 40.85], [2.05, 40.85], [2.05, 40.75]]]}}, {"type": "Feature", "properties": {"habitat": "Cetacean Migration Corridor", "hours_fast": 428.0, "hours_total": 782.0, "pct_fast": 0.51, "mean_speed_kn": 16.64}, "geometry": {"type": "Polygon", "coordinates": [[[2.15, 40.75], [2.25, 40.75], [2.25, 40.85], [2.15, 40.85], [2.15, 40.75]]]}}, {"type": "Feature", "properties": {"habitat": "Cetacean Migration Corridor", "hours_fast": 90.0, "hours_total": 315.0, "pct_fast": 0.32, "mean_speed_kn": 14.67}, "geometry": {"type": "Polygon", "coordinates": [[[2.25, 40.75], [2.35, 40.75], [2.35, 40.85], [2.25, 40.85], [2.25, 40.75]]]}}, {"type": "Feature", "properties": {"habitat": "Cetacean Migration Corridor", "hours_fast": 80.0, "hours_total": 277.0, "pct_fast": 0.36, "mean_speed_kn": 14.69}, "geometry": {"type": "Polygon", "coordinates": [[[2.35, 40.75], [2.45, 40.75], [2.45, 40.85], [2.35, 40.85], [2.35, 40.75]]]}}, {"type": "Feature", "properties": {"habitat": "Cetacean Migration Corridor", "hours_fast": 149.0, "hours_total": 378.0, "pct_fast": 7.14, "mean_speed_kn": 15.99}, "geometry": {"type": "Polygon", "coordinates": [[[2.45, 40.75], [2.55, 40.75], [2.55, 40.85], [2.45, 40.85], [2.45, 40.75]]]}}, {"type": "Feature", "properties": {"habitat": "Cetacean Migration Corridor", "hours_fast": 351.0, "hours_total": 708.0, "pct_fast": 12.29, "mean_speed_kn": 17.14}, "geometry": {"type": "Polygon", "coordinates": [[[2.55, 40.75], [2.65, 40.75], [2.65, 40.85], [2.55, 40.85], [2.55, 40.75]]]}}, {"type": "Feature", "properties": {"habitat": "Cetacean Migration Corridor", "hours_fast": 92.0, "hours_total": 364.0, "pct_fast": 1.92, "mean_speed_kn": 14.54}, "geometry": {"type": "Polygon", "coordinates": [[[2.65, 40.75], [2.75, 40.75], [2.75, 40.85], [2.65, 40.85], [2.65, 40.75]]]}}, {"type": "Feature", "properties": {"habitat": "Cetacean Migration Corridor", "hours_fast": 84.0, "hours_total": 264.0, "pct_fast": 3.41, "mean_speed_kn": 15.14}, "geometry": {"type": "Polygon", "coordinates": [[[2.75, 40.75], [2.85, 40.75], [2.85, 40.85], [2.75, 40.85], [2.75, 40.75]]]}}, {"type": "Feature", "properties": {"habitat": "Cetacean Migration Corridor", "hours_fast": 44.0, "hours_total": 164.0, "pct_fast": 0.61, "mean_speed_kn": 14.56}, "geometry": {"type": "Polygon", "coordinates": [[[2.85, 40.75], [2.95, 40.75], [2.95, 40.85], [2.85, 40.85], [2.85, 40.75]]]}}, {"type": "Feature", "properties": {"habitat": "Cetacean Migration Corridor", "hours_fast": 107.0, "hours_total": 222.0, "pct_fast": 0.45, "mean_speed_kn": 16.15}, "geometry": {"type": "Polygon", "coordinates": [[[2.95, 40.75], [3.05, 40.75], [3.05, 40.85], [2.95, 40.85], [2.95, 40.75]]]}}, {"type": "Feature", "properties": {"habitat": "Cetacean Migration Corridor", "hours_fast": 154.0, "hours_total": 263.0, "pct_fast": 0.0, "mean_speed_kn": 16.89}, "geometry": {"type": "Polygon", "coordinates": [[[3.05, 40.75], [3.15, 40.75], [3.15, 40.85], [3.05, 40.85], [3.05, 40.75]]]}}, {"type": "Feature", "properties": {"habitat": "Cetacean Migration Corridor", "hours_fast": 96.0, "hours_total": 301.0, "pct_fast": 0.0, "mean_speed_kn": 14.89}, "geometry": {"type": "Polygon", "coordinates": [[[3.15, 40.75], [3.25, 40.75], [3.25, 40.85], [3.15, 40.85], [3.15, 40.75]]]}}, {"type": "Feature", "properties": {"habitat": "Cetacean Migration Corridor", "hours_fast": 140.0, "hours_total": 429.0, "pct_fast": 0.0, "mean_speed_kn": 14.95}, "geometry": {"type": "Polygon", "coordinates": [[[3.25, 40.75], [3.35, 40.75], [3.35, 40.85], [3.25, 40.85], [3.25, 40.75]]]}}, {"type": "Feature", "properties": {"habitat": "Cetacean Migration Corridor", "hours_fast": 102.0, "hours_total": 367.0, "pct_fast": 0.0, "mean_speed_kn": 14.58}, "geometry": {"type": "Polygon", "coordinates": [[[3.35, 40.75], [3.45, 40.75], [3.45, 40.85], [3.35, 40.85], [3.35, 40.75]]]}}, {"type": "Feature", "properties": {"habitat": "Cetacean Migration Corridor", "hours_fast": 79.0, "hours_total": 212.0, "pct_fast": 0.0, "mean_speed_kn": 15.29}, "geometry": {"type": "Polygon", "coordinates": [[[3.45, 40.75], [3.55, 40.75], [3.55, 40.85], [3.45, 40.85], [3.45, 40.75]]]}}, {"type": "Feature", "properties": {"habitat": "Cetacean Migration Corridor", "hours_fast": 47.0, "hours_total": 183.0, "pct_fast": 0.0, "mean_speed_kn": 14.43}, "geometry": {"type": "Polygon", "coordinates": [[[3.55, 40.75], [3.65, 40.75], [3.65, 40.85], [3.55, 40.85], [3.55, 40.75]]]}}, {"type": "Feature", "properties": {"habitat": "Cetacean Migration Corridor", "hours_fast": 45.0, "hours_total": 166.0, "pct_fast": 0.0, "mean_speed_kn": 14.53}, "geometry": {"type": "Polygon", "coordinates": [[[3.65, 40.75], [3.75, 40.75], [3.75, 40.85], [3.65, 40.85], [3.65, 40.75]]]}}, {"type": "Feature", "properties": {"habitat": "Cetacean Migration Corridor", "hours_fast": 19.0, "hours_total": 129.0, "pct_fast": 1.55, "mean_speed_kn": 13.72}, "geometry": {"type": "Polygon", "coordinates": [[[3.75, 40.75], [3.85, 40.75], [3.85, 40.85], [3.75, 40.85], [3.75, 40.75]]]}}, {"type": "Feature", "properties": {"habitat": "Cetacean Migration Corridor", "hours_fast": 14.0, "hours_total": 64.0, "pct_fast": 0.0, "mean_speed_kn": 14.14}, "geometry": {"type": "Polygon", "coordinates": [[[3.85, 40.75], [3.95, 40.75], [3.95, 40.85], [3.85, 40.85], [3.85, 40.75]]]}}, {"type": "Feature", "properties": {"habitat": "Cetacean Migration Corridor", "hours_fast": 62.0, "hours_total": 149.0, "pct_fast": 0.0, "mean_speed_kn": 15.62}, "geometry": {"type": "Polygon", "coordinates": [[[3.95, 40.75], [4.05, 40.75], [4.05, 40.85], [3.95, 40.85], [3.95, 40.75]]]}}, {"type": "Feature", "properties": {"habitat": "Cetacean Migration Corridor", "hours_fast": 31.0, "hours_total": 86.0, "pct_fast": 0.0, "mean_speed_kn": 15.2}, "geometry": {"type": "Polygon", "coordinates": [[[4.05, 40.75], [4.15, 40.75], [4.15, 40.85], [4.05, 40.85], [4.05, 40.75]]]}}, {"type": "Feature", "properties": {"habitat": "Cetacean Migration Corridor", "hours_fast": 14.0, "hours_total": 66.0, "pct_fast": 1.52, "mean_speed_kn": 14.2}, "geometry": {"type": "Polygon", "coordinates": [[[4.15, 40.75], [4.25, 40.75], [4.25, 40.85], [4.15, 40.85], [4.15, 40.75]]]}}, {"type": "Feature", "properties": {"habitat": "Cetacean Migration Corridor", "hours_fast": 291.0, "hours_total": 492.0, "pct_fast": 0.2, "mean_speed_kn": 16.95}, "geometry": {"type": "Polygon", "coordinates": [[[2.05, 40.85], [2.15, 40.85], [2.15, 40.95], [2.05, 40.95], [2.05, 40.85]]]}}, {"type": "Feature", "properties": {"habitat": "Cetacean Migration Corridor", "hours_fast": 500.0, "hours_total": 805.0, "pct_fast": 0.62, "mean_speed_kn": 17.2}, "geometry": {"type": "Polygon", "coordinates": [[[2.15, 40.85], [2.25, 40.85], [2.25, 40.95], [2.15, 40.95], [2.15, 40.85]]]}}, {"type": "Feature", "properties": {"habitat": "Cetacean Migration Corridor", "hours_fast": 71.0, "hours_total": 188.0, "pct_fast": 0.53, "mean_speed_kn": 15.37}, "geometry": {"type": "Polygon", "coordinates": [[[2.25, 40.85], [2.35, 40.85], [2.35, 40.95], [2.25, 40.95], [2.25, 40.85]]]}}, {"type": "Feature", "properties": {"habitat": "Cetacean Migration Corridor", "hours_fast": 82.0, "hours_total": 209.0, "pct_fast": 1.91, "mean_speed_kn": 15.59}, "geometry": {"type": "Polygon", "coordinates": [[[2.35, 40.85], [2.45, 40.85], [2.45, 40.95], [2.35, 40.95], [2.35, 40.85]]]}}, {"type": "Feature", "properties": {"habitat": "Cetacean Migration Corridor", "hours_fast": 363.0, "hours_total": 501.0, "pct_fast": 16.37, "mean_speed_kn": 19.16}, "geometry": {"type": "Polygon", "coordinates": [[[2.45, 40.85], [2.55, 40.85], [2.55, 40.95], [2.45, 40.95], [2.45, 40.85]]]}}, {"type": "Feature", "properties": {"habitat": "Cetacean Migration Corridor", "hours_fast": 107.0, "hours_total": 328.0, "pct_fast": 5.49, "mean_speed_kn": 15.36}, "geometry": {"type": "Polygon", "coordinates": [[[2.55, 40.85], [2.65, 40.85], [2.65, 40.95], [2.55, 40.95], [2.55, 40.85]]]}}, {"type": "Feature", "properties": {"habitat": "Cetacean Migration Corridor", "hours_fast": 155.0, "hours_total": 469.0, "pct_fast": 2.77, "mean_speed_kn": 15.19}, "geometry": {"type": "Polygon", "coordinates": [[[2.65, 40.85], [2.75, 40.85], [2.75, 40.95], [2.65, 40.95], [2.65, 40.85]]]}}, {"type": "Feature", "properties": {"habitat": "Cetacean Migration Corridor", "hours_fast": 94.0, "hours_total": 364.0, "pct_fast": 0.27, "mean_speed_kn": 14.46}, "geometry": {"type": "Polygon", "coordinates": [[[2.75, 40.85], [2.85, 40.85], [2.85, 40.95], [2.75, 40.95], [2.75, 40.85]]]}}, {"type": "Feature", "properties": {"habitat": "Cetacean Migration Corridor", "hours_fast": 202.0, "hours_total": 426.0, "pct_fast": 0.47, "mean_speed_kn": 16.09}, "geometry": {"type": "Polygon", "coordinates": [[[2.85, 40.85], [2.95, 40.85], [2.95, 40.95], [2.85, 40.95], [2.85, 40.85]]]}}, {"type": "Feature", "properties": {"habitat": "Cetacean Migration Corridor", "hours_fast": 151.0, "hours_total": 469.0, "pct_fast": 0.0, "mean_speed_kn": 14.91}, "geometry": {"type": "Polygon", "coordinates": [[[2.95, 40.85], [3.05, 40.85], [3.05, 40.95], [2.95, 40.95], [2.95, 40.85]]]}}, {"type": "Feature", "properties": {"habitat": "Cetacean Migration Corridor", "hours_fast": 136.0, "hours_total": 518.0, "pct_fast": 0.0, "mean_speed_kn": 14.47}, "geometry": {"type": "Polygon", "coordinates": [[[3.05, 40.85], [3.15, 40.85], [3.15, 40.95], [3.05, 40.95], [3.05, 40.85]]]}}, {"type": "Feature", "properties": {"habitat": "Cetacean Migration Corridor", "hours_fast": 99.0, "hours_total": 333.0, "pct_fast": 0.0, "mean_speed_kn": 14.73}, "geometry": {"type": "Polygon", "coordinates": [[[3.15, 40.85], [3.25, 40.85], [3.25, 40.95], [3.15, 40.95], [3.15, 40.85]]]}}, {"type": "Feature", "properties": {"habitat": "Cetacean Migration Corridor", "hours_fast": 36.0, "hours_total": 122.0, "pct_fast": 0.0, "mean_speed_kn": 14.71}, "geometry": {"type": "Polygon", "coordinates": [[[3.25, 40.85], [3.35, 40.85], [3.35, 40.95], [3.25, 40.95], [3.25, 40.85]]]}}, {"type": "Feature", "properties": {"habitat": "Cetacean Migration Corridor", "hours_fast": 33.0, "hours_total": 90.0, "pct_fast": 0.0, "mean_speed_kn": 15.25}, "geometry": {"type": "Polygon", "coordinates": [[[3.35, 40.85], [3.45, 40.85], [3.45, 40.95], [3.35, 40.95], [3.35, 40.85]]]}}, {"type": "Feature", "properties": {"habitat": "Cetacean Migration Corridor", "hours_fast": 24.0, "hours_total": 98.0, "pct_fast": 0.0, "mean_speed_kn": 14.34}, "geometry": {"type": "Polygon", "coordinates": [[[3.45, 40.85], [3.55, 40.85], [3.55, 40.95], [3.45, 40.95], [3.45, 40.85]]]}}, {"type": "Feature", "properties": {"habitat": "Cetacean Migration Corridor", "hours_fast": 42.0, "hours_total": 125.0, "pct_fast": 0.8, "mean_speed_kn": 15.08}, "geometry": {"type": "Polygon", "coordinates": [[[3.55, 40.85], [3.65, 40.85], [3.65, 40.95], [3.55, 40.95], [3.55, 40.85]]]}}, {"type": "Feature", "properties": {"habitat": "Cetacean Migration Corridor", "hours_fast": 66.0, "hours_total": 193.0, "pct_fast": 0.52, "mean_speed_kn": 15.1}, "geometry": {"type": "Polygon", "coordinates": [[[3.65, 40.85], [3.75, 40.85], [3.75, 40.95], [3.65, 40.95], [3.65, 40.85]]]}}, {"type": "Feature", "properties": {"habitat": "Cetacean Migration Corridor", "hours_fast": 35.0, "hours_total": 159.0, "pct_fast": 0.0, "mean_speed_kn": 14.15}, "geometry": {"type": "Polygon", "coordinates": [[[3.75, 40.85], [3.85, 40.85], [3.85, 40.95], [3.75, 40.95], [3.75, 40.85]]]}}, {"type": "Feature", "properties": {"habitat": "Cetacean Migration Corridor", "hours_fast": 23.0, "hours_total": 123.0, "pct_fast": 0.81, "mean_speed_kn": 13.96}, "geometry": {"type": "Polygon", "coordinates": [[[3.85, 40.85], [3.95, 40.85], [3.95, 40.95], [3.85, 40.95], [3.85, 40.85]]]}}, {"type": "Feature", "properties": {"habitat": "Cetacean Migration Corridor", "hours_fast": 28.0, "hours_total": 107.0, "pct_fast": 0.0, "mean_speed_kn": 14.46}, "geometry": {"type": "Polygon", "coordinates": [[[3.95, 40.85], [4.05, 40.85], [4.05, 40.95], [3.95, 40.95], [3.95, 40.85]]]}}, {"type": "Feature", "properties": {"habitat": "Cetacean Migration Corridor", "hours_fast": 61.0, "hours_total": 125.0, "pct_fast": 0.8, "mean_speed_kn": 16.22}, "geometry": {"type": "Polygon", "coordinates": [[[4.05, 40.85], [4.15, 40.85], [4.15, 40.95], [4.05, 40.95], [4.05, 40.85]]]}}, {"type": "Feature", "properties": {"habitat": "Cetacean Migration Corridor", "hours_fast": 21.0, "hours_total": 67.0, "pct_fast": 0.0, "mean_speed_kn": 14.85}, "geometry": {"type": "Polygon", "coordinates": [[[4.15, 40.85], [4.25, 40.85], [4.25, 40.95], [4.15, 40.95], [4.15, 40.85]]]}}, {"type": "Feature", "properties": {"habitat": "Cetacean Migration Corridor", "hours_fast": 17.0, "hours_total": 60.0, "pct_fast": 0.0, "mean_speed_kn": 14.62}, "geometry": {"type": "Polygon", "coordinates": [[[4.25, 40.85], [4.35, 40.85], [4.35, 40.95], [4.25, 40.95], [4.25, 40.85]]]}}, {"type": "Feature", "properties": {"habitat": "Pelagos Sanctuary", "hours_fast": 14.0, "hours_total": 52.0, "pct_fast": 5.77, "mean_speed_kn": 14.95}, "geometry": {"type": "Polygon", "coordinates": [[[8.25, 40.85], [8.35, 40.85], [8.35, 40.95], [8.25, 40.95], [8.25, 40.85]]]}}, {"type": "Feature", "properties": {"habitat": "Pelagos Sanctuary", "hours_fast": 209.0, "hours_total": 618.0, "pct_fast": 0.97, "mean_speed_kn": 15.11}, "geometry": {"type": "Polygon", "coordinates": [[[8.35, 40.85], [8.45, 40.85], [8.45, 40.95], [8.35, 40.95], [8.35, 40.85]]]}}, {"type": "Feature", "properties": {"habitat": "Pelagos Sanctuary", "hours_fast": 47.0, "hours_total": 78.0, "pct_fast": 0.0, "mean_speed_kn": 17.02}, "geometry": {"type": "Polygon", "coordinates": [[[8.45, 40.85], [8.55, 40.85], [8.55, 40.95], [8.45, 40.95], [8.45, 40.85]]]}}, {"type": "Feature", "properties": {"habitat": "Pelagos Sanctuary", "hours_fast": 15.0, "hours_total": 21.0, "pct_fast": 0.0, "mean_speed_kn": 17.86}, "geometry": {"type": "Polygon", "coordinates": [[[8.55, 40.85], [8.65, 40.85], [8.65, 40.95], [8.55, 40.95], [8.55, 40.85]]]}}, {"type": "Feature", "properties": {"habitat": "Cetacean Migration Corridor", "hours_fast": 295.0, "hours_total": 438.0, "pct_fast": 16.44, "mean_speed_kn": 18.78}, "geometry": {"type": "Polygon", "coordinates": [[[2.35, 40.95], [2.45, 40.95], [2.45, 41.05], [2.35, 41.05], [2.35, 40.95]]]}}, {"type": "Feature", "properties": {"habitat": "Cetacean Migration Corridor", "hours_fast": 132.0, "hours_total": 320.0, "pct_fast": 4.69, "mean_speed_kn": 15.95}, "geometry": {"type": "Polygon", "coordinates": [[[2.45, 40.95], [2.55, 40.95], [2.55, 41.05], [2.45, 41.05], [2.45, 40.95]]]}}, {"type": "Feature", "properties": {"habitat": "Cetacean Migration Corridor", "hours_fast": 130.0, "hours_total": 321.0, "pct_fast": 1.87, "mean_speed_kn": 15.68}, "geometry": {"type": "Polygon", "coordinates": [[[2.55, 40.95], [2.65, 40.95], [2.65, 41.05], [2.55, 41.05], [2.55, 40.95]]]}}, {"type": "Feature", "properties": {"habitat": "Cetacean Migration Corridor", "hours_fast": 183.0, "hours_total": 478.0, "pct_fast": 0.63, "mean_speed_kn": 15.42}, "geometry": {"type": "Polygon", "coordinates": [[[2.65, 40.95], [2.75, 40.95], [2.75, 41.05], [2.65, 41.05], [2.65, 40.95]]]}}, {"type": "Feature", "properties": {"habitat": "Cetacean Migration Corridor", "hours_fast": 275.0, "hours_total": 846.0, "pct_fast": 0.24, "mean_speed_kn": 14.96}, "geometry": {"type": "Polygon", "coordinates": [[[2.75, 40.95], [2.85, 40.95], [2.85, 41.05], [2.75, 41.05], [2.75, 40.95]]]}}, {"type": "Feature", "properties": {"habitat": "Cetacean Migration Corridor", "hours_fast": 155.0, "hours_total": 647.0, "pct_fast": 0.46, "mean_speed_kn": 14.33}, "geometry": {"type": "Polygon", "coordinates": [[[2.85, 40.95], [2.95, 40.95], [2.95, 41.05], [2.85, 41.05], [2.85, 40.95]]]}}, {"type": "Feature", "properties": {"habitat": "Cetacean Migration Corridor", "hours_fast": 69.0, "hours_total": 301.0, "pct_fast": 0.0, "mean_speed_kn": 14.22}, "geometry": {"type": "Polygon", "coordinates": [[[2.95, 40.95], [3.05, 40.95], [3.05, 41.05], [2.95, 41.05], [2.95, 40.95]]]}}, {"type": "Feature", "properties": {"habitat": "Cetacean Migration Corridor", "hours_fast": 30.0, "hours_total": 148.0, "pct_fast": 0.0, "mean_speed_kn": 14.02}, "geometry": {"type": "Polygon", "coordinates": [[[3.05, 40.95], [3.15, 40.95], [3.15, 41.05], [3.05, 41.05], [3.05, 40.95]]]}}, {"type": "Feature", "properties": {"habitat": "Cetacean Migration Corridor", "hours_fast": 28.0, "hours_total": 123.0, "pct_fast": 0.81, "mean_speed_kn": 14.27}, "geometry": {"type": "Polygon", "coordinates": [[[3.15, 40.95], [3.25, 40.95], [3.25, 41.05], [3.15, 41.05], [3.15, 40.95]]]}}, {"type": "Feature", "properties": {"habitat": "Cetacean Migration Corridor", "hours_fast": 35.0, "hours_total": 117.0, "pct_fast": 0.0, "mean_speed_kn": 14.74}, "geometry": {"type": "Polygon", "coordinates": [[[3.25, 40.95], [3.35, 40.95], [3.35, 41.05], [3.25, 41.05], [3.25, 40.95]]]}}, {"type": "Feature", "properties": {"habitat": "Cetacean Migration Corridor", "hours_fast": 40.0, "hours_total": 113.0, "pct_fast": 0.88, "mean_speed_kn": 15.22}, "geometry": {"type": "Polygon", "coordinates": [[[3.35, 40.95], [3.45, 40.95], [3.45, 41.05], [3.35, 41.05], [3.35, 40.95]]]}}, {"type": "Feature", "properties": {"habitat": "Cetacean Migration Corridor", "hours_fast": 29.0, "hours_total": 106.0, "pct_fast": 0.0, "mean_speed_kn": 14.55}, "geometry": {"type": "Polygon", "coordinates": [[[3.45, 40.95], [3.55, 40.95], [3.55, 41.05], [3.45, 41.05], [3.45, 40.95]]]}}, {"type": "Feature", "properties": {"habitat": "Cetacean Migration Corridor", "hours_fast": 24.0, "hours_total": 87.0, "pct_fast": 1.15, "mean_speed_kn": 14.66}, "geometry": {"type": "Polygon", "coordinates": [[[3.55, 40.95], [3.65, 40.95], [3.65, 41.05], [3.55, 41.05], [3.55, 40.95]]]}}, {"type": "Feature", "properties": {"habitat": "Cetacean Migration Corridor", "hours_fast": 29.0, "hours_total": 91.0, "pct_fast": 0.0, "mean_speed_kn": 14.89}, "geometry": {"type": "Polygon", "coordinates": [[[3.65, 40.95], [3.75, 40.95], [3.75, 41.05], [3.65, 41.05], [3.65, 40.95]]]}}, {"type": "Feature", "properties": {"habitat": "Cetacean Migration Corridor", "hours_fast": 44.0, "hours_total": 157.0, "pct_fast": 0.0, "mean_speed_kn": 14.6}, "geometry": {"type": "Polygon", "coordinates": [[[3.75, 40.95], [3.85, 40.95], [3.85, 41.05], [3.75, 41.05], [3.75, 40.95]]]}}, {"type": "Feature", "properties": {"habitat": "Cetacean Migration Corridor", "hours_fast": 54.0, "hours_total": 176.0, "pct_fast": 0.0, "mean_speed_kn": 14.8}, "geometry": {"type": "Polygon", "coordinates": [[[3.85, 40.95], [3.95, 40.95], [3.95, 41.05], [3.85, 41.05], [3.85, 40.95]]]}}, {"type": "Feature", "properties": {"habitat": "Cetacean Migration Corridor", "hours_fast": 42.0, "hours_total": 201.0, "pct_fast": 0.0, "mean_speed_kn": 14.07}, "geometry": {"type": "Polygon", "coordinates": [[[3.95, 40.95], [4.05, 40.95], [4.05, 41.05], [3.95, 41.05], [3.95, 40.95]]]}}, {"type": "Feature", "properties": {"habitat": "Cetacean Migration Corridor", "hours_fast": 67.0, "hours_total": 164.0, "pct_fast": 0.0, "mean_speed_kn": 15.56}, "geometry": {"type": "Polygon", "coordinates": [[[4.05, 40.95], [4.15, 40.95], [4.15, 41.05], [4.05, 41.05], [4.05, 40.95]]]}}, {"type": "Feature", "properties": {"habitat": "Cetacean Migration Corridor", "hours_fast": 40.0, "hours_total": 89.0, "pct_fast": 0.0, "mean_speed_kn": 15.87}, "geometry": {"type": "Polygon", "coordinates": [[[4.15, 40.95], [4.25, 40.95], [4.25, 41.05], [4.15, 41.05], [4.15, 40.95]]]}}, {"type": "Feature", "properties": {"habitat": "Cetacean Migration Corridor", "hours_fast": 14.0, "hours_total": 50.0, "pct_fast": 0.0, "mean_speed_kn": 14.6}, "geometry": {"type": "Polygon", "coordinates": [[[4.25, 40.95], [4.35, 40.95], [4.35, 41.05], [4.25, 41.05], [4.25, 40.95]]]}}, {"type": "Feature", "properties": {"habitat": "Cetacean Migration Corridor", "hours_fast": 20.0, "hours_total": 68.0, "pct_fast": 0.0, "mean_speed_kn": 14.71}, "geometry": {"type": "Polygon", "coordinates": [[[4.35, 40.95], [4.45, 40.95], [4.45, 41.05], [4.35, 41.05], [4.35, 40.95]]]}}, {"type": "Feature", "properties": {"habitat": "Pelagos Sanctuary", "hours_fast": 47.0, "hours_total": 138.0, "pct_fast": 2.9, "mean_speed_kn": 15.27}, "geometry": {"type": "Polygon", "coordinates": [[[8.15, 40.95], [8.25, 40.95], [8.25, 41.05], [8.15, 41.05], [8.15, 40.95]]]}}, {"type": "Feature", "properties": {"habitat": "Pelagos Sanctuary", "hours_fast": 26.0, "hours_total": 294.0, "pct_fast": 1.36, "mean_speed_kn": 13.27}, "geometry": {"type": "Polygon", "coordinates": [[[8.25, 40.95], [8.35, 40.95], [8.35, 41.05], [8.25, 41.05], [8.25, 40.95]]]}}, {"type": "Feature", "properties": {"habitat": "Pelagos Sanctuary", "hours_fast": 230.0, "hours_total": 418.0, "pct_fast": 1.67, "mean_speed_kn": 16.75}, "geometry": {"type": "Polygon", "coordinates": [[[8.35, 40.95], [8.45, 40.95], [8.45, 41.05], [8.35, 41.05], [8.35, 40.95]]]}}, {"type": "Feature", "properties": {"habitat": "Pelagos Sanctuary", "hours_fast": 62.0, "hours_total": 127.0, "pct_fast": 3.15, "mean_speed_kn": 16.4}, "geometry": {"type": "Polygon", "coordinates": [[[8.45, 40.95], [8.55, 40.95], [8.55, 41.05], [8.45, 41.05], [8.45, 40.95]]]}}, {"type": "Feature", "properties": {"habitat": "Pelagos Sanctuary", "hours_fast": 49.0, "hours_total": 80.0, "pct_fast": 5.0, "mean_speed_kn": 17.47}, "geometry": {"type": "Polygon", "coordinates": [[[8.55, 40.95], [8.65, 40.95], [8.65, 41.05], [8.55, 41.05], [8.55, 40.95]]]}}, {"type": "Feature", "properties": {"habitat": "Pelagos Sanctuary", "hours_fast": 14.0, "hours_total": 24.0, "pct_fast": 12.5, "mean_speed_kn": 17.81}, "geometry": {"type": "Polygon", "coordinates": [[[8.65, 40.95], [8.75, 40.95], [8.75, 41.05], [8.65, 41.05], [8.65, 40.95]]]}}, {"type": "Feature", "properties": {"habitat": "Pelagos Sanctuary", "hours_fast": 6.0, "hours_total": 19.0, "pct_fast": 5.26, "mean_speed_kn": 15.26}, "geometry": {"type": "Polygon", "coordinates": [[[8.75, 40.95], [8.85, 40.95], [8.85, 41.05], [8.75, 41.05], [8.75, 40.95]]]}}, {"type": "Feature", "properties": {"habitat": "Cetacean Migration Corridor", "hours_fast": 277.0, "hours_total": 670.0, "pct_fast": 0.15, "mean_speed_kn": 15.61}, "geometry": {"type": "Polygon", "coordinates": [[[2.55, 41.05], [2.65, 41.05], [2.65, 41.15], [2.55, 41.15], [2.55, 41.05]]]}}, {"type": "Feature", "properties": {"habitat": "Cetacean Migration Corridor", "hours_fast": 161.0, "hours_total": 531.0, "pct_fast": 0.0, "mean_speed_kn": 14.77}, "geometry": {"type": "Polygon", "coordinates": [[[2.65, 41.05], [2.75, 41.05], [2.75, 41.15], [2.65, 41.15], [2.65, 41.05]]]}}, {"type": "Feature", "properties": {"habitat": "Cetacean Migration Corridor", "hours_fast": 98.0, "hours_total": 337.0, "pct_fast": 1.48, "mean_speed_kn": 14.79}, "geometry": {"type": "Polygon", "coordinates": [[[2.75, 41.05], [2.85, 41.05], [2.85, 41.15], [2.75, 41.15], [2.75, 41.05]]]}}, {"type": "Feature", "properties": {"habitat": "Cetacean Migration Corridor", "hours_fast": 114.0, "hours_total": 424.0, "pct_fast": 0.24, "mean_speed_kn": 14.53}, "geometry": {"type": "Polygon", "coordinates": [[[2.85, 41.05], [2.95, 41.05], [2.95, 41.15], [2.85, 41.15], [2.85, 41.05]]]}}, {"type": "Feature", "properties": {"habitat": "Cetacean Migration Corridor", "hours_fast": 43.0, "hours_total": 299.0, "pct_fast": 0.33, "mean_speed_kn": 13.6}, "geometry": {"type": "Polygon", "coordinates": [[[2.95, 41.05], [3.05, 41.05], [3.05, 41.15], [2.95, 41.15], [2.95, 41.05]]]}}, {"type": "Feature", "properties": {"habitat": "Cetacean Migration Corridor", "hours_fast": 37.0, "hours_total": 192.0, "pct_fast": 0.0, "mean_speed_kn": 13.95}, "geometry": {"type": "Polygon", "coordinates": [[[3.05, 41.05], [3.15, 41.05], [3.15, 41.15], [3.05, 41.15], [3.05, 41.05]]]}}, {"type": "Feature", "properties": {"habitat": "Cetacean Migration Corridor", "hours_fast": 22.0, "hours_total": 123.0, "pct_fast": 0.0, "mean_speed_kn": 13.84}, "geometry": {"type": "Polygon", "coordinates": [[[3.15, 41.05], [3.25, 41.05], [3.25, 41.15], [3.15, 41.15], [3.15, 41.05]]]}}, {"type": "Feature", "properties": {"habitat": "Cetacean Migration Corridor", "hours_fast": 23.0, "hours_total": 124.0, "pct_fast": 0.0, "mean_speed_kn": 13.89}, "geometry": {"type": "Polygon", "coordinates": [[[3.25, 41.05], [3.35, 41.05], [3.35, 41.15], [3.25, 41.15], [3.25, 41.05]]]}}, {"type": "Feature", "properties": {"habitat": "Cetacean Migration Corridor", "hours_fast": 42.0, "hours_total": 96.0, "pct_fast": 1.04, "mean_speed_kn": 15.86}, "geometry": {"type": "Polygon", "coordinates": [[[3.35, 41.05], [3.45, 41.05], [3.45, 41.15], [3.35, 41.15], [3.35, 41.05]]]}}, {"type": "Feature", "properties": {"habitat": "Cetacean Migration Corridor", "hours_fast": 32.0, "hours_total": 98.0, "pct_fast": 0.0, "mean_speed_kn": 14.95}, "geometry": {"type": "Polygon", "coordinates": [[[3.45, 41.05], [3.55, 41.05], [3.55, 41.15], [3.45, 41.15], [3.45, 41.05]]]}}, {"type": "Feature", "properties": {"habitat": "Cetacean Migration Corridor", "hours_fast": 30.0, "hours_total": 108.0, "pct_fast": 0.93, "mean_speed_kn": 14.65}, "geometry": {"type": "Polygon", "coordinates": [[[3.55, 41.05], [3.65, 41.05], [3.65, 41.15], [3.55, 41.15], [3.55, 41.05]]]}}, {"type": "Feature", "properties": {"habitat": "Cetacean Migration Corridor", "hours_fast": 45.0, "hours_total": 109.0, "pct_fast": 0.92, "mean_speed_kn": 15.67}, "geometry": {"type": "Polygon", "coordinates": [[[3.65, 41.05], [3.75, 41.05], [3.75, 41.15], [3.65, 41.15], [3.65, 41.05]]]}}, {"type": "Feature", "properties": {"habitat": "Cetacean Migration Corridor", "hours_fast": 16.0, "hours_total": 85.0, "pct_fast": 0.0, "mean_speed_kn": 13.91}, "geometry": {"type": "Polygon", "coordinates": [[[3.75, 41.05], [3.85, 41.05], [3.85, 41.15], [3.75, 41.15], [3.75, 41.05]]]}}, {"type": "Feature", "properties": {"habitat": "Cetacean Migration Corridor", "hours_fast": 27.0, "hours_total": 109.0, "pct_fast": 0.0, "mean_speed_kn": 14.36}, "geometry": {"type": "Polygon", "coordinates": [[[3.85, 41.05], [3.95, 41.05], [3.95, 41.15], [3.85, 41.15], [3.85, 41.05]]]}}, {"type": "Feature", "properties": {"habitat": "Cetacean Migration Corridor", "hours_fast": 35.0, "hours_total": 140.0, "pct_fast": 0.71, "mean_speed_kn": 14.43}, "geometry": {"type": "Polygon", "coordinates": [[[3.95, 41.05], [4.05, 41.05], [4.05, 41.15], [3.95, 41.15], [3.95, 41.05]]]}}, {"type": "Feature", "properties": {"habitat": "Cetacean Migration Corridor", "hours_fast": 69.0, "hours_total": 203.0, "pct_fast": 0.49, "mean_speed_kn": 15.09}, "geometry": {"type": "Polygon", "coordinates": [[[4.05, 41.05], [4.15, 41.05], [4.15, 41.15], [4.05, 41.15], [4.05, 41.05]]]}}, {"type": "Feature", "properties": {"habitat": "Cetacean Migration Corridor", "hours_fast": 60.0, "hours_total": 190.0, "pct_fast": 0.0, "mean_speed_kn": 14.87}, "geometry": {"type": "Polygon", "coordinates": [[[4.15, 41.05], [4.25, 41.05], [4.25, 41.15], [4.15, 41.15], [4.15, 41.05]]]}}, {"type": "Feature", "properties": {"habitat": "Cetacean Migration Corridor", "hours_fast": 45.0, "hours_total": 120.0, "pct_fast": 0.83, "mean_speed_kn": 15.38}, "geometry": {"type": "Polygon", "coordinates": [[[4.25, 41.05], [4.35, 41.05], [4.35, 41.15], [4.25, 41.15], [4.25, 41.05]]]}}, {"type": "Feature", "properties": {"habitat": "Cetacean Migration Corridor", "hours_fast": 24.0, "hours_total": 64.0, "pct_fast": 0.0, "mean_speed_kn": 15.31}, "geometry": {"type": "Polygon", "coordinates": [[[4.35, 41.05], [4.45, 41.05], [4.45, 41.15], [4.35, 41.15], [4.35, 41.05]]]}}, {"type": "Feature", "properties": {"habitat": "Cetacean Migration Corridor", "hours_fast": 18.0, "hours_total": 52.0, "pct_fast": 0.0, "mean_speed_kn": 15.1}, "geometry": {"type": "Polygon", "coordinates": [[[4.45, 41.05], [4.55, 41.05], [4.55, 41.15], [4.45, 41.15], [4.45, 41.05]]]}}, {"type": "Feature", "properties": {"habitat": "Pelagos Sanctuary", "hours_fast": 26.0, "hours_total": 130.0, "pct_fast": 0.0, "mean_speed_kn": 14.0}, "geometry": {"type": "Polygon", "coordinates": [[[8.05, 41.05], [8.15, 41.05], [8.15, 41.15], [8.05, 41.15], [8.05, 41.05]]]}}, {"type": "Feature", "properties": {"habitat": "Pelagos Sanctuary", "hours_fast": 20.0, "hours_total": 106.0, "pct_fast": 0.94, "mean_speed_kn": 13.99}, "geometry": {"type": "Polygon", "coordinates": [[[8.15, 41.05], [8.25, 41.05], [8.25, 41.15], [8.15, 41.15], [8.15, 41.05]]]}}, {"type": "Feature", "properties": {"habitat": "Pelagos Sanctuary", "hours_fast": 250.0, "hours_total": 356.0, "pct_fast": 2.53, "mean_speed_kn": 17.96}, "geometry": {"type": "Polygon", "coordinates": [[[8.35, 41.05], [8.45, 41.05], [8.45, 41.15], [8.35, 41.15], [8.35, 41.05]]]}}, {"type": "Feature", "properties": {"habitat": "Pelagos Sanctuary", "hours_fast": 129.0, "hours_total": 169.0, "pct_fast": 2.37, "mean_speed_kn": 18.4}, "geometry": {"type": "Polygon", "coordinates": [[[8.45, 41.05], [8.55, 41.05], [8.55, 41.15], [8.45, 41.15], [8.45, 41.05]]]}}, {"type": "Feature", "properties": {"habitat": "Pelagos Sanctuary", "hours_fast": 23.0, "hours_total": 46.0, "pct_fast": 6.52, "mean_speed_kn": 16.74}, "geometry": {"type": "Polygon", "coordinates": [[[8.55, 41.05], [8.65, 41.05], [8.65, 41.15], [8.55, 41.15], [8.55, 41.05]]]}}, {"type": "Feature", "properties": {"habitat": "Pelagos Sanctuary", "hours_fast": 58.0, "hours_total": 106.0, "pct_fast": 2.83, "mean_speed_kn": 16.82}, "geometry": {"type": "Polygon", "coordinates": [[[8.65, 41.05], [8.75, 41.05], [8.75, 41.15], [8.65, 41.15], [8.65, 41.05]]]}}, {"type": "Feature", "properties": {"habitat": "Pelagos Sanctuary", "hours_fast": 73.0, "hours_total": 92.0, "pct_fast": 11.96, "mean_speed_kn": 19.35}, "geometry": {"type": "Polygon", "coordinates": [[[8.75, 41.05], [8.85, 41.05], [8.85, 41.15], [8.75, 41.15], [8.75, 41.05]]]}}, {"type": "Feature", "properties": {"habitat": "Pelagos Sanctuary", "hours_fast": 12.0, "hours_total": 27.0, "pct_fast": 7.41, "mean_speed_kn": 16.39}, "geometry": {"type": "Polygon", "coordinates": [[[8.85, 41.05], [8.95, 41.05], [8.95, 41.15], [8.85, 41.15], [8.85, 41.05]]]}}, {"type": "Feature", "properties": {"habitat": "Cetacean Migration Corridor", "hours_fast": 58.0, "hours_total": 208.0, "pct_fast": 0.0, "mean_speed_kn": 14.59}, "geometry": {"type": "Polygon", "coordinates": [[[2.75, 41.15], [2.85, 41.15], [2.85, 41.25], [2.75, 41.25], [2.75, 41.15]]]}}, {"type": "Feature", "properties": {"habitat": "Cetacean Migration Corridor", "hours_fast": 57.0, "hours_total": 243.0, "pct_fast": 1.23, "mean_speed_kn": 14.35}, "geometry": {"type": "Polygon", "coordinates": [[[2.85, 41.15], [2.95, 41.15], [2.95, 41.25], [2.85, 41.25], [2.85, 41.15]]]}}, {"type": "Feature", "properties": {"habitat": "Cetacean Migration Corridor", "hours_fast": 111.0, "hours_total": 457.0, "pct_fast": 0.44, "mean_speed_kn": 14.35}, "geometry": {"type": "Polygon", "coordinates": [[[2.95, 41.15], [3.05, 41.15], [3.05, 41.25], [2.95, 41.25], [2.95, 41.15]]]}}, {"type": "Feature", "properties": {"habitat": "Cetacean Migration Corridor", "hours_fast": 60.0, "hours_total": 322.0, "pct_fast": 0.62, "mean_speed_kn": 13.94}, "geometry": {"type": "Polygon", "coordinates": [[[3.05, 41.15], [3.15, 41.15], [3.15, 41.25], [3.05, 41.25], [3.05, 41.15]]]}}, {"type": "Feature", "properties": {"habitat": "Cetacean Migration Corridor", "hours_fast": 27.0, "hours_total": 163.0, "pct_fast": 0.61, "mean_speed_kn": 13.79}, "geometry": {"type": "Polygon", "coordinates": [[[3.15, 41.15], [3.25, 41.15], [3.25, 41.25], [3.15, 41.25], [3.15, 41.15]]]}}, {"type": "Feature", "properties": {"habitat": "Cetacean Migration Corridor", "hours_fast": 28.0, "hours_total": 131.0, "pct_fast": 2.29, "mean_speed_kn": 14.27}, "geometry": {"type": "Polygon", "coordinates": [[[3.25, 41.15], [3.35, 41.15], [3.35, 41.25], [3.25, 41.25], [3.25, 41.15]]]}}, {"type": "Feature", "properties": {"habitat": "Cetacean Migration Corridor", "hours_fast": 44.0, "hours_total": 139.0, "pct_fast": 2.16, "mean_speed_kn": 15.04}, "geometry": {"type": "Polygon", "coordinates": [[[3.35, 41.15], [3.45, 41.15], [3.45, 41.25], [3.35, 41.25], [3.35, 41.15]]]}}, {"type": "Feature", "properties": {"habitat": "Cetacean Migration Corridor", "hours_fast": 38.0, "hours_total": 106.0, "pct_fast": 1.89, "mean_speed_kn": 15.33}, "geometry": {"type": "Polygon", "coordinates": [[[3.45, 41.15], [3.55, 41.15], [3.55, 41.25], [3.45, 41.25], [3.45, 41.15]]]}}, {"type": "Feature", "properties": {"habitat": "Cetacean Migration Corridor", "hours_fast": 28.0, "hours_total": 84.0, "pct_fast": 0.0, "mean_speed_kn": 15.0}, "geometry": {"type": "Polygon", "coordinates": [[[3.55, 41.15], [3.65, 41.15], [3.65, 41.25], [3.55, 41.25], [3.55, 41.15]]]}}, {"type": "Feature", "properties": {"habitat": "Cetacean Migration Corridor", "hours_fast": 35.0, "hours_total": 106.0, "pct_fast": 6.6, "mean_speed_kn": 15.47}, "geometry": {"type": "Polygon", "coordinates": [[[3.65, 41.15], [3.75, 41.15], [3.75, 41.25], [3.65, 41.25], [3.65, 41.15]]]}}, {"type": "Feature", "properties": {"habitat": "Cetacean Migration Corridor", "hours_fast": 22.0, "hours_total": 86.0, "pct_fast": 2.33, "mean_speed_kn": 14.59}, "geometry": {"type": "Polygon", "coordinates": [[[3.75, 41.15], [3.85, 41.15], [3.85, 41.25], [3.75, 41.25], [3.75, 41.15]]]}}, {"type": "Feature", "properties": {"habitat": "Cetacean Migration Corridor", "hours_fast": 22.0, "hours_total": 84.0, "pct_fast": 3.57, "mean_speed_kn": 14.73}, "geometry": {"type": "Polygon", "coordinates": [[[3.85, 41.15], [3.95, 41.15], [3.95, 41.25], [3.85, 41.25], [3.85, 41.15]]]}}, {"type": "Feature", "properties": {"habitat": "Cetacean Migration Corridor", "hours_fast": 24.0, "hours_total": 87.0, "pct_fast": 9.2, "mean_speed_kn": 15.26}, "geometry": {"type": "Polygon", "coordinates": [[[3.95, 41.15], [4.05, 41.15], [4.05, 41.25], [3.95, 41.25], [3.95, 41.15]]]}}, {"type": "Feature", "properties": {"habitat": "Cetacean Migration Corridor", "hours_fast": 43.0, "hours_total": 123.0, "pct_fast": 2.44, "mean_speed_kn": 15.3}, "geometry": {"type": "Polygon", "coordinates": [[[4.05, 41.15], [4.15, 41.15], [4.15, 41.25], [4.05, 41.25], [4.05, 41.15]]]}}, {"type": "Feature", "properties": {"habitat": "Cetacean Migration Corridor", "hours_fast": 98.0, "hours_total": 247.0, "pct_fast": 2.43, "mean_speed_kn": 15.66}, "geometry": {"type": "Polygon", "coordinates": [[[4.15, 41.15], [4.25, 41.15], [4.25, 41.25], [4.15, 41.25], [4.15, 41.15]]]}}, {"type": "Feature", "properties": {"habitat": "Cetacean Migration Corridor", "hours_fast": 55.0, "hours_total": 181.0, "pct_fast": 1.66, "mean_speed_kn": 14.9}, "geometry": {"type": "Polygon", "coordinates": [[[4.25, 41.15], [4.35, 41.15], [4.35, 41.25], [4.25, 41.25], [4.25, 41.15]]]}}, {"type": "Feature", "properties": {"habitat": "Cetacean Migration Corridor", "hours_fast": 58.0, "hours_total": 158.0, "pct_fast": 3.8, "mean_speed_kn": 15.54}, "geometry": {"type": "Polygon", "coordinates": [[[4.35, 41.15], [4.45, 41.15], [4.45, 41.25], [4.35, 41.25], [4.35, 41.15]]]}}, {"type": "Feature", "properties": {"habitat": "Pelagos Sanctuary", "hours_fast": 48.0, "hours_total": 119.0, "pct_fast": 6.72, "mean_speed_kn": 16.03}, "geometry": {"type": "Polygon", "coordinates": [[[7.95, 41.15], [8.05, 41.15], [8.05, 41.25], [7.95, 41.25], [7.95, 41.15]]]}}, {"type": "Feature", "properties": {"habitat": "Pelagos Sanctuary", "hours_fast": 56.0, "hours_total": 136.0, "pct_fast": 8.82, "mean_speed_kn": 16.25}, "geometry": {"type": "Polygon", "coordinates": [[[8.05, 41.15], [8.15, 41.15], [8.15, 41.25], [8.05, 41.25], [8.05, 41.15]]]}}, {"type": "Feature", "properties": {"habitat": "Pelagos Sanctuary", "hours_fast": 54.0, "hours_total": 170.0, "pct_fast": 8.24, "mean_speed_kn": 15.5}, "geometry": {"type": "Polygon", "coordinates": [[[8.15, 41.15], [8.25, 41.15], [8.25, 41.25], [8.15, 41.25], [8.15, 41.15]]]}}, {"type": "Feature", "properties": {"habitat": "Pelagos Sanctuary", "hours_fast": 79.0, "hours_total": 234.0, "pct_fast": 4.27, "mean_speed_kn": 15.35}, "geometry": {"type": "Polygon", "coordinates": [[[8.25, 41.15], [8.35, 41.15], [8.35, 41.25], [8.25, 41.25], [8.25, 41.15]]]}}, {"type": "Feature", "properties": {"habitat": "Pelagos Sanctuary", "hours_fast": 248.0, "hours_total": 393.0, "pct_fast": 2.8, "mean_speed_kn": 17.44}, "geometry": {"type": "Polygon", "coordinates": [[[8.35, 41.15], [8.45, 41.15], [8.45, 41.25], [8.35, 41.25], [8.35, 41.15]]]}}, {"type": "Feature", "properties": {"habitat": "Pelagos Sanctuary", "hours_fast": 161.0, "hours_total": 288.0, "pct_fast": 0.69, "mean_speed_kn": 16.74}, "geometry": {"type": "Polygon", "coordinates": [[[8.45, 41.15], [8.55, 41.15], [8.55, 41.25], [8.45, 41.25], [8.45, 41.15]]]}}, {"type": "Feature", "properties": {"habitat": "Pelagos Sanctuary", "hours_fast": 47.0, "hours_total": 148.0, "pct_fast": 0.68, "mean_speed_kn": 14.93}, "geometry": {"type": "Polygon", "coordinates": [[[8.55, 41.15], [8.65, 41.15], [8.65, 41.25], [8.55, 41.25], [8.55, 41.15]]]}}, {"type": "Feature", "properties": {"habitat": "Pelagos Sanctuary", "hours_fast": 26.0, "hours_total": 98.0, "pct_fast": 3.06, "mean_speed_kn": 14.72}, "geometry": {"type": "Polygon", "coordinates": [[[8.65, 41.15], [8.75, 41.15], [8.75, 41.25], [8.65, 41.25], [8.65, 41.15]]]}}, {"type": "Feature", "properties": {"habitat": "Pelagos Sanctuary", "hours_fast": 35.0, "hours_total": 105.0, "pct_fast": 3.81, "mean_speed_kn": 15.29}, "geometry": {"type": "Polygon", "coordinates": [[[8.75, 41.15], [8.85, 41.15], [8.85, 41.25], [8.75, 41.25], [8.75, 41.15]]]}}, {"type": "Feature", "properties": {"habitat": "Pelagos Sanctuary", "hours_fast": 87.0, "hours_total": 177.0, "pct_fast": 9.6, "mean_speed_kn": 16.91}, "geometry": {"type": "Polygon", "coordinates": [[[8.85, 41.15], [8.95, 41.15], [8.95, 41.25], [8.85, 41.25], [8.85, 41.15]]]}}, {"type": "Feature", "properties": {"habitat": "Pelagos Sanctuary", "hours_fast": 70.0, "hours_total": 134.0, "pct_fast": 10.45, "mean_speed_kn": 17.2}, "geometry": {"type": "Polygon", "coordinates": [[[8.95, 41.15], [9.05, 41.15], [9.05, 41.25], [8.95, 41.25], [8.95, 41.15]]]}}, {"type": "Feature", "properties": {"habitat": "Pelagos Sanctuary", "hours_fast": 27.0, "hours_total": 73.0, "pct_fast": 8.22, "mean_speed_kn": 15.89}, "geometry": {"type": "Polygon", "coordinates": [[[9.05, 41.15], [9.15, 41.15], [9.15, 41.25], [9.05, 41.25], [9.05, 41.15]]]}}, {"type": "Feature", "properties": {"habitat": "Pelagos Sanctuary", "hours_fast": 217.0, "hours_total": 843.0, "pct_fast": 4.03, "mean_speed_kn": 14.73}, "geometry": {"type": "Polygon", "coordinates": [[[9.25, 41.15], [9.35, 41.15], [9.35, 41.25], [9.25, 41.25], [9.25, 41.15]]]}}, {"type": "Feature", "properties": {"habitat": "Pelagos Sanctuary", "hours_fast": 599.0, "hours_total": 2380.0, "pct_fast": 3.49, "mean_speed_kn": 14.65}, "geometry": {"type": "Polygon", "coordinates": [[[9.35, 41.15], [9.45, 41.15], [9.45, 41.25], [9.35, 41.25], [9.35, 41.15]]]}}, {"type": "Feature", "properties": {"habitat": "Pelagos Sanctuary", "hours_fast": 861.0, "hours_total": 2694.0, "pct_fast": 5.05, "mean_speed_kn": 15.28}, "geometry": {"type": "Polygon", "coordinates": [[[9.45, 41.15], [9.55, 41.15], [9.55, 41.25], [9.45, 41.25], [9.45, 41.15]]]}}, {"type": "Feature", "properties": {"habitat": "Cetacean Migration Corridor", "hours_fast": 202.0, "hours_total": 533.0, "pct_fast": 3.94, "mean_speed_kn": 15.64}, "geometry": {"type": "Polygon", "coordinates": [[[3.05, 41.25], [3.15, 41.25], [3.15, 41.35], [3.05, 41.35], [3.05, 41.25]]]}}, {"type": "Feature", "properties": {"habitat": "Cetacean Migration Corridor", "hours_fast": 149.0, "hours_total": 452.0, "pct_fast": 2.88, "mean_speed_kn": 15.19}, "geometry": {"type": "Polygon", "coordinates": [[[3.15, 41.25], [3.25, 41.25], [3.25, 41.35], [3.15, 41.35], [3.15, 41.25]]]}}, {"type": "Feature", "properties": {"habitat": "Cetacean Migration Corridor", "hours_fast": 137.0, "hours_total": 322.0, "pct_fast": 6.21, "mean_speed_kn": 16.16}, "geometry": {"type": "Polygon", "coordinates": [[[3.25, 41.25], [3.35, 41.25], [3.35, 41.35], [3.25, 41.35], [3.25, 41.25]]]}}, {"type": "Feature", "properties": {"habitat": "Cetacean Migration Corridor", "hours_fast": 112.0, "hours_total": 241.0, "pct_fast": 4.56, "mean_speed_kn": 16.33}, "geometry": {"type": "Polygon", "coordinates": [[[3.35, 41.25], [3.45, 41.25], [3.45, 41.35], [3.35, 41.35], [3.35, 41.25]]]}}, {"type": "Feature", "properties": {"habitat": "Cetacean Migration Corridor", "hours_fast": 151.0, "hours_total": 267.0, "pct_fast": 6.74, "mean_speed_kn": 17.25}, "geometry": {"type": "Polygon", "coordinates": [[[3.45, 41.25], [3.55, 41.25], [3.55, 41.35], [3.45, 41.35], [3.45, 41.25]]]}}, {"type": "Feature", "properties": {"habitat": "Cetacean Migration Corridor", "hours_fast": 103.0, "hours_total": 182.0, "pct_fast": 8.24, "mean_speed_kn": 17.36}, "geometry": {"type": "Polygon", "coordinates": [[[3.55, 41.25], [3.65, 41.25], [3.65, 41.35], [3.55, 41.35], [3.55, 41.25]]]}}, {"type": "Feature", "properties": {"habitat": "Cetacean Migration Corridor", "hours_fast": 116.0, "hours_total": 178.0, "pct_fast": 8.43, "mean_speed_kn": 18.02}, "geometry": {"type": "Polygon", "coordinates": [[[3.65, 41.25], [3.75, 41.25], [3.75, 41.35], [3.65, 41.35], [3.65, 41.25]]]}}, {"type": "Feature", "properties": {"habitat": "Cetacean Migration Corridor", "hours_fast": 87.0, "hours_total": 150.0, "pct_fast": 5.33, "mean_speed_kn": 17.25}, "geometry": {"type": "Polygon", "coordinates": [[[3.75, 41.25], [3.85, 41.25], [3.85, 41.35], [3.75, 41.35], [3.75, 41.25]]]}}, {"type": "Feature", "properties": {"habitat": "Cetacean Migration Corridor", "hours_fast": 77.0, "hours_total": 177.0, "pct_fast": 2.26, "mean_speed_kn": 15.93}, "geometry": {"type": "Polygon", "coordinates": [[[3.85, 41.25], [3.95, 41.25], [3.95, 41.35], [3.85, 41.35], [3.85, 41.25]]]}}, {"type": "Feature", "properties": {"habitat": "Cetacean Migration Corridor", "hours_fast": 97.0, "hours_total": 176.0, "pct_fast": 9.09, "mean_speed_kn": 17.32}, "geometry": {"type": "Polygon", "coordinates": [[[3.95, 41.25], [4.05, 41.25], [4.05, 41.35], [3.95, 41.35], [3.95, 41.25]]]}}, {"type": "Feature", "properties": {"habitat": "Cetacean Migration Corridor", "hours_fast": 90.0, "hours_total": 164.0, "pct_fast": 9.76, "mean_speed_kn": 17.35}, "geometry": {"type": "Polygon", "coordinates": [[[4.05, 41.25], [4.15, 41.25], [4.15, 41.35], [4.05, 41.35], [4.05, 41.25]]]}}, {"type": "Feature", "properties": {"habitat": "Cetacean Migration Corridor", "hours_fast": 106.0, "hours_total": 225.0, "pct_fast": 4.0, "mean_speed_kn": 16.33}, "geometry": {"type": "Polygon", "coordinates": [[[4.15, 41.25], [4.25, 41.25], [4.25, 41.35], [4.15, 41.35], [4.15, 41.25]]]}}, {"type": "Feature", "properties": {"habitat": "Cetacean Migration Corridor", "hours_fast": 153.0, "hours_total": 315.0, "pct_fast": 1.27, "mean_speed_kn": 16.24}, "geometry": {"type": "Polygon", "coordinates": [[[4.25, 41.25], [4.35, 41.25], [4.35, 41.35], [4.25, 41.35], [4.25, 41.25]]]}}, {"type": "Feature", "properties": {"habitat": "Cetacean Migration Corridor", "hours_fast": 105.0, "hours_total": 282.0, "pct_fast": 4.26, "mean_speed_kn": 15.61}, "geometry": {"type": "Polygon", "coordinates": [[[4.35, 41.25], [4.45, 41.25], [4.45, 41.35], [4.35, 41.35], [4.35, 41.25]]]}}, {"type": "Feature", "properties": {"habitat": "Pelagos Sanctuary", "hours_fast": 60.0, "hours_total": 100.0, "pct_fast": 2.0, "mean_speed_kn": 17.15}, "geometry": {"type": "Polygon", "coordinates": [[[7.85, 41.25], [7.95, 41.25], [7.95, 41.35], [7.85, 41.35], [7.85, 41.25]]]}}, {"type": "Feature", "properties": {"habitat": "Pelagos Sanctuary", "hours_fast": 80.0, "hours_total": 128.0, "pct_fast": 1.56, "mean_speed_kn": 17.3}, "geometry": {"type": "Polygon", "coordinates": [[[7.95, 41.25], [8.05, 41.25], [8.05, 41.35], [7.95, 41.35], [7.95, 41.25]]]}}, {"type": "Feature", "properties": {"habitat": "Pelagos Sanctuary", "hours_fast": 93.0, "hours_total": 150.0, "pct_fast": 2.0, "mean_speed_kn": 17.3}, "geometry": {"type": "Polygon", "coordinates": [[[8.05, 41.25], [8.15, 41.25], [8.15, 41.35], [8.05, 41.35], [8.05, 41.25]]]}}, {"type": "Feature", "properties": {"habitat": "Pelagos Sanctuary", "hours_fast": 99.0, "hours_total": 164.0, "pct_fast": 0.61, "mean_speed_kn": 17.07}, "geometry": {"type": "Polygon", "coordinates": [[[8.15, 41.25], [8.25, 41.25], [8.25, 41.35], [8.15, 41.35], [8.15, 41.25]]]}}, {"type": "Feature", "properties": {"habitat": "Pelagos Sanctuary", "hours_fast": 88.0, "hours_total": 137.0, "pct_fast": 0.73, "mean_speed_kn": 17.37}, "geometry": {"type": "Polygon", "coordinates": [[[8.25, 41.25], [8.35, 41.25], [8.35, 41.35], [8.25, 41.35], [8.25, 41.25]]]}}, {"type": "Feature", "properties": {"habitat": "Pelagos Sanctuary", "hours_fast": 319.0, "hours_total": 382.0, "pct_fast": 0.79, "mean_speed_kn": 18.82}, "geometry": {"type": "Polygon", "coordinates": [[[8.35, 41.25], [8.45, 41.25], [8.45, 41.35], [8.35, 41.35], [8.35, 41.25]]]}}, {"type": "Feature", "properties": {"habitat": "Pelagos Sanctuary", "hours_fast": 206.0, "hours_total": 289.0, "pct_fast": 1.38, "mean_speed_kn": 17.95}, "geometry": {"type": "Polygon", "coordinates": [[[8.45, 41.25], [8.55, 41.25], [8.55, 41.35], [8.45, 41.35], [8.45, 41.25]]]}}, {"type": "Feature", "properties": {"habitat": "Pelagos Sanctuary", "hours_fast": 83.0, "hours_total": 157.0, "pct_fast": 1.27, "mean_speed_kn": 16.56}, "geometry": {"type": "Polygon", "coordinates": [[[8.55, 41.25], [8.65, 41.25], [8.65, 41.35], [8.55, 41.35], [8.55, 41.25]]]}}, {"type": "Feature", "properties": {"habitat": "Pelagos Sanctuary", "hours_fast": 101.0, "hours_total": 205.0, "pct_fast": 0.49, "mean_speed_kn": 16.23}, "geometry": {"type": "Polygon", "coordinates": [[[8.65, 41.25], [8.75, 41.25], [8.75, 41.35], [8.65, 41.35], [8.65, 41.25]]]}}, {"type": "Feature", "properties": {"habitat": "Pelagos Sanctuary", "hours_fast": 143.0, "hours_total": 306.0, "pct_fast": 1.31, "mean_speed_kn": 16.1}, "geometry": {"type": "Polygon", "coordinates": [[[8.75, 41.25], [8.85, 41.25], [8.85, 41.35], [8.75, 41.35], [8.75, 41.25]]]}}, {"type": "Feature", "properties": {"habitat": "Pelagos Sanctuary", "hours_fast": 200.0, "hours_total": 456.0, "pct_fast": 0.66, "mean_speed_kn": 15.84}, "geometry": {"type": "Polygon", "coordinates": [[[8.85, 41.25], [8.95, 41.25], [8.95, 41.35], [8.85, 41.35], [8.85, 41.25]]]}}, {"type": "Feature", "properties": {"habitat": "Pelagos Sanctuary", "hours_fast": 305.0, "hours_total": 670.0, "pct_fast": 0.9, "mean_speed_kn": 15.98}, "geometry": {"type": "Polygon", "coordinates": [[[8.95, 41.25], [9.05, 41.25], [9.05, 41.35], [8.95, 41.35], [8.95, 41.25]]]}}, {"type": "Feature", "properties": {"habitat": "Pelagos Sanctuary", "hours_fast": 436.0, "hours_total": 1045.0, "pct_fast": 1.91, "mean_speed_kn": 15.77}, "geometry": {"type": "Polygon", "coordinates": [[[9.05, 41.25], [9.15, 41.25], [9.15, 41.35], [9.05, 41.35], [9.05, 41.25]]]}}, {"type": "Feature", "properties": {"habitat": "Pelagos Sanctuary", "hours_fast": 629.0, "hours_total": 1909.0, "pct_fast": 2.57, "mean_speed_kn": 15.16}, "geometry": {"type": "Polygon", "coordinates": [[[9.15, 41.25], [9.25, 41.25], [9.25, 41.35], [9.15, 41.35], [9.15, 41.25]]]}}, {"type": "Feature", "properties": {"habitat": "Pelagos Sanctuary", "hours_fast": 871.0, "hours_total": 2256.0, "pct_fast": 2.3, "mean_speed_kn": 15.57}, "geometry": {"type": "Polygon", "coordinates": [[[9.25, 41.25], [9.35, 41.25], [9.35, 41.35], [9.25, 41.35], [9.25, 41.25]]]}}, {"type": "Feature", "properties": {"habitat": "Pelagos Sanctuary", "hours_fast": 452.0, "hours_total": 1407.0, "pct_fast": 3.27, "mean_speed_kn": 15.15}, "geometry": {"type": "Polygon", "coordinates": [[[9.35, 41.25], [9.45, 41.25], [9.45, 41.35], [9.35, 41.35], [9.35, 41.25]]]}}, {"type": "Feature", "properties": {"habitat": "Pelagos Sanctuary", "hours_fast": 227.0, "hours_total": 717.0, "pct_fast": 3.07, "mean_speed_kn": 15.1}, "geometry": {"type": "Polygon", "coordinates": [[[9.45, 41.25], [9.55, 41.25], [9.55, 41.35], [9.45, 41.35], [9.45, 41.25]]]}}, {"type": "Feature", "properties": {"habitat": "Pelagos Sanctuary", "hours_fast": 196.0, "hours_total": 526.0, "pct_fast": 1.71, "mean_speed_kn": 15.42}, "geometry": {"type": "Polygon", "coordinates": [[[9.55, 41.25], [9.65, 41.25], [9.65, 41.35], [9.55, 41.35], [9.55, 41.25]]]}}, {"type": "Feature", "properties": {"habitat": "Pelagos Sanctuary", "hours_fast": 1019.0, "hours_total": 1266.0, "pct_fast": 2.13, "mean_speed_kn": 18.7}, "geometry": {"type": "Polygon", "coordinates": [[[9.65, 41.25], [9.75, 41.25], [9.75, 41.35], [9.65, 41.35], [9.65, 41.25]]]}}, {"type": "Feature", "properties": {"habitat": "Cetacean Migration Corridor", "hours_fast": 60.0, "hours_total": 339.0, "pct_fast": 0.29, "mean_speed_kn": 13.85}, "geometry": {"type": "Polygon", "coordinates": [[[3.25, 41.35], [3.35, 41.35], [3.35, 41.45], [3.25, 41.45], [3.25, 41.35]]]}}, {"type": "Feature", "properties": {"habitat": "Cetacean Migration Corridor", "hours_fast": 56.0, "hours_total": 263.0, "pct_fast": 0.0, "mean_speed_kn": 14.1}, "geometry": {"type": "Polygon", "coordinates": [[[3.35, 41.35], [3.45, 41.35], [3.45, 41.45], [3.35, 41.45], [3.35, 41.35]]]}}, {"type": "Feature", "properties": {"habitat": "Cetacean Migration Corridor", "hours_fast": 36.0, "hours_total": 194.0, "pct_fast": 0.52, "mean_speed_kn": 13.93}, "geometry": {"type": "Polygon", "coordinates": [[[3.45, 41.35], [3.55, 41.35], [3.55, 41.45], [3.45, 41.45], [3.45, 41.35]]]}}, {"type": "Feature", "properties": {"habitat": "Cetacean Migration Corridor", "hours_fast": 30.0, "hours_total": 134.0, "pct_fast": 0.0, "mean_speed_kn": 14.18}, "geometry": {"type": "Polygon", "coordinates": [[[3.55, 41.35], [3.65, 41.35], [3.65, 41.45], [3.55, 41.45], [3.55, 41.35]]]}}, {"type": "Feature", "properties": {"habitat": "Cetacean Migration Corridor", "hours_fast": 43.0, "hours_total": 108.0, "pct_fast": 0.0, "mean_speed_kn": 15.49}, "geometry": {"type": "Polygon", "coordinates": [[[3.65, 41.35], [3.75, 41.35], [3.75, 41.45], [3.65, 41.45], [3.65, 41.35]]]}}, {"type": "Feature", "properties": {"habitat": "Cetacean Migration Corridor", "hours_fast": 18.0, "hours_total": 56.0, "pct_fast": 0.0, "mean_speed_kn": 14.91}, "geometry": {"type": "Polygon", "coordinates": [[[3.75, 41.35], [3.85, 41.35], [3.85, 41.45], [3.75, 41.45], [3.75, 41.35]]]}}, {"type": "Feature", "properties": {"habitat": "Cetacean Migration Corridor", "hours_fast": 15.0, "hours_total": 65.0, "pct_fast": 0.0, "mean_speed_kn": 14.23}, "geometry": {"type": "Polygon", "coordinates": [[[3.85, 41.35], [3.95, 41.35], [3.95, 41.45], [3.85, 41.45], [3.85, 41.35]]]}}, {"type": "Feature", "properties": {"habitat": "Cetacean Migration Corridor", "hours_fast": 19.0, "hours_total": 91.0, "pct_fast": 0.0, "mean_speed_kn": 14.07}, "geometry": {"type": "Polygon", "coordinates": [[[3.95, 41.35], [4.05, 41.35], [4.05, 41.45], [3.95, 41.45], [3.95, 41.35]]]}}, {"type": "Feature", "properties": {"habitat": "Cetacean Migration Corridor", "hours_fast": 12.0, "hours_total": 59.0, "pct_fast": 0.0, "mean_speed_kn": 14.03}, "geometry": {"type": "Polygon", "coordinates": [[[4.05, 41.35], [4.15, 41.35], [4.15, 41.45], [4.05, 41.45], [4.05, 41.35]]]}}, {"type": "Feature", "properties": {"habitat": "Cetacean Migration Corridor", "hours_fast": 15.0, "hours_total": 81.0, "pct_fast": 0.0, "mean_speed_kn": 13.89}, "geometry": {"type": "Polygon", "coordinates": [[[4.15, 41.35], [4.25, 41.35], [4.25, 41.45], [4.15, 41.45], [4.15, 41.35]]]}}, {"type": "Feature", "properties": {"habitat": "Cetacean Migration Corridor", "hours_fast": 69.0, "hours_total": 160.0, "pct_fast": 0.0, "mean_speed_kn": 15.73}, "geometry": {"type": "Polygon", "coordinates": [[[4.25, 41.35], [4.35, 41.35], [4.35, 41.45], [4.25, 41.45], [4.25, 41.35]]]}}, {"type": "Feature", "properties": {"habitat": "Pelagos Sanctuary", "hours_fast": 5.0, "hours_total": 38.0, "pct_fast": 0.0, "mean_speed_kn": 13.49}, "geometry": {"type": "Polygon", "coordinates": [[[7.75, 41.35], [7.85, 41.35], [7.85, 41.45], [7.75, 41.45], [7.75, 41.35]]]}}, {"type": "Feature", "properties": {"habitat": "Pelagos Sanctuary", "hours_fast": 4.0, "hours_total": 25.0, "pct_fast": 0.0, "mean_speed_kn": 13.7}, "geometry": {"type": "Polygon", "coordinates": [[[7.85, 41.35], [7.95, 41.35], [7.95, 41.45], [7.85, 41.45], [7.85, 41.35]]]}}, {"type": "Feature", "properties": {"habitat": "Pelagos Sanctuary", "hours_fast": 14.0, "hours_total": 36.0, "pct_fast": 0.0, "mean_speed_kn": 15.42}, "geometry": {"type": "Polygon", "coordinates": [[[7.95, 41.35], [8.05, 41.35], [8.05, 41.45], [7.95, 41.45], [7.95, 41.35]]]}}, {"type": "Feature", "properties": {"habitat": "Pelagos Sanctuary", "hours_fast": 32.0, "hours_total": 58.0, "pct_fast": 0.0, "mean_speed_kn": 16.64}, "geometry": {"type": "Polygon", "coordinates": [[[8.05, 41.35], [8.15, 41.35], [8.15, 41.45], [8.05, 41.45], [8.05, 41.35]]]}}, {"type": "Feature", "properties": {"habitat": "Pelagos Sanctuary", "hours_fast": 6.0, "hours_total": 23.0, "pct_fast": 0.0, "mean_speed_kn": 14.46}, "geometry": {"type": "Polygon", "coordinates": [[[8.15, 41.35], [8.25, 41.35], [8.25, 41.45], [8.15, 41.45], [8.15, 41.35]]]}}, {"type": "Feature", "properties": {"habitat": "Pelagos Sanctuary", "hours_fast": 16.0, "hours_total": 31.0, "pct_fast": 0.0, "mean_speed_kn": 16.37}, "geometry": {"type": "Polygon", "coordinates": [[[8.25, 41.35], [8.35, 41.35], [8.35, 41.45], [8.25, 41.45], [8.25, 41.35]]]}}, {"type": "Feature", "properties": {"habitat": "Pelagos Sanctuary", "hours_fast": 194.0, "hours_total": 229.0, "pct_fast": 0.0, "mean_speed_kn": 18.85}, "geometry": {"type": "Polygon", "coordinates": [[[8.35, 41.35], [8.45, 41.35], [8.45, 41.45], [8.35, 41.45], [8.35, 41.35]]]}}, {"type": "Feature", "properties": {"habitat": "Pelagos Sanctuary", "hours_fast": 108.0, "hours_total": 133.0, "pct_fast": 0.0, "mean_speed_kn": 18.59}, "geometry": {"type": "Polygon", "coordinates": [[[8.45, 41.35], [8.55, 41.35], [8.55, 41.45], [8.45, 41.45], [8.45, 41.35]]]}}, {"type": "Feature", "properties": {"habitat": "Pelagos Sanctuary", "hours_fast": 40.0, "hours_total": 87.0, "pct_fast": 0.0, "mean_speed_kn": 15.95}, "geometry": {"type": "Polygon", "coordinates": [[[8.55, 41.35], [8.65, 41.35], [8.65, 41.45], [8.55, 41.45], [8.55, 41.35]]]}}, {"type": "Feature", "properties": {"habitat": "Pelagos Sanctuary", "hours_fast": 99.0, "hours_total": 183.0, "pct_fast": 0.55, "mean_speed_kn": 16.6}, "geometry": {"type": "Polygon", "coordinates": [[[8.65, 41.35], [8.75, 41.35], [8.75, 41.45], [8.65, 41.45], [8.65, 41.35]]]}}, {"type": "Feature", "properties": {"habitat": "Pelagos Sanctuary", "hours_fast": 198.0, "hours_total": 466.0, "pct_fast": 0.64, "mean_speed_kn": 15.73}, "geometry": {"type": "Polygon", "coordinates": [[[8.75, 41.35], [8.85, 41.35], [8.85, 41.45], [8.75, 41.45], [8.75, 41.35]]]}}, {"type": "Feature", "properties": {"habitat": "Pelagos Sanctuary", "hours_fast": 271.0, "hours_total": 715.0, "pct_fast": 2.66, "mean_speed_kn": 15.54}, "geometry": {"type": "Polygon", "coordinates": [[[8.85, 41.35], [8.95, 41.35], [8.95, 41.45], [8.85, 41.45], [8.85, 41.35]]]}}, {"type": "Feature", "properties": {"habitat": "Pelagos Sanctuary", "hours_fast": 221.0, "hours_total": 612.0, "pct_fast": 4.25, "mean_speed_kn": 15.53}, "geometry": {"type": "Polygon", "coordinates": [[[8.95, 41.35], [9.05, 41.35], [9.05, 41.45], [8.95, 41.45], [8.95, 41.35]]]}}, {"type": "Feature", "properties": {"habitat": "Pelagos Sanctuary", "hours_fast": 332.0, "hours_total": 819.0, "pct_fast": 5.98, "mean_speed_kn": 15.99}, "geometry": {"type": "Polygon", "coordinates": [[[9.25, 41.35], [9.35, 41.35], [9.35, 41.45], [9.25, 41.45], [9.25, 41.35]]]}}, {"type": "Feature", "properties": {"habitat": "Pelagos Sanctuary", "hours_fast": 464.0, "hours_total": 879.0, "pct_fast": 2.62, "mean_speed_kn": 16.66}, "geometry": {"type": "Polygon", "coordinates": [[[9.35, 41.35], [9.45, 41.35], [9.45, 41.45], [9.35, 41.45], [9.35, 41.35]]]}}, {"type": "Feature", "properties": {"habitat": "Pelagos Sanctuary", "hours_fast": 219.0, "hours_total": 521.0, "pct_fast": 2.3, "mean_speed_kn": 15.83}, "geometry": {"type": "Polygon", "coordinates": [[[9.45, 41.35], [9.55, 41.35], [9.55, 41.45], [9.45, 41.45], [9.45, 41.35]]]}}, {"type": "Feature", "properties": {"habitat": "Pelagos Sanctuary", "hours_fast": 191.0, "hours_total": 390.0, "pct_fast": 4.1, "mean_speed_kn": 16.48}, "geometry": {"type": "Polygon", "coordinates": [[[9.55, 41.35], [9.65, 41.35], [9.65, 41.45], [9.55, 41.45], [9.55, 41.35]]]}}, {"type": "Feature", "properties": {"habitat": "Pelagos Sanctuary", "hours_fast": 546.0, "hours_total": 673.0, "pct_fast": 2.38, "mean_speed_kn": 18.76}, "geometry": {"type": "Polygon", "coordinates": [[[9.65, 41.35], [9.75, 41.35], [9.75, 41.45], [9.65, 41.45], [9.65, 41.35]]]}}, {"type": "Feature", "properties": {"habitat": "Pelagos Sanctuary", "hours_fast": 691.0, "hours_total": 797.0, "pct_fast": 2.38, "mean_speed_kn": 19.18}, "geometry": {"type": "Polygon", "coordinates": [[[9.75, 41.35], [9.85, 41.35], [9.85, 41.45], [9.75, 41.45], [9.75, 41.35]]]}}, {"type": "Feature", "properties": {"habitat": "Pelagos Sanctuary", "hours_fast": 191.0, "hours_total": 292.0, "pct_fast": 4.11, "mean_speed_kn": 17.71}, "geometry": {"type": "Polygon", "coordinates": [[[9.85, 41.35], [9.95, 41.35], [9.95, 41.45], [9.85, 41.45], [9.85, 41.35]]]}}, {"type": "Feature", "properties": {"habitat": "Cetacean Migration Corridor", "hours_fast": 80.0, "hours_total": 373.0, "pct_fast": 0.0, "mean_speed_kn": 14.11}, "geometry": {"type": "Polygon", "coordinates": [[[3.35, 41.45], [3.45, 41.45], [3.45, 41.55], [3.35, 41.55], [3.35, 41.45]]]}}, {"type": "Feature", "properties": {"habitat": "Cetacean Migration Corridor", "hours_fast": 50.0, "hours_total": 255.0, "pct_fast": 0.39, "mean_speed_kn": 14.0}, "geometry": {"type": "Polygon", "coordinates": [[[3.45, 41.45], [3.55, 41.45], [3.55, 41.55], [3.45, 41.55], [3.45, 41.45]]]}}, {"type": "Feature", "properties": {"habitat": "Cetacean Migration Corridor", "hours_fast": 34.0, "hours_total": 208.0, "pct_fast": 0.0, "mean_speed_kn": 13.73}, "geometry": {"type": "Polygon", "coordinates": [[[3.55, 41.45], [3.65, 41.45], [3.65, 41.55], [3.55, 41.55], [3.55, 41.45]]]}}, {"type": "Feature", "properties": {"habitat": "Cetacean Migration Corridor", "hours_fast": 58.0, "hours_total": 181.0, "pct_fast": 0.0, "mean_speed_kn": 14.9}, "geometry": {"type": "Polygon", "coordinates": [[[3.65, 41.45], [3.75, 41.45], [3.75, 41.55], [3.65, 41.55], [3.65, 41.45]]]}}, {"type": "Feature", "properties": {"habitat": "Cetacean Migration Corridor", "hours_fast": 27.0, "hours_total": 102.0, "pct_fast": 0.0, "mean_speed_kn": 14.49}, "geometry": {"type": "Polygon", "coordinates": [[[3.75, 41.45], [3.85, 41.45], [3.85, 41.55], [3.75, 41.55], [3.75, 41.45]]]}}, {"type": "Feature", "properties": {"habitat": "Cetacean Migration Corridor", "hours_fast": 18.0, "hours_total": 64.0, "pct_fast": 0.0, "mean_speed_kn": 14.61}, "geometry": {"type": "Polygon", "coordinates": [[[3.85, 41.45], [3.95, 41.45], [3.95, 41.55], [3.85, 41.55], [3.85, 41.45]]]}}, {"type": "Feature", "properties": {"habitat": "Cetacean Migration Corridor", "hours_fast": 7.0, "hours_total": 31.0, "pct_fast": 3.23, "mean_speed_kn": 14.44}, "geometry": {"type": "Polygon", "coordinates": [[[3.95, 41.45], [4.05, 41.45], [4.05, 41.55], [3.95, 41.55], [3.95, 41.45]]]}}, {"type": "Feature", "properties": {"habitat": "Cetacean Migration Corridor", "hours_fast": 13.0, "hours_total": 48.0, "pct_fast": 2.08, "mean_speed_kn": 14.69}, "geometry": {"type": "Polygon", "coordinates": [[[4.05, 41.45], [4.15, 41.45], [4.15, 41.55], [4.05, 41.55], [4.05, 41.45]]]}}, {"type": "Feature", "properties": {"habitat": "Cetacean Migration Corridor", "hours_fast": 18.0, "hours_total": 67.0, "pct_fast": 0.0, "mean_speed_kn": 14.51}, "geometry": {"type": "Polygon", "coordinates": [[[4.15, 41.45], [4.25, 41.45], [4.25, 41.55], [4.15, 41.55], [4.15, 41.45]]]}}, {"type": "Feature", "properties": {"habitat": "Pelagos Sanctuary", "hours_fast": 4.0, "hours_total": 16.0, "pct_fast": 0.0, "mean_speed_kn": 14.38}, "geometry": {"type": "Polygon", "coordinates": [[[7.65, 41.45], [7.75, 41.45], [7.75, 41.55], [7.65, 41.55], [7.65, 41.45]]]}}, {"type": "Feature", "properties": {"habitat": "Pelagos Sanctuary", "hours_fast": 9.0, "hours_total": 30.0, "pct_fast": 0.0, "mean_speed_kn": 14.75}, "geometry": {"type": "Polygon", "coordinates": [[[7.75, 41.45], [7.85, 41.45], [7.85, 41.55], [7.75, 41.55], [7.75, 41.45]]]}}, {"type": "Feature", "properties": {"habitat": "Pelagos Sanctuary", "hours_fast": 18.0, "hours_total": 49.0, "pct_fast": 0.0, "mean_speed_kn": 15.26}, "geometry": {"type": "Polygon", "coordinates": [[[7.85, 41.45], [7.95, 41.45], [7.95, 41.55], [7.85, 41.55], [7.85, 41.45]]]}}, {"type": "Feature", "properties": {"habitat": "Pelagos Sanctuary", "hours_fast": 32.0, "hours_total": 56.0, "pct_fast": 0.0, "mean_speed_kn": 16.79}, "geometry": {"type": "Polygon", "coordinates": [[[7.95, 41.45], [8.05, 41.45], [8.05, 41.55], [7.95, 41.55], [7.95, 41.45]]]}}, {"type": "Feature", "properties": {"habitat": "Pelagos Sanctuary", "hours_fast": 9.0, "hours_total": 27.0, "pct_fast": 0.0, "mean_speed_kn": 15.0}, "geometry": {"type": "Polygon", "coordinates": [[[8.05, 41.45], [8.15, 41.45], [8.15, 41.55], [8.05, 41.55], [8.05, 41.45]]]}}, {"type": "Feature", "properties": {"habitat": "Pelagos Sanctuary", "hours_fast": 8.0, "hours_total": 26.0, "pct_fast": 3.85, "mean_speed_kn": 15.1}, "geometry": {"type": "Polygon", "coordinates": [[[8.15, 41.45], [8.25, 41.45], [8.25, 41.55], [8.15, 41.55], [8.15, 41.45]]]}}, {"type": "Feature", "properties": {"habitat": "Pelagos Sanctuary", "hours_fast": 29.0, "hours_total": 53.0, "pct_fast": 0.0, "mean_speed_kn": 16.6}, "geometry": {"type": "Polygon", "coordinates": [[[8.25, 41.45], [8.35, 41.45], [8.35, 41.55], [8.25, 41.55], [8.25, 41.45]]]}}, {"type": "Feature", "properties": {"habitat": "Pelagos Sanctuary", "hours_fast": 245.0, "hours_total": 300.0, "pct_fast": 0.0, "mean_speed_kn": 18.62}, "geometry": {"type": "Polygon", "coordinates": [[[8.35, 41.45], [8.45, 41.45], [8.45, 41.55], [8.35, 41.55], [8.35, 41.45]]]}}, {"type": "Feature", "properties": {"habitat": "Pelagos Sanctuary", "hours_fast": 206.0, "hours_total": 305.0, "pct_fast": 0.33, "mean_speed_kn": 17.59}, "geometry": {"type": "Polygon", "coordinates": [[[8.45, 41.45], [8.55, 41.45], [8.55, 41.55], [8.45, 41.55], [8.45, 41.45]]]}}, {"type": "Feature", "properties": {"habitat": "Pelagos Sanctuary", "hours_fast": 191.0, "hours_total": 362.0, "pct_fast": 0.28, "mean_speed_kn": 16.48}, "geometry": {"type": "Polygon", "coordinates": [[[8.55, 41.45], [8.65, 41.45], [8.65, 41.55], [8.55, 41.55], [8.55, 41.45]]]}}, {"type": "Feature", "properties": {"habitat": "Pelagos Sanctuary", "hours_fast": 175.0, "hours_total": 413.0, "pct_fast": 0.73, "mean_speed_kn": 15.73}, "geometry": {"type": "Polygon", "coordinates": [[[8.65, 41.45], [8.75, 41.45], [8.75, 41.55], [8.65, 41.55], [8.65, 41.45]]]}}, {"type": "Feature", "properties": {"habitat": "Pelagos Sanctuary", "hours_fast": 260.0, "hours_total": 730.0, "pct_fast": 5.89, "mean_speed_kn": 15.61}, "geometry": {"type": "Polygon", "coordinates": [[[8.75, 41.45], [8.85, 41.45], [8.85, 41.55], [8.75, 41.55], [8.75, 41.45]]]}}, {"type": "Feature", "properties": {"habitat": "Pelagos Sanctuary", "hours_fast": 246.0, "hours_total": 604.0, "pct_fast": 6.13, "mean_speed_kn": 16.01}, "geometry": {"type": "Polygon", "coordinates": [[[8.85, 41.45], [8.95, 41.45], [8.95, 41.55], [8.85, 41.55], [8.85, 41.45]]]}}, {"type": "Feature", "properties": {"habitat": "Pelagos Sanctuary", "hours_fast": 384.0, "hours_total": 750.0, "pct_fast": 8.93, "mean_speed_kn": 17.01}, "geometry": {"type": "Polygon", "coordinates": [[[9.25, 41.45], [9.35, 41.45], [9.35, 41.55], [9.25, 41.55], [9.25, 41.45]]]}}, {"type": "Feature", "properties": {"habitat": "Pelagos Sanctuary", "hours_fast": 137.0, "hours_total": 334.0, "pct_fast": 2.69, "mean_speed_kn": 15.78}, "geometry": {"type": "Polygon", "coordinates": [[[9.35, 41.45], [9.45, 41.45], [9.45, 41.55], [9.35, 41.55], [9.35, 41.45]]]}}, {"type": "Feature", "properties": {"habitat": "Pelagos Sanctuary", "hours_fast": 55.0, "hours_total": 187.0, "pct_fast": 2.67, "mean_speed_kn": 14.91}, "geometry": {"type": "Polygon", "coordinates": [[[9.45, 41.45], [9.55, 41.45], [9.55, 41.55], [9.45, 41.55], [9.45, 41.45]]]}}, {"type": "Feature", "properties": {"habitat": "Pelagos Sanctuary", "hours_fast": 93.0, "hours_total": 243.0, "pct_fast": 1.65, "mean_speed_kn": 15.49}, "geometry": {"type": "Polygon", "coordinates": [[[9.55, 41.45], [9.65, 41.45], [9.65, 41.55], [9.55, 41.55], [9.55, 41.45]]]}}, {"type": "Feature", "properties": {"habitat": "Pelagos Sanctuary", "hours_fast": 579.0, "hours_total": 754.0, "pct_fast": 3.05, "mean_speed_kn": 18.49}, "geometry": {"type": "Polygon", "coordinates": [[[9.65, 41.45], [9.75, 41.45], [9.75, 41.55], [9.65, 41.55], [9.65, 41.45]]]}}, {"type": "Feature", "properties": {"habitat": "Pelagos Sanctuary", "hours_fast": 901.0, "hours_total": 1069.0, "pct_fast": 2.71, "mean_speed_kn": 19.02}, "geometry": {"type": "Polygon", "coordinates": [[[9.75, 41.45], [9.85, 41.45], [9.85, 41.55], [9.75, 41.55], [9.75, 41.45]]]}}, {"type": "Feature", "properties": {"habitat": "Pelagos Sanctuary", "hours_fast": 265.0, "hours_total": 392.0, "pct_fast": 5.87, "mean_speed_kn": 18.01}, "geometry": {"type": "Polygon", "coordinates": [[[9.85, 41.45], [9.95, 41.45], [9.95, 41.55], [9.85, 41.55], [9.85, 41.45]]]}}, {"type": "Feature", "properties": {"habitat": "Pelagos Sanctuary", "hours_fast": 94.0, "hours_total": 165.0, "pct_fast": 9.7, "mean_speed_kn": 17.5}, "geometry": {"type": "Polygon", "coordinates": [[[9.95, 41.45], [10.05, 41.45], [10.05, 41.55], [9.95, 41.55], [9.95, 41.45]]]}}, {"type": "Feature", "properties": {"habitat": "Cetacean Migration Corridor", "hours_fast": 104.0, "hours_total": 465.0, "pct_fast": 0.0, "mean_speed_kn": 14.18}, "geometry": {"type": "Polygon", "coordinates": [[[3.45, 41.55], [3.55, 41.55], [3.55, 41.65], [3.45, 41.65], [3.45, 41.55]]]}}, {"type": "Feature", "properties": {"habitat": "Cetacean Migration Corridor", "hours_fast": 74.0, "hours_total": 300.0, "pct_fast": 0.0, "mean_speed_kn": 14.35}, "geometry": {"type": "Polygon", "coordinates": [[[3.55, 41.55], [3.65, 41.55], [3.65, 41.65], [3.55, 41.65], [3.55, 41.55]]]}}, {"type": "Feature", "properties": {"habitat": "Cetacean Migration Corridor", "hours_fast": 50.0, "hours_total": 207.0, "pct_fast": 0.0, "mean_speed_kn": 14.31}, "geometry": {"type": "Polygon", "coordinates": [[[3.65, 41.55], [3.75, 41.55], [3.75, 41.65], [3.65, 41.65], [3.65, 41.55]]]}}, {"type": "Feature", "properties": {"habitat": "Cetacean Migration Corridor", "hours_fast": 37.0, "hours_total": 160.0, "pct_fast": 0.0, "mean_speed_kn": 14.23}, "geometry": {"type": "Polygon", "coordinates": [[[3.75, 41.55], [3.85, 41.55], [3.85, 41.65], [3.75, 41.65], [3.75, 41.55]]]}}, {"type": "Feature", "properties": {"habitat": "Cetacean Migration Corridor", "hours_fast": 27.0, "hours_total": 111.0, "pct_fast": 0.9, "mean_speed_kn": 14.39}, "geometry": {"type": "Polygon", "coordinates": [[[3.85, 41.55], [3.95, 41.55], [3.95, 41.65], [3.85, 41.65], [3.85, 41.55]]]}}, {"type": "Feature", "properties": {"habitat": "Cetacean Migration Corridor", "hours_fast": 15.0, "hours_total": 88.0, "pct_fast": 0.0, "mean_speed_kn": 13.78}, "geometry": {"type": "Polygon", "coordinates": [[[3.95, 41.55], [4.05, 41.55], [4.05, 41.65], [3.95, 41.65], [3.95, 41.55]]]}}, {"type": "Feature", "properties": {"habitat": "Cetacean Migration Corridor", "hours_fast": 25.0, "hours_total": 91.0, "pct_fast": 0.0, "mean_speed_kn": 14.56}, "geometry": {"type": "Polygon", "coordinates": [[[4.05, 41.55], [4.15, 41.55], [4.15, 41.65], [4.05, 41.65], [4.05, 41.55]]]}}, {"type": "Feature", "properties": {"habitat": "Pelagos Sanctuary", "hours_fast": 3.0, "hours_total": 20.0, "pct_fast": 0.0, "mean_speed_kn": 13.62}, "geometry": {"type": "Polygon", "coordinates": [[[7.55, 41.55], [7.65, 41.55], [7.65, 41.65], [7.55, 41.65], [7.55, 41.55]]]}}, {"type": "Feature", "properties": {"habitat": "Pelagos Sanctuary", "hours_fast": 5.0, "hours_total": 20.0, "pct_fast": 0.0, "mean_speed_kn": 14.38}, "geometry": {"type": "Polygon", "coordinates": [[[7.65, 41.55], [7.75, 41.55], [7.75, 41.65], [7.65, 41.65], [7.65, 41.55]]]}}, {"type": "Feature", "properties": {"habitat": "Pelagos Sanctuary", "hours_fast": 17.0, "hours_total": 43.0, "pct_fast": 2.33, "mean_speed_kn": 15.64}, "geometry": {"type": "Polygon", "coordinates": [[[7.75, 41.55], [7.85, 41.55], [7.85, 41.65], [7.75, 41.65], [7.75, 41.55]]]}}, {"type": "Feature", "properties": {"habitat": "Pelagos Sanctuary", "hours_fast": 22.0, "hours_total": 48.0, "pct_fast": 0.0, "mean_speed_kn": 15.94}, "geometry": {"type": "Polygon", "coordinates": [[[7.85, 41.55], [7.95, 41.55], [7.95, 41.65], [7.85, 41.65], [7.85, 41.55]]]}}, {"type": "Feature", "properties": {"habitat": "Pelagos Sanctuary", "hours_fast": 9.0, "hours_total": 27.0, "pct_fast": 0.0, "mean_speed_kn": 15.0}, "geometry": {"type": "Polygon", "coordinates": [[[7.95, 41.55], [8.05, 41.55], [8.05, 41.65], [7.95, 41.65], [7.95, 41.55]]]}}, {"type": "Feature", "properties": {"habitat": "Pelagos Sanctuary", "hours_fast": 29.0, "hours_total": 76.0, "pct_fast": 0.0, "mean_speed_kn": 15.36}, "geometry": {"type": "Polygon", "coordinates": [[[8.05, 41.55], [8.15, 41.55], [8.15, 41.65], [8.05, 41.65], [8.05, 41.55]]]}}, {"type": "Feature", "properties": {"habitat": "Pelagos Sanctuary", "hours_fast": 82.0, "hours_total": 138.0, "pct_fast": 0.72, "mean_speed_kn": 17.01}, "geometry": {"type": "Polygon", "coordinates": [[[8.15, 41.55], [8.25, 41.55], [8.25, 41.65], [8.15, 41.65], [8.15, 41.55]]]}}, {"type": "Feature", "properties": {"habitat": "Pelagos Sanctuary", "hours_fast": 128.0, "hours_total": 224.0, "pct_fast": 0.0, "mean_speed_kn": 16.79}, "geometry": {"type": "Polygon", "coordinates": [[[8.25, 41.55], [8.35, 41.55], [8.35, 41.65], [8.25, 41.65], [8.25, 41.55]]]}}, {"type": "Feature", "properties": {"habitat": "Pelagos Sanctuary", "hours_fast": 367.0, "hours_total": 481.0, "pct_fast": 0.21, "mean_speed_kn": 18.24}, "geometry": {"type": "Polygon", "coordinates": [[[8.35, 41.55], [8.45, 41.55], [8.45, 41.65], [8.35, 41.65], [8.35, 41.55]]]}}, {"type": "Feature", "properties": {"habitat": "Pelagos Sanctuary", "hours_fast": 177.0, "hours_total": 332.0, "pct_fast": 0.0, "mean_speed_kn": 16.5}, "geometry": {"type": "Polygon", "coordinates": [[[8.45, 41.55], [8.55, 41.55], [8.55, 41.65], [8.45, 41.65], [8.45, 41.55]]]}}, {"type": "Feature", "properties": {"habitat": "Pelagos Sanctuary", "hours_fast": 112.0, "hours_total": 262.0, "pct_fast": 1.53, "mean_speed_kn": 15.82}, "geometry": {"type": "Polygon", "coordinates": [[[8.55, 41.55], [8.65, 41.55], [8.65, 41.65], [8.55, 41.65], [8.55, 41.55]]]}}, {"type": "Feature", "properties": {"habitat": "Pelagos Sanctuary", "hours_fast": 165.0, "hours_total": 477.0, "pct_fast": 5.24, "mean_speed_kn": 15.49}, "geometry": {"type": "Polygon", "coordinates": [[[8.65, 41.55], [8.75, 41.55], [8.75, 41.65], [8.65, 41.65], [8.65, 41.55]]]}}, {"type": "Feature", "properties": {"habitat": "Pelagos Sanctuary", "hours_fast": 459.0, "hours_total": 1201.0, "pct_fast": 4.0, "mean_speed_kn": 15.67}, "geometry": {"type": "Polygon", "coordinates": [[[9.25, 41.55], [9.35, 41.55], [9.35, 41.65], [9.25, 41.65], [9.25, 41.55]]]}}, {"type": "Feature", "properties": {"habitat": "Pelagos Sanctuary", "hours_fast": 474.0, "hours_total": 1004.0, "pct_fast": 7.27, "mean_speed_kn": 16.59}, "geometry": {"type": "Polygon", "coordinates": [[[9.35, 41.55], [9.45, 41.55], [9.45, 41.65], [9.35, 41.65], [9.35, 41.55]]]}}, {"type": "Feature", "properties": {"habitat": "Pelagos Sanctuary", "hours_fast": 35.0, "hours_total": 131.0, "pct_fast": 5.34, "mean_speed_kn": 14.9}, "geometry": {"type": "Polygon", "coordinates": [[[9.45, 41.55], [9.55, 41.55], [9.55, 41.65], [9.45, 41.65], [9.45, 41.55]]]}}, {"type": "Feature", "properties": {"habitat": "Pelagos Sanctuary", "hours_fast": 76.0, "hours_total": 225.0, "pct_fast": 3.56, "mean_speed_kn": 15.3}, "geometry": {"type": "Polygon", "coordinates": [[[9.55, 41.55], [9.65, 41.55], [9.65, 41.65], [9.55, 41.65], [9.55, 41.55]]]}}, {"type": "Feature", "properties": {"habitat": "Pelagos Sanctuary", "hours_fast": 359.0, "hours_total": 496.0, "pct_fast": 1.21, "mean_speed_kn": 18.02}, "geometry": {"type": "Polygon", "coordinates": [[[9.65, 41.55], [9.75, 41.55], [9.75, 41.65], [9.65, 41.65], [9.65, 41.55]]]}}, {"type": "Feature", "properties": {"habitat": "Pelagos Sanctuary", "hours_fast": 845.0, "hours_total": 952.0, "pct_fast": 2.63, "mean_speed_kn": 19.35}, "geometry": {"type": "Polygon", "coordinates": [[[9.75, 41.55], [9.85, 41.55], [9.85, 41.65], [9.75, 41.65], [9.75, 41.55]]]}}, {"type": "Feature", "properties": {"habitat": "Pelagos Sanctuary", "hours_fast": 184.0, "hours_total": 270.0, "pct_fast": 4.44, "mean_speed_kn": 17.94}, "geometry": {"type": "Polygon", "coordinates": [[[9.85, 41.55], [9.95, 41.55], [9.95, 41.65], [9.85, 41.65], [9.85, 41.55]]]}}, {"type": "Feature", "properties": {"habitat": "Pelagos Sanctuary", "hours_fast": 179.0, "hours_total": 278.0, "pct_fast": 8.99, "mean_speed_kn": 18.0}, "geometry": {"type": "Polygon", "coordinates": [[[9.95, 41.55], [10.05, 41.55], [10.05, 41.65], [9.95, 41.65], [9.95, 41.55]]]}}, {"type": "Feature", "properties": {"habitat": "Pelagos Sanctuary", "hours_fast": 147.0, "hours_total": 260.0, "pct_fast": 5.38, "mean_speed_kn": 17.14}, "geometry": {"type": "Polygon", "coordinates": [[[10.05, 41.55], [10.15, 41.55], [10.15, 41.65], [10.05, 41.65], [10.05, 41.55]]]}}, {"type": "Feature", "properties": {"habitat": "Pelagos Sanctuary", "hours_fast": 142.0, "hours_total": 337.0, "pct_fast": 2.67, "mean_speed_kn": 15.86}, "geometry": {"type": "Polygon", "coordinates": [[[10.15, 41.55], [10.25, 41.55], [10.25, 41.65], [10.15, 41.65], [10.15, 41.55]]]}}, {"type": "Feature", "properties": {"habitat": "Cetacean Migration Corridor", "hours_fast": 139.0, "hours_total": 479.0, "pct_fast": 0.0, "mean_speed_kn": 14.68}, "geometry": {"type": "Polygon", "coordinates": [[[3.55, 41.65], [3.65, 41.65], [3.65, 41.75], [3.55, 41.75], [3.55, 41.65]]]}}, {"type": "Feature", "properties": {"habitat": "Cetacean Migration Corridor", "hours_fast": 91.0, "hours_total": 322.0, "pct_fast": 0.0, "mean_speed_kn": 14.62}, "geometry": {"type": "Polygon", "coordinates": [[[3.65, 41.65], [3.75, 41.65], [3.75, 41.75], [3.65, 41.75], [3.65, 41.65]]]}}, {"type": "Feature", "properties": {"habitat": "Cetacean Migration Corridor", "hours_fast": 67.0, "hours_total": 284.0, "pct_fast": 0.35, "mean_speed_kn": 14.3}, "geometry": {"type": "Polygon", "coordinates": [[[3.75, 41.65], [3.85, 41.65], [3.85, 41.75], [3.75, 41.75], [3.75, 41.65]]]}}, {"type": "Feature", "properties": {"habitat": "Cetacean Migration Corridor", "hours_fast": 78.0, "hours_total": 270.0, "pct_fast": 0.0, "mean_speed_kn": 14.67}, "geometry": {"type": "Polygon", "coordinates": [[[3.85, 41.65], [3.95, 41.65], [3.95, 41.75], [3.85, 41.75], [3.85, 41.65]]]}}, {"type": "Feature", "properties": {"habitat": "Cetacean Migration Corridor", "hours_fast": 36.0, "hours_total": 155.0, "pct_fast": 0.0, "mean_speed_kn": 14.24}, "geometry": {"type": "Polygon", "coordinates": [[[3.95, 41.65], [4.05, 41.65], [4.05, 41.75], [3.95, 41.75], [3.95, 41.65]]]}}, {"type": "Feature", "properties": {"habitat": "Cetacean Migration Corridor", "hours_fast": 32.0, "hours_total": 108.0, "pct_fast": 0.0, "mean_speed_kn": 14.72}, "geometry": {"type": "Polygon", "coordinates": [[[4.05, 41.65], [4.15, 41.65], [4.15, 41.75], [4.05, 41.75], [4.05, 41.65]]]}}, {"type": "Feature", "properties": {"habitat": "Pelagos Sanctuary", "hours_fast": 5.0, "hours_total": 29.0, "pct_fast": 0.0, "mean_speed_kn": 13.79}, "geometry": {"type": "Polygon", "coordinates": [[[7.45, 41.65], [7.55, 41.65], [7.55, 41.75], [7.45, 41.75], [7.45, 41.65]]]}}, {"type": "Feature", "properties": {"habitat": "Pelagos Sanctuary", "hours_fast": 1.0, "hours_total": 18.0, "pct_fast": 0.0, "mean_speed_kn": 12.92}, "geometry": {"type": "Polygon", "coordinates": [[[7.55, 41.65], [7.65, 41.65], [7.65, 41.75], [7.55, 41.75], [7.55, 41.65]]]}}, {"type": "Feature", "properties": {"habitat": "Pelagos Sanctuary", "hours_fast": 32.0, "hours_total": 68.0, "pct_fast": 0.0, "mean_speed_kn": 16.03}, "geometry": {"type": "Polygon", "coordinates": [[[7.65, 41.65], [7.75, 41.65], [7.75, 41.75], [7.65, 41.75], [7.65, 41.65]]]}}, {"type": "Feature", "properties": {"habitat": "Pelagos Sanctuary", "hours_fast": 23.0, "hours_total": 47.0, "pct_fast": 0.0, "mean_speed_kn": 16.17}, "geometry": {"type": "Polygon", "coordinates": [[[7.75, 41.65], [7.85, 41.65], [7.85, 41.75], [7.75, 41.75], [7.75, 41.65]]]}}, {"type": "Feature", "properties": {"habitat": "Pelagos Sanctuary", "hours_fast": 48.0, "hours_total": 77.0, "pct_fast": 0.0, "mean_speed_kn": 17.18}, "geometry": {"type": "Polygon", "coordinates": [[[7.85, 41.65], [7.95, 41.65], [7.95, 41.75], [7.85, 41.75], [7.85, 41.65]]]}}, {"type": "Feature", "properties": {"habitat": "Pelagos Sanctuary", "hours_fast": 99.0, "hours_total": 150.0, "pct_fast": 0.0, "mean_speed_kn": 17.45}, "geometry": {"type": "Polygon", "coordinates": [[[7.95, 41.65], [8.05, 41.65], [8.05, 41.75], [7.95, 41.75], [7.95, 41.65]]]}}, {"type": "Feature", "properties": {"habitat": "Pelagos Sanctuary", "hours_fast": 99.0, "hours_total": 193.0, "pct_fast": 0.0, "mean_speed_kn": 16.35}, "geometry": {"type": "Polygon", "coordinates": [[[8.05, 41.65], [8.15, 41.65], [8.15, 41.75], [8.05, 41.75], [8.05, 41.65]]]}}, {"type": "Feature", "properties": {"habitat": "Pelagos Sanctuary", "hours_fast": 122.0, "hours_total": 253.0, "pct_fast": 0.4, "mean_speed_kn": 16.15}, "geometry": {"type": "Polygon", "coordinates": [[[8.15, 41.65], [8.25, 41.65], [8.25, 41.75], [8.15, 41.75], [8.15, 41.65]]]}}, {"type": "Feature", "properties": {"habitat": "Pelagos Sanctuary", "hours_fast": 113.0, "hours_total": 224.0, "pct_fast": 0.45, "mean_speed_kn": 16.32}, "geometry": {"type": "Polygon", "coordinates": [[[8.25, 41.65], [8.35, 41.65], [8.35, 41.75], [8.25, 41.75], [8.25, 41.65]]]}}, {"type": "Feature", "properties": {"habitat": "Pelagos Sanctuary", "hours_fast": 225.0, "hours_total": 339.0, "pct_fast": 0.0, "mean_speed_kn": 17.48}, "geometry": {"type": "Polygon", "coordinates": [[[8.35, 41.65], [8.45, 41.65], [8.45, 41.75], [8.35, 41.75], [8.35, 41.65]]]}}, {"type": "Feature", "properties": {"habitat": "Pelagos Sanctuary", "hours_fast": 92.0, "hours_total": 251.0, "pct_fast": 0.8, "mean_speed_kn": 15.31}, "geometry": {"type": "Polygon", "coordinates": [[[8.45, 41.65], [8.55, 41.65], [8.55, 41.75], [8.45, 41.75], [8.45, 41.65]]]}}, {"type": "Feature", "properties": {"habitat": "Pelagos Sanctuary", "hours_fast": 205.0, "hours_total": 526.0, "pct_fast": 4.75, "mean_speed_kn": 15.78}, "geometry": {"type": "Polygon", "coordinates": [[[8.55, 41.65], [8.65, 41.65], [8.65, 41.75], [8.55, 41.75], [8.55, 41.65]]]}}, {"type": "Feature", "properties": {"habitat": "Pelagos Sanctuary", "hours_fast": 297.0, "hours_total": 632.0, "pct_fast": 5.85, "mean_speed_kn": 16.46}, "geometry": {"type": "Polygon", "coordinates": [[[8.65, 41.65], [8.75, 41.65], [8.75, 41.75], [8.65, 41.75], [8.65, 41.65]]]}}, {"type": "Feature", "properties": {"habitat": "Pelagos Sanctuary", "hours_fast": 128.0, "hours_total": 327.0, "pct_fast": 3.98, "mean_speed_kn": 15.73}, "geometry": {"type": "Polygon", "coordinates": [[[8.75, 41.65], [8.85, 41.65], [8.85, 41.75], [8.75, 41.75], [8.75, 41.65]]]}}, {"type": "Feature", "properties": {"habitat": "Pelagos Sanctuary", "hours_fast": 40.0, "hours_total": 133.0, "pct_fast": 8.27, "mean_speed_kn": 15.38}, "geometry": {"type": "Polygon", "coordinates": [[[9.45, 41.65], [9.55, 41.65], [9.55, 41.75], [9.45, 41.75], [9.45, 41.65]]]}}, {"type": "Feature", "properties": {"habitat": "Pelagos Sanctuary", "hours_fast": 65.0, "hours_total": 201.0, "pct_fast": 2.49, "mean_speed_kn": 15.11}, "geometry": {"type": "Polygon", "coordinates": [[[9.55, 41.65], [9.65, 41.65], [9.65, 41.75], [9.55, 41.75], [9.55, 41.65]]]}}, {"type": "Feature", "properties": {"habitat": "Pelagos Sanctuary", "hours_fast": 408.0, "hours_total": 557.0, "pct_fast": 1.97, "mean_speed_kn": 18.14}, "geometry": {"type": "Polygon", "coordinates": [[[9.65, 41.65], [9.75, 41.65], [9.75, 41.75], [9.65, 41.75], [9.65, 41.65]]]}}, {"type": "Feature", "properties": {"habitat": "Pelagos Sanctuary", "hours_fast": 857.0, "hours_total": 1000.0, "pct_fast": 2.4, "mean_speed_kn": 19.11}, "geometry": {"type": "Polygon", "coordinates": [[[9.75, 41.65], [9.85, 41.65], [9.85, 41.75], [9.75, 41.75], [9.75, 41.65]]]}}, {"type": "Feature", "properties": {"habitat": "Pelagos Sanctuary", "hours_fast": 165.0, "hours_total": 267.0, "pct_fast": 5.99, "mean_speed_kn": 17.58}, "geometry": {"type": "Polygon", "coordinates": [[[9.85, 41.65], [9.95, 41.65], [9.95, 41.75], [9.85, 41.75], [9.85, 41.65]]]}}, {"type": "Feature", "properties": {"habitat": "Pelagos Sanctuary", "hours_fast": 43.0, "hours_total": 106.0, "pct_fast": 1.89, "mean_speed_kn": 15.68}, "geometry": {"type": "Polygon", "coordinates": [[[9.95, 41.65], [10.05, 41.65], [10.05, 41.75], [9.95, 41.75], [9.95, 41.65]]]}}, {"type": "Feature", "properties": {"habitat": "Pelagos Sanctuary", "hours_fast": 26.0, "hours_total": 145.0, "pct_fast": 3.45, "mean_speed_kn": 14.1}, "geometry": {"type": "Polygon", "coordinates": [[[10.05, 41.65], [10.15, 41.65], [10.15, 41.75], [10.05, 41.75], [10.05, 41.65]]]}}, {"type": "Feature", "properties": {"habitat": "Pelagos Sanctuary", "hours_fast": 59.0, "hours_total": 211.0, "pct_fast": 0.95, "mean_speed_kn": 14.67}, "geometry": {"type": "Polygon", "coordinates": [[[10.15, 41.65], [10.25, 41.65], [10.25, 41.75], [10.15, 41.75], [10.15, 41.65]]]}}, {"type": "Feature", "properties": {"habitat": "Pelagos Sanctuary", "hours_fast": 108.0, "hours_total": 170.0, "pct_fast": 10.59, "mean_speed_kn": 18.06}, "geometry": {"type": "Polygon", "coordinates": [[[10.25, 41.65], [10.35, 41.65], [10.35, 41.75], [10.25, 41.75], [10.25, 41.65]]]}}, {"type": "Feature", "properties": {"habitat": "Pelagos Sanctuary", "hours_fast": 173.0, "hours_total": 246.0, "pct_fast": 6.1, "mean_speed_kn": 18.23}, "geometry": {"type": "Polygon", "coordinates": [[[10.35, 41.65], [10.45, 41.65], [10.45, 41.75], [10.35, 41.75], [10.35, 41.65]]]}}, {"type": "Feature", "properties": {"habitat": "Cetacean Migration Corridor", "hours_fast": 152.0, "hours_total": 526.0, "pct_fast": 0.0, "mean_speed_kn": 14.67}, "geometry": {"type": "Polygon", "coordinates": [[[3.55, 41.75], [3.65, 41.75], [3.65, 41.85], [3.55, 41.85], [3.55, 41.75]]]}}, {"type": "Feature", "properties": {"habitat": "Cetacean Migration Corridor", "hours_fast": 159.0, "hours_total": 532.0, "pct_fast": 0.0, "mean_speed_kn": 14.74}, "geometry": {"type": "Polygon", "coordinates": [[[3.65, 41.75], [3.75, 41.75], [3.75, 41.85], [3.65, 41.85], [3.65, 41.75]]]}}, {"type": "Feature", "properties": {"habitat": "Cetacean Migration Corridor", "hours_fast": 75.0, "hours_total": 328.0, "pct_fast": 0.0, "mean_speed_kn": 14.21}, "geometry": {"type": "Polygon", "coordinates": [[[3.75, 41.75], [3.85, 41.75], [3.85, 41.85], [3.75, 41.85], [3.75, 41.75]]]}}, {"type": "Feature", "properties": {"habitat": "Cetacean Migration Corridor", "hours_fast": 60.0, "hours_total": 262.0, "pct_fast": 0.0, "mean_speed_kn": 14.22}, "geometry": {"type": "Polygon", "coordinates": [[[3.85, 41.75], [3.95, 41.75], [3.95, 41.85], [3.85, 41.85], [3.85, 41.75]]]}}, {"type": "Feature", "properties": {"habitat": "Cetacean Migration Corridor", "hours_fast": 69.0, "hours_total": 232.0, "pct_fast": 0.0, "mean_speed_kn": 14.73}, "geometry": {"type": "Polygon", "coordinates": [[[3.95, 41.75], [4.05, 41.75], [4.05, 41.85], [3.95, 41.85], [3.95, 41.75]]]}}, {"type": "Feature", "properties": {"habitat": "Pelagos Sanctuary", "hours_fast": 12.0, "hours_total": 64.0, "pct_fast": 0.0, "mean_speed_kn": 13.91}, "geometry": {"type": "Polygon", "coordinates": [[[7.35, 41.75], [7.45, 41.75], [7.45, 41.85], [7.35, 41.85], [7.35, 41.75]]]}}, {"type": "Feature", "properties": {"habitat": "Pelagos Sanctuary", "hours_fast": 26.0, "hours_total": 65.0, "pct_fast": 0.0, "mean_speed_kn": 15.5}, "geometry": {"type": "Polygon", "coordinates": [[[7.45, 41.75], [7.55, 41.75], [7.55, 41.85], [7.45, 41.85], [7.45, 41.75]]]}}, {"type": "Feature", "properties": {"habitat": "Pelagos Sanctuary", "hours_fast": 43.0, "hours_total": 64.0, "pct_fast": 0.0, "mean_speed_kn": 17.54}, "geometry": {"type": "Polygon", "coordinates": [[[7.55, 41.75], [7.65, 41.75], [7.65, 41.85], [7.55, 41.85], [7.55, 41.75]]]}}, {"type": "Feature", "properties": {"habitat": "Pelagos Sanctuary", "hours_fast": 88.0, "hours_total": 123.0, "pct_fast": 0.0, "mean_speed_kn": 17.87}, "geometry": {"type": "Polygon", "coordinates": [[[7.65, 41.75], [7.75, 41.75], [7.75, 41.85], [7.65, 41.85], [7.65, 41.75]]]}}, {"type": "Feature", "properties": {"habitat": "Pelagos Sanctuary", "hours_fast": 88.0, "hours_total": 154.0, "pct_fast": 0.0, "mean_speed_kn": 16.79}, "geometry": {"type": "Polygon", "coordinates": [[[7.75, 41.75], [7.85, 41.75], [7.85, 41.85], [7.75, 41.85], [7.75, 41.75]]]}}, {"type": "Feature", "properties": {"habitat": "Pelagos Sanctuary", "hours_fast": 92.0, "hours_total": 168.0, "pct_fast": 0.0, "mean_speed_kn": 16.61}, "geometry": {"type": "Polygon", "coordinates": [[[7.85, 41.75], [7.95, 41.75], [7.95, 41.85], [7.85, 41.85], [7.85, 41.75]]]}}, {"type": "Feature", "properties": {"habitat": "Pelagos Sanctuary", "hours_fast": 76.0, "hours_total": 172.0, "pct_fast": 0.0, "mean_speed_kn": 15.81}, "geometry": {"type": "Polygon", "coordinates": [[[7.95, 41.75], [8.05, 41.75], [8.05, 41.85], [7.95, 41.85], [7.95, 41.75]]]}}, {"type": "Feature", "properties": {"habitat": "Pelagos Sanctuary", "hours_fast": 106.0, "hours_total": 174.0, "pct_fast": 0.0, "mean_speed_kn": 17.07}, "geometry": {"type": "Polygon", "coordinates": [[[8.05, 41.75], [8.15, 41.75], [8.15, 41.85], [8.05, 41.85], [8.05, 41.75]]]}}, {"type": "Feature", "properties": {"habitat": "Pelagos Sanctuary", "hours_fast": 54.0, "hours_total": 106.0, "pct_fast": 0.94, "mean_speed_kn": 16.39}, "geometry": {"type": "Polygon", "coordinates": [[[8.15, 41.75], [8.25, 41.75], [8.25, 41.85], [8.15, 41.85], [8.15, 41.75]]]}}, {"type": "Feature", "properties": {"habitat": "Pelagos Sanctuary", "hours_fast": 62.0, "hours_total": 141.0, "pct_fast": 0.71, "mean_speed_kn": 15.85}, "geometry": {"type": "Polygon", "coordinates": [[[8.25, 41.75], [8.35, 41.75], [8.35, 41.85], [8.25, 41.85], [8.25, 41.75]]]}}, {"type": "Feature", "properties": {"habitat": "Pelagos Sanctuary", "hours_fast": 291.0, "hours_total": 479.0, "pct_fast": 0.21, "mean_speed_kn": 17.07}, "geometry": {"type": "Polygon", "coordinates": [[[8.35, 41.75], [8.45, 41.75], [8.45, 41.85], [8.35, 41.85], [8.35, 41.75]]]}}, {"type": "Feature", "properties": {"habitat": "Pelagos Sanctuary", "hours_fast": 228.0, "hours_total": 641.0, "pct_fast": 1.25, "mean_speed_kn": 15.26}, "geometry": {"type": "Polygon", "coordinates": [[[8.45, 41.75], [8.55, 41.75], [8.55, 41.85], [8.45, 41.85], [8.45, 41.75]]]}}, {"type": "Feature", "properties": {"habitat": "Pelagos Sanctuary", "hours_fast": 304.0, "hours_total": 825.0, "pct_fast": 2.67, "mean_speed_kn": 15.46}, "geometry": {"type": "Polygon", "coordinates": [[[8.55, 41.75], [8.65, 41.75], [8.65, 41.85], [8.55, 41.85], [8.55, 41.75]]]}}, {"type": "Feature", "properties": {"habitat": "Pelagos Sanctuary", "hours_fast": 255.0, "hours_total": 579.0, "pct_fast": 4.15, "mean_speed_kn": 16.11}, "geometry": {"type": "Polygon", "coordinates": [[[8.65, 41.75], [8.75, 41.75], [8.75, 41.85], [8.65, 41.85], [8.65, 41.75]]]}}, {"type": "Feature", "properties": {"habitat": "Pelagos Sanctuary", "hours_fast": 69.0, "hours_total": 157.0, "pct_fast": 7.64, "mean_speed_kn": 16.37}, "geometry": {"type": "Polygon", "coordinates": [[[9.35, 41.75], [9.45, 41.75], [9.45, 41.85], [9.35, 41.85], [9.35, 41.75]]]}}, {"type": "Feature", "properties": {"habitat": "Pelagos Sanctuary", "hours_fast": 54.0, "hours_total": 143.0, "pct_fast": 9.79, "mean_speed_kn": 16.07}, "geometry": {"type": "Polygon", "coordinates": [[[9.45, 41.75], [9.55, 41.75], [9.55, 41.85], [9.45, 41.85], [9.45, 41.75]]]}}, {"type": "Feature", "properties": {"habitat": "Pelagos Sanctuary", "hours_fast": 83.0, "hours_total": 222.0, "pct_fast": 7.21, "mean_speed_kn": 15.84}, "geometry": {"type": "Polygon", "coordinates": [[[9.55, 41.75], [9.65, 41.75], [9.65, 41.85], [9.55, 41.85], [9.55, 41.75]]]}}, {"type": "Feature", "properties": {"habitat": "Pelagos Sanctuary", "hours_fast": 465.0, "hours_total": 629.0, "pct_fast": 1.59, "mean_speed_kn": 18.16}, "geometry": {"type": "Polygon", "coordinates": [[[9.65, 41.75], [9.75, 41.75], [9.75, 41.85], [9.65, 41.85], [9.65, 41.75]]]}}, {"type": "Feature", "properties": {"habitat": "Pelagos Sanctuary", "hours_fast": 932.0, "hours_total": 1083.0, "pct_fast": 3.79, "mean_speed_kn": 19.24}, "geometry": {"type": "Polygon", "coordinates": [[[9.75, 41.75], [9.85, 41.75], [9.85, 41.85], [9.75, 41.85], [9.75, 41.75]]]}}, {"type": "Feature", "properties": {"habitat": "Pelagos Sanctuary", "hours_fast": 141.0, "hours_total": 235.0, "pct_fast": 5.11, "mean_speed_kn": 17.38}, "geometry": {"type": "Polygon", "coordinates": [[[9.85, 41.75], [9.95, 41.75], [9.95, 41.85], [9.85, 41.85], [9.85, 41.75]]]}}, {"type": "Feature", "properties": {"habitat": "Pelagos Sanctuary", "hours_fast": 43.0, "hours_total": 139.0, "pct_fast": 1.44, "mean_speed_kn": 14.93}, "geometry": {"type": "Polygon", "coordinates": [[[9.95, 41.75], [10.05, 41.75], [10.05, 41.85], [9.95, 41.85], [9.95, 41.75]]]}}, {"type": "Feature", "properties": {"habitat": "Pelagos Sanctuary", "hours_fast": 27.0, "hours_total": 199.0, "pct_fast": 0.0, "mean_speed_kn": 13.52}, "geometry": {"type": "Polygon", "coordinates": [[[10.05, 41.75], [10.15, 41.75], [10.15, 41.85], [10.05, 41.85], [10.05, 41.75]]]}}, {"type": "Feature", "properties": {"habitat": "Pelagos Sanctuary", "hours_fast": 41.0, "hours_total": 133.0, "pct_fast": 3.76, "mean_speed_kn": 15.09}, "geometry": {"type": "Polygon", "coordinates": [[[10.15, 41.75], [10.25, 41.75], [10.25, 41.85], [10.15, 41.85], [10.15, 41.75]]]}}, {"type": "Feature", "properties": {"habitat": "Pelagos Sanctuary", "hours_fast": 45.0, "hours_total": 72.0, "pct_fast": 2.78, "mean_speed_kn": 17.4}, "geometry": {"type": "Polygon", "coordinates": [[[10.25, 41.75], [10.35, 41.75], [10.35, 41.85], [10.25, 41.85], [10.25, 41.75]]]}}, {"type": "Feature", "properties": {"habitat": "Pelagos Sanctuary", "hours_fast": 173.0, "hours_total": 222.0, "pct_fast": 2.25, "mean_speed_kn": 18.51}, "geometry": {"type": "Polygon", "coordinates": [[[10.35, 41.75], [10.45, 41.75], [10.45, 41.85], [10.35, 41.85], [10.35, 41.75]]]}}, {"type": "Feature", "properties": {"habitat": "Pelagos Sanctuary", "hours_fast": 71.0, "hours_total": 141.0, "pct_fast": 0.0, "mean_speed_kn": 16.28}, "geometry": {"type": "Polygon", "coordinates": [[[10.45, 41.75], [10.55, 41.75], [10.55, 41.85], [10.45, 41.85], [10.45, 41.75]]]}}, {"type": "Feature", "properties": {"habitat": "Cetacean Migration Corridor", "hours_fast": 184.0, "hours_total": 537.0, "pct_fast": 0.0, "mean_speed_kn": 15.07}, "geometry": {"type": "Polygon", "coordinates": [[[3.65, 41.85], [3.75, 41.85], [3.75, 41.95], [3.65, 41.95], [3.65, 41.85]]]}}, {"type": "Feature", "properties": {"habitat": "Cetacean Migration Corridor", "hours_fast": 126.0, "hours_total": 486.0, "pct_fast": 0.0, "mean_speed_kn": 14.44}, "geometry": {"type": "Polygon", "coordinates": [[[3.75, 41.85], [3.85, 41.85], [3.85, 41.95], [3.75, 41.95], [3.75, 41.85]]]}}, {"type": "Feature", "properties": {"habitat": "Cetacean Migration Corridor", "hours_fast": 76.0, "hours_total": 296.0, "pct_fast": 0.0, "mean_speed_kn": 14.43}, "geometry": {"type": "Polygon", "coordinates": [[[3.85, 41.85], [3.95, 41.85], [3.95, 41.95], [3.85, 41.95], [3.85, 41.85]]]}}, {"type": "Feature", "properties": {"habitat": "Pelagos Sanctuary", "hours_fast": 43.0, "hours_total": 95.0, "pct_fast": 0.0, "mean_speed_kn": 15.89}, "geometry": {"type": "Polygon", "coordinates": [[[7.25, 41.85], [7.35, 41.85], [7.35, 41.95], [7.25, 41.95], [7.25, 41.85]]]}}, {"type": "Feature", "properties": {"habitat": "Pelagos Sanctuary", "hours_fast": 102.0, "hours_total": 182.0, "pct_fast": 0.0, "mean_speed_kn": 16.7}, "geometry": {"type": "Polygon", "coordinates": [[[7.35, 41.85], [7.45, 41.85], [7.45, 41.95], [7.35, 41.95], [7.35, 41.85]]]}}, {"type": "Feature", "properties": {"habitat": "Pelagos Sanctuary", "hours_fast": 120.0, "hours_total": 209.0, "pct_fast": 0.0, "mean_speed_kn": 16.81}, "geometry": {"type": "Polygon", "coordinates": [[[7.45, 41.85], [7.55, 41.85], [7.55, 41.95], [7.45, 41.95], [7.45, 41.85]]]}}, {"type": "Feature", "properties": {"habitat": "Pelagos Sanctuary", "hours_fast": 88.0, "hours_total": 165.0, "pct_fast": 0.0, "mean_speed_kn": 16.5}, "geometry": {"type": "Polygon", "coordinates": [[[7.55, 41.85], [7.65, 41.85], [7.65, 41.95], [7.55, 41.95], [7.55, 41.85]]]}}, {"type": "Feature", "properties": {"habitat": "Pelagos Sanctuary", "hours_fast": 43.0, "hours_total": 135.0, "pct_fast": 0.0, "mean_speed_kn": 14.89}, "geometry": {"type": "Polygon", "coordinates": [[[7.65, 41.85], [7.75, 41.85], [7.75, 41.95], [7.65, 41.95], [7.65, 41.85]]]}}, {"type": "Feature", "properties": {"habitat": "Pelagos Sanctuary", "hours_fast": 71.0, "hours_total": 163.0, "pct_fast": 0.0, "mean_speed_kn": 15.77}, "geometry": {"type": "Polygon", "coordinates": [[[7.75, 41.85], [7.85, 41.85], [7.85, 41.95], [7.75, 41.95], [7.75, 41.85]]]}}, {"type": "Feature", "properties": {"habitat": "Pelagos Sanctuary", "hours_fast": 86.0, "hours_total": 147.0, "pct_fast": 0.0, "mean_speed_kn": 16.89}, "geometry": {"type": "Polygon", "coordinates": [[[7.85, 41.85], [7.95, 41.85], [7.95, 41.95], [7.85, 41.95], [7.85, 41.85]]]}}, {"type": "Feature", "properties": {"habitat": "Pelagos Sanctuary", "hours_fast": 47.0, "hours_total": 100.0, "pct_fast": 0.0, "mean_speed_kn": 16.02}, "geometry": {"type": "Polygon", "coordinates": [[[7.95, 41.85], [8.05, 41.85], [8.05, 41.95], [7.95, 41.95], [7.95, 41.85]]]}}, {"type": "Feature", "properties": {"habitat": "Pelagos Sanctuary", "hours_fast": 72.0, "hours_total": 163.0, "pct_fast": 0.61, "mean_speed_kn": 15.86}, "geometry": {"type": "Polygon", "coordinates": [[[8.05, 41.85], [8.15, 41.85], [8.15, 41.95], [8.05, 41.95], [8.05, 41.85]]]}}, {"type": "Feature", "properties": {"habitat": "Pelagos Sanctuary", "hours_fast": 96.0, "hours_total": 217.0, "pct_fast": 0.0, "mean_speed_kn": 15.82}, "geometry": {"type": "Polygon", "coordinates": [[[8.15, 41.85], [8.25, 41.85], [8.25, 41.95], [8.15, 41.95], [8.15, 41.85]]]}}, {"type": "Feature", "properties": {"habitat": "Pelagos Sanctuary", "hours_fast": 274.0, "hours_total": 606.0, "pct_fast": 1.49, "mean_speed_kn": 16.0}, "geometry": {"type": "Polygon", "coordinates": [[[8.25, 41.85], [8.35, 41.85], [8.35, 41.95], [8.25, 41.95], [8.25, 41.85]]]}}, {"type": "Feature", "properties": {"habitat": "Pelagos Sanctuary", "hours_fast": 403.0, "hours_total": 765.0, "pct_fast": 1.44, "mean_speed_kn": 16.56}, "geometry": {"type": "Polygon", "coordinates": [[[8.35, 41.85], [8.45, 41.85], [8.45, 41.95], [8.35, 41.95], [8.35, 41.85]]]}}, {"type": "Feature", "properties": {"habitat": "Pelagos Sanctuary", "hours_fast": 174.0, "hours_total": 421.0, "pct_fast": 3.56, "mean_speed_kn": 15.87}, "geometry": {"type": "Polygon", "coordinates": [[[8.45, 41.85], [8.55, 41.85], [8.55, 41.95], [8.45, 41.95], [8.45, 41.85]]]}}, {"type": "Feature", "properties": {"habitat": "Pelagos Sanctuary", "hours_fast": 261.0, "hours_total": 584.0, "pct_fast": 6.16, "mean_speed_kn": 16.31}, "geometry": {"type": "Polygon", "coordinates": [[[8.55, 41.85], [8.65, 41.85], [8.65, 41.95], [8.55, 41.95], [8.55, 41.85]]]}}, {"type": "Feature", "properties": {"habitat": "Pelagos Sanctuary", "hours_fast": 422.0, "hours_total": 1451.0, "pct_fast": 1.93, "mean_speed_kn": 14.83}, "geometry": {"type": "Polygon", "coordinates": [[[8.65, 41.85], [8.75, 41.85], [8.75, 41.95], [8.65, 41.95], [8.65, 41.85]]]}}, {"type": "Feature", "properties": {"habitat": "Pelagos Sanctuary", "hours_fast": 136.0, "hours_total": 533.0, "pct_fast": 3.56, "mean_speed_kn": 14.68}, "geometry": {"type": "Polygon", "coordinates": [[[8.75, 41.85], [8.85, 41.85], [8.85, 41.95], [8.75, 41.95], [8.75, 41.85]]]}}, {"type": "Feature", "properties": {"habitat": "Pelagos Sanctuary", "hours_fast": 69.0, "hours_total": 158.0, "pct_fast": 12.03, "mean_speed_kn": 16.68}, "geometry": {"type": "Polygon", "coordinates": [[[9.45, 41.85], [9.55, 41.85], [9.55, 41.95], [9.45, 41.95], [9.45, 41.85]]]}}, {"type": "Feature", "properties": {"habitat": "Pelagos Sanctuary", "hours_fast": 68.0, "hours_total": 192.0, "pct_fast": 5.73, "mean_speed_kn": 15.59}, "geometry": {"type": "Polygon", "coordinates": [[[9.55, 41.85], [9.65, 41.85], [9.65, 41.95], [9.55, 41.95], [9.55, 41.85]]]}}, {"type": "Feature", "properties": {"habitat": "Pelagos Sanctuary", "hours_fast": 416.0, "hours_total": 598.0, "pct_fast": 1.67, "mean_speed_kn": 17.84}, "geometry": {"type": "Polygon", "coordinates": [[[9.65, 41.85], [9.75, 41.85], [9.75, 41.95], [9.65, 41.95], [9.65, 41.85]]]}}, {"type": "Feature", "properties": {"habitat": "Pelagos Sanctuary", "hours_fast": 798.0, "hours_total": 959.0, "pct_fast": 4.17, "mean_speed_kn": 19.05}, "geometry": {"type": "Polygon", "coordinates": [[[9.75, 41.85], [9.85, 41.85], [9.85, 41.95], [9.75, 41.95], [9.75, 41.85]]]}}, {"type": "Feature", "properties": {"habitat": "Pelagos Sanctuary", "hours_fast": 190.0, "hours_total": 279.0, "pct_fast": 1.79, "mean_speed_kn": 17.74}, "geometry": {"type": "Polygon", "coordinates": [[[9.85, 41.85], [9.95, 41.85], [9.95, 41.95], [9.85, 41.95], [9.85, 41.85]]]}}, {"type": "Feature", "properties": {"habitat": "Pelagos Sanctuary", "hours_fast": 40.0, "hours_total": 181.0, "pct_fast": 0.55, "mean_speed_kn": 14.2}, "geometry": {"type": "Polygon", "coordinates": [[[9.95, 41.85], [10.05, 41.85], [10.05, 41.95], [9.95, 41.95], [9.95, 41.85]]]}}, {"type": "Feature", "properties": {"habitat": "Pelagos Sanctuary", "hours_fast": 47.0, "hours_total": 226.0, "pct_fast": 0.44, "mean_speed_kn": 14.09}, "geometry": {"type": "Polygon", "coordinates": [[[10.05, 41.85], [10.15, 41.85], [10.15, 41.95], [10.05, 41.95], [10.05, 41.85]]]}}, {"type": "Feature", "properties": {"habitat": "Pelagos Sanctuary", "hours_fast": 68.0, "hours_total": 140.0, "pct_fast": 10.71, "mean_speed_kn": 16.95}, "geometry": {"type": "Polygon", "coordinates": [[[10.15, 41.85], [10.25, 41.85], [10.25, 41.95], [10.15, 41.95], [10.15, 41.85]]]}}, {"type": "Feature", "properties": {"habitat": "Pelagos Sanctuary", "hours_fast": 156.0, "hours_total": 208.0, "pct_fast": 2.88, "mean_speed_kn": 18.34}, "geometry": {"type": "Polygon", "coordinates": [[[10.25, 41.85], [10.35, 41.85], [10.35, 41.95], [10.25, 41.95], [10.25, 41.85]]]}}, {"type": "Feature", "properties": {"habitat": "Pelagos Sanctuary", "hours_fast": 73.0, "hours_total": 200.0, "pct_fast": 1.5, "mean_speed_kn": 15.35}, "geometry": {"type": "Polygon", "coordinates": [[[10.35, 41.85], [10.45, 41.85], [10.45, 41.95], [10.35, 41.95], [10.35, 41.85]]]}}, {"type": "Feature", "properties": {"habitat": "Pelagos Sanctuary", "hours_fast": 72.0, "hours_total": 356.0, "pct_fast": 0.28, "mean_speed_kn": 14.04}, "geometry": {"type": "Polygon", "coordinates": [[[10.45, 41.85], [10.55, 41.85], [10.55, 41.95], [10.45, 41.95], [10.45, 41.85]]]}}, {"type": "Feature", "properties": {"habitat": "Pelagos Sanctuary", "hours_fast": 109.0, "hours_total": 474.0, "pct_fast": 0.63, "mean_speed_kn": 14.27}, "geometry": {"type": "Polygon", "coordinates": [[[10.55, 41.85], [10.65, 41.85], [10.65, 41.95], [10.55, 41.95], [10.55, 41.85]]]}}, {"type": "Feature", "properties": {"habitat": "Pelagos Sanctuary", "hours_fast": 85.0, "hours_total": 352.0, "pct_fast": 0.0, "mean_speed_kn": 14.31}, "geometry": {"type": "Polygon", "coordinates": [[[10.65, 41.85], [10.75, 41.85], [10.75, 41.95], [10.65, 41.95], [10.65, 41.85]]]}}, {"type": "Feature", "properties": {"habitat": "Cetacean Migration Corridor", "hours_fast": 166.0, "hours_total": 344.0, "pct_fast": 0.0, "mean_speed_kn": 16.12}, "geometry": {"type": "Polygon", "coordinates": [[[3.65, 41.95], [3.75, 41.95], [3.75, 42.05], [3.65, 42.05], [3.65, 41.95]]]}}, {"type": "Feature", "properties": {"habitat": "Cetacean Migration Corridor", "hours_fast": 189.0, "hours_total": 510.0, "pct_fast": 0.0, "mean_speed_kn": 15.28}, "geometry": {"type": "Polygon", "coordinates": [[[3.75, 41.95], [3.85, 41.95], [3.85, 42.05], [3.75, 42.05], [3.75, 41.95]]]}}, {"type": "Feature", "properties": {"habitat": "Pelagos Sanctuary", "hours_fast": 80.0, "hours_total": 114.0, "pct_fast": 0.0, "mean_speed_kn": 17.76}, "geometry": {"type": "Polygon", "coordinates": [[[7.15, 41.95], [7.25, 41.95], [7.25, 42.05], [7.15, 42.05], [7.15, 41.95]]]}}, {"type": "Feature", "properties": {"habitat": "Pelagos Sanctuary", "hours_fast": 150.0, "hours_total": 232.0, "pct_fast": 0.43, "mean_speed_kn": 17.38}, "geometry": {"type": "Polygon", "coordinates": [[[7.25, 41.95], [7.35, 41.95], [7.35, 42.05], [7.25, 42.05], [7.25, 41.95]]]}}, {"type": "Feature", "properties": {"habitat": "Pelagos Sanctuary", "hours_fast": 86.0, "hours_total": 171.0, "pct_fast": 0.0, "mean_speed_kn": 16.27}, "geometry": {"type": "Polygon", "coordinates": [[[7.35, 41.95], [7.45, 41.95], [7.45, 42.05], [7.35, 42.05], [7.35, 41.95]]]}}, {"type": "Feature", "properties": {"habitat": "Pelagos Sanctuary", "hours_fast": 47.0, "hours_total": 177.0, "pct_fast": 0.0, "mean_speed_kn": 14.49}, "geometry": {"type": "Polygon", "coordinates": [[[7.45, 41.95], [7.55, 41.95], [7.55, 42.05], [7.45, 42.05], [7.45, 41.95]]]}}, {"type": "Feature", "properties": {"habitat": "Pelagos Sanctuary", "hours_fast": 80.0, "hours_total": 200.0, "pct_fast": 0.0, "mean_speed_kn": 15.5}, "geometry": {"type": "Polygon", "coordinates": [[[7.55, 41.95], [7.65, 41.95], [7.65, 42.05], [7.55, 42.05], [7.55, 41.95]]]}}, {"type": "Feature", "properties": {"habitat": "Pelagos Sanctuary", "hours_fast": 90.0, "hours_total": 169.0, "pct_fast": 0.59, "mean_speed_kn": 16.54}, "geometry": {"type": "Polygon", "coordinates": [[[7.65, 41.95], [7.75, 41.95], [7.75, 42.05], [7.65, 42.05], [7.65, 41.95]]]}}, {"type": "Feature", "properties": {"habitat": "Pelagos Sanctuary", "hours_fast": 52.0, "hours_total": 106.0, "pct_fast": 0.94, "mean_speed_kn": 16.25}, "geometry": {"type": "Polygon", "coordinates": [[[7.75, 41.95], [7.85, 41.95], [7.85, 42.05], [7.75, 42.05], [7.75, 41.95]]]}}, {"type": "Feature", "properties": {"habitat": "Pelagos Sanctuary", "hours_fast": 80.0, "hours_total": 166.0, "pct_fast": 0.0, "mean_speed_kn": 16.11}, "geometry": {"type": "Polygon", "coordinates": [[[7.85, 41.95], [7.95, 41.95], [7.95, 42.05], [7.85, 42.05], [7.85, 41.95]]]}}, {"type": "Feature", "properties": {"habitat": "Pelagos Sanctuary", "hours_fast": 139.0, "hours_total": 253.0, "pct_fast": 0.4, "mean_speed_kn": 16.65}, "geometry": {"type": "Polygon", "coordinates": [[[7.95, 41.95], [8.05, 41.95], [8.05, 42.05], [7.95, 42.05], [7.95, 41.95]]]}}, {"type": "Feature", "properties": {"habitat": "Pelagos Sanctuary", "hours_fast": 215.0, "hours_total": 464.0, "pct_fast": 1.29, "mean_speed_kn": 16.07}, "geometry": {"type": "Polygon", "coordinates": [[[8.05, 41.95], [8.15, 41.95], [8.15, 42.05], [8.05, 42.05], [8.05, 41.95]]]}}, {"type": "Feature", "properties": {"habitat": "Pelagos Sanctuary", "hours_fast": 205.0, "hours_total": 504.0, "pct_fast": 1.19, "mean_speed_kn": 15.64}, "geometry": {"type": "Polygon", "coordinates": [[[8.15, 41.95], [8.25, 41.95], [8.25, 42.05], [8.15, 42.05], [8.15, 41.95]]]}}, {"type": "Feature", "properties": {"habitat": "Pelagos Sanctuary", "hours_fast": 58.0, "hours_total": 224.0, "pct_fast": 2.23, "mean_speed_kn": 14.61}, "geometry": {"type": "Polygon", "coordinates": [[[8.25, 41.95], [8.35, 41.95], [8.35, 42.05], [8.25, 42.05], [8.25, 41.95]]]}}, {"type": "Feature", "properties": {"habitat": "Pelagos Sanctuary", "hours_fast": 264.0, "hours_total": 450.0, "pct_fast": 2.89, "mean_speed_kn": 17.12}, "geometry": {"type": "Polygon", "coordinates": [[[8.35, 41.95], [8.45, 41.95], [8.45, 42.05], [8.35, 42.05], [8.35, 41.95]]]}}, {"type": "Feature", "properties": {"habitat": "Pelagos Sanctuary", "hours_fast": 108.0, "hours_total": 232.0, "pct_fast": 4.74, "mean_speed_kn": 16.35}, "geometry": {"type": "Polygon", "coordinates": [[[8.45, 41.95], [8.55, 41.95], [8.55, 42.05], [8.45, 42.05], [8.45, 41.95]]]}}, {"type": "Feature", "properties": {"habitat": "Pelagos Sanctuary", "hours_fast": 163.0, "hours_total": 282.0, "pct_fast": 12.77, "mean_speed_kn": 17.79}, "geometry": {"type": "Polygon", "coordinates": [[[8.55, 41.95], [8.65, 41.95], [8.65, 42.05], [8.55, 42.05], [8.55, 41.95]]]}}, {"type": "Feature", "properties": {"habitat": "Pelagos Sanctuary", "hours_fast": 65.0, "hours_total": 129.0, "pct_fast": 15.5, "mean_speed_kn": 17.44}, "geometry": {"type": "Polygon", "coordinates": [[[9.45, 41.95], [9.55, 41.95], [9.55, 42.05], [9.45, 42.05], [9.45, 41.95]]]}}, {"type": "Feature", "properties": {"habitat": "Pelagos Sanctuary", "hours_fast": 65.0, "hours_total": 208.0, "pct_fast": 8.17, "mean_speed_kn": 15.46}, "geometry": {"type": "Polygon", "coordinates": [[[9.55, 41.95], [9.65, 41.95], [9.65, 42.05], [9.55, 42.05], [9.55, 41.95]]]}}, {"type": "Feature", "properties": {"habitat": "Pelagos Sanctuary", "hours_fast": 456.0, "hours_total": 680.0, "pct_fast": 0.59, "mean_speed_kn": 17.57}, "geometry": {"type": "Polygon", "coordinates": [[[9.65, 41.95], [9.75, 41.95], [9.75, 42.05], [9.65, 42.05], [9.65, 41.95]]]}}, {"type": "Feature", "properties": {"habitat": "Pelagos Sanctuary", "hours_fast": 539.0, "hours_total": 718.0, "pct_fast": 3.76, "mean_speed_kn": 18.41}, "geometry": {"type": "Polygon", "coordinates": [[[9.75, 41.95], [9.85, 41.95], [9.85, 42.05], [9.75, 42.05], [9.75, 41.95]]]}}, {"type": "Feature", "properties": {"habitat": "Pelagos Sanctuary", "hours_fast": 441.0, "hours_total": 559.0, "pct_fast": 1.61, "mean_speed_kn": 18.54}, "geometry": {"type": "Polygon", "coordinates": [[[9.85, 41.95], [9.95, 41.95], [9.95, 42.05], [9.85, 42.05], [9.85, 41.95]]]}}, {"type": "Feature", "properties": {"habitat": "Pelagos Sanctuary", "hours_fast": 52.0, "hours_total": 253.0, "pct_fast": 0.0, "mean_speed_kn": 14.04}, "geometry": {"type": "Polygon", "coordinates": [[[9.95, 41.95], [10.05, 41.95], [10.05, 42.05], [9.95, 42.05], [9.95, 41.95]]]}}, {"type": "Feature", "properties": {"habitat": "Pelagos Sanctuary", "hours_fast": 64.0, "hours_total": 234.0, "pct_fast": 0.0, "mean_speed_kn": 14.55}, "geometry": {"type": "Polygon", "coordinates": [[[10.05, 41.95], [10.15, 41.95], [10.15, 42.05], [10.05, 42.05], [10.05, 41.95]]]}}, {"type": "Feature", "properties": {"habitat": "Pelagos Sanctuary", "hours_fast": 156.0, "hours_total": 250.0, "pct_fast": 2.4, "mean_speed_kn": 17.36}, "geometry": {"type": "Polygon", "coordinates": [[[10.15, 41.95], [10.25, 41.95], [10.25, 42.05], [10.15, 42.05], [10.15, 41.95]]]}}, {"type": "Feature", "properties": {"habitat": "Pelagos Sanctuary", "hours_fast": 125.0, "hours_total": 299.0, "pct_fast": 2.34, "mean_speed_kn": 15.81}, "geometry": {"type": "Polygon", "coordinates": [[[10.25, 41.95], [10.35, 41.95], [10.35, 42.05], [10.25, 42.05], [10.25, 41.95]]]}}, {"type": "Feature", "properties": {"habitat": "Pelagos Sanctuary", "hours_fast": 104.0, "hours_total": 480.0, "pct_fast": 0.42, "mean_speed_kn": 14.16}, "geometry": {"type": "Polygon", "coordinates": [[[10.35, 41.95], [10.45, 41.95], [10.45, 42.05], [10.35, 42.05], [10.35, 41.95]]]}}, {"type": "Feature", "properties": {"habitat": "Pelagos Sanctuary", "hours_fast": 95.0, "hours_total": 433.0, "pct_fast": 0.23, "mean_speed_kn": 14.16}, "geometry": {"type": "Polygon", "coordinates": [[[10.45, 41.95], [10.55, 41.95], [10.55, 42.05], [10.45, 42.05], [10.45, 41.95]]]}}, {"type": "Feature", "properties": {"habitat": "Pelagos Sanctuary", "hours_fast": 37.0, "hours_total": 189.0, "pct_fast": 0.53, "mean_speed_kn": 14.01}, "geometry": {"type": "Polygon", "coordinates": [[[10.55, 41.95], [10.65, 41.95], [10.65, 42.05], [10.55, 42.05], [10.55, 41.95]]]}}, {"type": "Feature", "properties": {"habitat": "Pelagos Sanctuary", "hours_fast": 45.0, "hours_total": 126.0, "pct_fast": 0.0, "mean_speed_kn": 15.18}, "geometry": {"type": "Polygon", "coordinates": [[[10.65, 41.95], [10.75, 41.95], [10.75, 42.05], [10.65, 42.05], [10.65, 41.95]]]}}, {"type": "Feature", "properties": {"habitat": "Pelagos Sanctuary", "hours_fast": 21.0, "hours_total": 52.0, "pct_fast": 3.85, "mean_speed_kn": 15.82}, "geometry": {"type": "Polygon", "coordinates": [[[10.75, 41.95], [10.85, 41.95], [10.85, 42.05], [10.75, 42.05], [10.75, 41.95]]]}}, {"type": "Feature", "properties": {"habitat": "Pelagos Sanctuary", "hours_fast": 36.0, "hours_total": 90.0, "pct_fast": 1.11, "mean_speed_kn": 15.58}, "geometry": {"type": "Polygon", "coordinates": [[[10.85, 41.95], [10.95, 41.95], [10.95, 42.05], [10.85, 42.05], [10.85, 41.95]]]}}, {"type": "Feature", "properties": {"habitat": "Cetacean Migration Corridor", "hours_fast": 120.0, "hours_total": 290.0, "pct_fast": 0.0, "mean_speed_kn": 15.6}, "geometry": {"type": "Polygon", "coordinates": [[[3.65, 42.05], [3.75, 42.05], [3.75, 42.15], [3.65, 42.15], [3.65, 42.05]]]}}, {"type": "Feature", "properties": {"habitat": "Cetacean Migration Corridor", "hours_fast": 84.0, "hours_total": 246.0, "pct_fast": 0.0, "mean_speed_kn": 15.06}, "geometry": {"type": "Polygon", "coordinates": [[[3.75, 42.05], [3.85, 42.05], [3.85, 42.15], [3.75, 42.15], [3.75, 42.05]]]}}, {"type": "Feature", "properties": {"habitat": "Pelagos Sanctuary", "hours_fast": 65.0, "hours_total": 156.0, "pct_fast": 0.0, "mean_speed_kn": 15.62}, "geometry": {"type": "Polygon", "coordinates": [[[7.05, 42.05], [7.15, 42.05], [7.15, 42.15], [7.05, 42.15], [7.05, 42.05]]]}}, {"type": "Feature", "properties": {"habitat": "Pelagos Sanctuary", "hours_fast": 63.0, "hours_total": 140.0, "pct_fast": 0.0, "mean_speed_kn": 15.88}, "geometry": {"type": "Polygon", "coordinates": [[[7.15, 42.05], [7.25, 42.05], [7.25, 42.15], [7.15, 42.15], [7.15, 42.05]]]}}, {"type": "Feature", "properties": {"habitat": "Pelagos Sanctuary", "hours_fast": 38.0, "hours_total": 130.0, "pct_fast": 0.0, "mean_speed_kn": 14.69}, "geometry": {"type": "Polygon", "coordinates": [[[7.25, 42.05], [7.35, 42.05], [7.35, 42.15], [7.25, 42.15], [7.25, 42.05]]]}}, {"type": "Feature", "properties": {"habitat": "Pelagos Sanctuary", "hours_fast": 90.0, "hours_total": 188.0, "pct_fast": 0.0, "mean_speed_kn": 16.09}, "geometry": {"type": "Polygon", "coordinates": [[[7.35, 42.05], [7.45, 42.05], [7.45, 42.15], [7.35, 42.15], [7.35, 42.05]]]}}, {"type": "Feature", "properties": {"habitat": "Pelagos Sanctuary", "hours_fast": 105.0, "hours_total": 191.0, "pct_fast": 0.0, "mean_speed_kn": 16.62}, "geometry": {"type": "Polygon", "coordinates": [[[7.45, 42.05], [7.55, 42.05], [7.55, 42.15], [7.45, 42.15], [7.45, 42.05]]]}}, {"type": "Feature", "properties": {"habitat": "Pelagos Sanctuary", "hours_fast": 85.0, "hours_total": 198.0, "pct_fast": 0.0, "mean_speed_kn": 15.72}, "geometry": {"type": "Polygon", "coordinates": [[[7.55, 42.05], [7.65, 42.05], [7.65, 42.15], [7.55, 42.15], [7.55, 42.05]]]}}, {"type": "Feature", "properties": {"habitat": "Pelagos Sanctuary", "hours_fast": 75.0, "hours_total": 209.0, "pct_fast": 0.0, "mean_speed_kn": 15.19}, "geometry": {"type": "Polygon", "coordinates": [[[7.65, 42.05], [7.75, 42.05], [7.75, 42.15], [7.65, 42.15], [7.65, 42.05]]]}}, {"type": "Feature", "properties": {"habitat": "Pelagos Sanctuary", "hours_fast": 145.0, "hours_total": 312.0, "pct_fast": 0.64, "mean_speed_kn": 16.03}, "geometry": {"type": "Polygon", "coordinates": [[[7.75, 42.05], [7.85, 42.05], [7.85, 42.15], [7.75, 42.15], [7.75, 42.05]]]}}, {"type": "Feature", "properties": {"habitat": "Pelagos Sanctuary", "hours_fast": 221.0, "hours_total": 472.0, "pct_fast": 0.64, "mean_speed_kn": 16.06}, "geometry": {"type": "Polygon", "coordinates": [[[7.85, 42.05], [7.95, 42.05], [7.95, 42.15], [7.85, 42.15], [7.85, 42.05]]]}}, {"type": "Feature", "properties": {"habitat": "Pelagos Sanctuary", "hours_fast": 143.0, "hours_total": 376.0, "pct_fast": 2.13, "mean_speed_kn": 15.51}, "geometry": {"type": "Polygon", "coordinates": [[[7.95, 42.05], [8.05, 42.05], [8.05, 42.15], [7.95, 42.15], [7.95, 42.05]]]}}, {"type": "Feature", "properties": {"habitat": "Pelagos Sanctuary", "hours_fast": 35.0, "hours_total": 138.0, "pct_fast": 5.07, "mean_speed_kn": 14.78}, "geometry": {"type": "Polygon", "coordinates": [[[8.05, 42.05], [8.15, 42.05], [8.15, 42.15], [8.05, 42.15], [8.05, 42.05]]]}}, {"type": "Feature", "properties": {"habitat": "Pelagos Sanctuary", "hours_fast": 26.0, "hours_total": 114.0, "pct_fast": 1.75, "mean_speed_kn": 14.34}, "geometry": {"type": "Polygon", "coordinates": [[[8.15, 42.05], [8.25, 42.05], [8.25, 42.15], [8.15, 42.15], [8.15, 42.05]]]}}, {"type": "Feature", "properties": {"habitat": "Pelagos Sanctuary", "hours_fast": 56.0, "hours_total": 220.0, "pct_fast": 4.09, "mean_speed_kn": 14.72}, "geometry": {"type": "Polygon", "coordinates": [[[8.25, 42.05], [8.35, 42.05], [8.35, 42.15], [8.25, 42.15], [8.25, 42.05]]]}}, {"type": "Feature", "properties": {"habitat": "Pelagos Sanctuary", "hours_fast": 215.0, "hours_total": 321.0, "pct_fast": 1.56, "mean_speed_kn": 17.64}, "geometry": {"type": "Polygon", "coordinates": [[[8.35, 42.05], [8.45, 42.05], [8.45, 42.15], [8.35, 42.15], [8.35, 42.05]]]}}, {"type": "Feature", "properties": {"habitat": "Pelagos Sanctuary", "hours_fast": 118.0, "hours_total": 256.0, "pct_fast": 4.3, "mean_speed_kn": 16.28}, "geometry": {"type": "Polygon", "coordinates": [[[8.45, 42.05], [8.55, 42.05], [8.55, 42.15], [8.45, 42.15], [8.45, 42.05]]]}}, {"type": "Feature", "properties": {"habitat": "Pelagos Sanctuary", "hours_fast": 124.0, "hours_total": 224.0, "pct_fast": 8.93, "mean_speed_kn": 17.32}, "geometry": {"type": "Polygon", "coordinates": [[[8.55, 42.05], [8.65, 42.05], [8.65, 42.15], [8.55, 42.15], [8.55, 42.05]]]}}, {"type": "Feature", "properties": {"habitat": "Pelagos Sanctuary", "hours_fast": 22.0, "hours_total": 39.0, "pct_fast": 10.26, "mean_speed_kn": 17.5}, "geometry": {"type": "Polygon", "coordinates": [[[8.65, 42.05], [8.75, 42.05], [8.75, 42.15], [8.65, 42.15], [8.65, 42.05]]]}}, {"type": "Feature", "properties": {"habitat": "Pelagos Sanctuary", "hours_fast": 109.0, "hours_total": 254.0, "pct_fast": 11.81, "mean_speed_kn": 16.6}, "geometry": {"type": "Polygon", "coordinates": [[[9.55, 42.05], [9.65, 42.05], [9.65, 42.15], [9.55, 42.15], [9.55, 42.05]]]}}, {"type": "Feature", "properties": {"habitat": "Pelagos Sanctuary", "hours_fast": 450.0, "hours_total": 703.0, "pct_fast": 0.57, "mean_speed_kn": 17.34}, "geometry": {"type": "Polygon", "coordinates": [[[9.65, 42.05], [9.75, 42.05], [9.75, 42.15], [9.65, 42.15], [9.65, 42.05]]]}}, {"type": "Feature", "properties": {"habitat": "Pelagos Sanctuary", "hours_fast": 416.0, "hours_total": 604.0, "pct_fast": 3.31, "mean_speed_kn": 17.91}, "geometry": {"type": "Polygon", "coordinates": [[[9.75, 42.05], [9.85, 42.05], [9.85, 42.15], [9.75, 42.15], [9.75, 42.05]]]}}, {"type": "Feature", "properties": {"habitat": "Pelagos Sanctuary", "hours_fast": 637.0, "hours_total": 821.0, "pct_fast": 3.41, "mean_speed_kn": 18.57}, "geometry": {"type": "Polygon", "coordinates": [[[9.85, 42.05], [9.95, 42.05], [9.95, 42.15], [9.85, 42.15], [9.85, 42.05]]]}}, {"type": "Feature", "properties": {"habitat": "Pelagos Sanctuary", "hours_fast": 75.0, "hours_total": 308.0, "pct_fast": 0.65, "mean_speed_kn": 14.38}, "geometry": {"type": "Polygon", "coordinates": [[[9.95, 42.05], [10.05, 42.05], [10.05, 42.15], [9.95, 42.15], [9.95, 42.05]]]}}, {"type": "Feature", "properties": {"habitat": "Pelagos Sanctuary", "hours_fast": 171.0, "hours_total": 375.0, "pct_fast": 1.07, "mean_speed_kn": 16.0}, "geometry": {"type": "Polygon", "coordinates": [[[10.05, 42.05], [10.15, 42.05], [10.15, 42.15], [10.05, 42.15], [10.05, 42.05]]]}}, {"type": "Feature", "properties": {"habitat": "Pelagos Sanctuary", "hours_fast": 206.0, "hours_total": 520.0, "pct_fast": 0.96, "mean_speed_kn": 15.54}, "geometry": {"type": "Polygon", "coordinates": [[[10.15, 42.05], [10.25, 42.05], [10.25, 42.15], [10.15, 42.15], [10.15, 42.05]]]}}, {"type": "Feature", "properties": {"habitat": "Pelagos Sanctuary", "hours_fast": 139.0, "hours_total": 573.0, "pct_fast": 0.87, "mean_speed_kn": 14.38}, "geometry": {"type": "Polygon", "coordinates": [[[10.25, 42.05], [10.35, 42.05], [10.35, 42.15], [10.25, 42.15], [10.25, 42.05]]]}}, {"type": "Feature", "properties": {"habitat": "Pelagos Sanctuary", "hours_fast": 56.0, "hours_total": 303.0, "pct_fast": 0.0, "mean_speed_kn": 13.89}, "geometry": {"type": "Polygon", "coordinates": [[[10.35, 42.05], [10.45, 42.05], [10.45, 42.15], [10.35, 42.15], [10.35, 42.05]]]}}, {"type": "Feature", "properties": {"habitat": "Pelagos Sanctuary", "hours_fast": 25.0, "hours_total": 137.0, "pct_fast": 0.73, "mean_speed_kn": 13.92}, "geometry": {"type": "Polygon", "coordinates": [[[10.45, 42.05], [10.55, 42.05], [10.55, 42.15], [10.45, 42.15], [10.45, 42.05]]]}}, {"type": "Feature", "properties": {"habitat": "Pelagos Sanctuary", "hours_fast": 52.0, "hours_total": 103.0, "pct_fast": 1.94, "mean_speed_kn": 16.43}, "geometry": {"type": "Polygon", "coordinates": [[[10.55, 42.05], [10.65, 42.05], [10.65, 42.15], [10.55, 42.15], [10.55, 42.05]]]}}, {"type": "Feature", "properties": {"habitat": "Pelagos Sanctuary", "hours_fast": 51.0, "hours_total": 120.0, "pct_fast": 0.83, "mean_speed_kn": 15.75}, "geometry": {"type": "Polygon", "coordinates": [[[10.65, 42.05], [10.75, 42.05], [10.75, 42.15], [10.65, 42.15], [10.65, 42.05]]]}}, {"type": "Feature", "properties": {"habitat": "Pelagos Sanctuary", "hours_fast": 43.0, "hours_total": 173.0, "pct_fast": 1.16, "mean_speed_kn": 14.45}, "geometry": {"type": "Polygon", "coordinates": [[[10.75, 42.05], [10.85, 42.05], [10.85, 42.15], [10.75, 42.15], [10.75, 42.05]]]}}, {"type": "Feature", "properties": {"habitat": "Pelagos Sanctuary", "hours_fast": 138.0, "hours_total": 348.0, "pct_fast": 0.57, "mean_speed_kn": 15.52}, "geometry": {"type": "Polygon", "coordinates": [[[10.85, 42.05], [10.95, 42.05], [10.95, 42.15], [10.85, 42.15], [10.85, 42.05]]]}}, {"type": "Feature", "properties": {"habitat": "Pelagos Sanctuary", "hours_fast": 143.0, "hours_total": 341.0, "pct_fast": 0.0, "mean_speed_kn": 15.65}, "geometry": {"type": "Polygon", "coordinates": [[[10.95, 42.05], [11.05, 42.05], [11.05, 42.15], [10.95, 42.15], [10.95, 42.05]]]}}, {"type": "Feature", "properties": {"habitat": "Cetacean Migration Corridor", "hours_fast": 39.0, "hours_total": 113.0, "pct_fast": 0.0, "mean_speed_kn": 15.09}, "geometry": {"type": "Polygon", "coordinates": [[[3.65, 42.15], [3.75, 42.15], [3.75, 42.25], [3.65, 42.25], [3.65, 42.15]]]}}, {"type": "Feature", "properties": {"habitat": "Pelagos Sanctuary", "hours_fast": 45.0, "hours_total": 152.0, "pct_fast": 0.0, "mean_speed_kn": 14.72}, "geometry": {"type": "Polygon", "coordinates": [[[6.95, 42.15], [7.05, 42.15], [7.05, 42.25], [6.95, 42.25], [6.95, 42.15]]]}}, {"type": "Feature", "properties": {"habitat": "Pelagos Sanctuary", "hours_fast": 61.0, "hours_total": 157.0, "pct_fast": 0.0, "mean_speed_kn": 15.41}, "geometry": {"type": "Polygon", "coordinates": [[[7.05, 42.15], [7.15, 42.15], [7.15, 42.25], [7.05, 42.25], [7.05, 42.15]]]}}, {"type": "Feature", "properties": {"habitat": "Pelagos Sanctuary", "hours_fast": 82.0, "hours_total": 193.0, "pct_fast": 0.0, "mean_speed_kn": 15.69}, "geometry": {"type": "Polygon", "coordinates": [[[7.15, 42.15], [7.25, 42.15], [7.25, 42.25], [7.15, 42.25], [7.15, 42.15]]]}}, {"type": "Feature", "properties": {"habitat": "Pelagos Sanctuary", "hours_fast": 90.0, "hours_total": 179.0, "pct_fast": 1.12, "mean_speed_kn": 16.35}, "geometry": {"type": "Polygon", "coordinates": [[[7.25, 42.15], [7.35, 42.15], [7.35, 42.25], [7.25, 42.25], [7.25, 42.15]]]}}, {"type": "Feature", "properties": {"habitat": "Pelagos Sanctuary", "hours_fast": 81.0, "hours_total": 164.0, "pct_fast": 0.0, "mean_speed_kn": 16.2}, "geometry": {"type": "Polygon", "coordinates": [[[7.35, 42.15], [7.45, 42.15], [7.45, 42.25], [7.35, 42.25], [7.35, 42.15]]]}}, {"type": "Feature", "properties": {"habitat": "Pelagos Sanctuary", "hours_fast": 118.0, "hours_total": 246.0, "pct_fast": 0.0, "mean_speed_kn": 16.1}, "geometry": {"type": "Polygon", "coordinates": [[[7.45, 42.15], [7.55, 42.15], [7.55, 42.25], [7.45, 42.25], [7.45, 42.15]]]}}, {"type": "Feature", "properties": {"habitat": "Pelagos Sanctuary", "hours_fast": 179.0, "hours_total": 390.0, "pct_fast": 0.0, "mean_speed_kn": 15.94}, "geometry": {"type": "Polygon", "coordinates": [[[7.55, 42.15], [7.65, 42.15], [7.65, 42.25], [7.55, 42.25], [7.55, 42.15]]]}}, {"type": "Feature", "properties": {"habitat": "Pelagos Sanctuary", "hours_fast": 210.0, "hours_total": 455.0, "pct_fast": 0.66, "mean_speed_kn": 16.01}, "geometry": {"type": "Polygon", "coordinates": [[[7.65, 42.15], [7.75, 42.15], [7.75, 42.25], [7.65, 42.25], [7.65, 42.15]]]}}, {"type": "Feature", "properties": {"habitat": "Pelagos Sanctuary", "hours_fast": 125.0, "hours_total": 316.0, "pct_fast": 0.95, "mean_speed_kn": 15.54}, "geometry": {"type": "Polygon", "coordinates": [[[7.75, 42.15], [7.85, 42.15], [7.85, 42.25], [7.75, 42.25], [7.75, 42.15]]]}}, {"type": "Feature", "properties": {"habitat": "Pelagos Sanctuary", "hours_fast": 25.0, "hours_total": 128.0, "pct_fast": 2.34, "mean_speed_kn": 14.14}, "geometry": {"type": "Polygon", "coordinates": [[[7.85, 42.15], [7.95, 42.15], [7.95, 42.25], [7.85, 42.25], [7.85, 42.15]]]}}, {"type": "Feature", "properties": {"habitat": "Pelagos Sanctuary", "hours_fast": 34.0, "hours_total": 134.0, "pct_fast": 3.73, "mean_speed_kn": 14.68}, "geometry": {"type": "Polygon", "coordinates": [[[7.95, 42.15], [8.05, 42.15], [8.05, 42.25], [7.95, 42.25], [7.95, 42.15]]]}}, {"type": "Feature", "properties": {"habitat": "Pelagos Sanctuary", "hours_fast": 34.0, "hours_total": 137.0, "pct_fast": 2.19, "mean_speed_kn": 14.53}, "geometry": {"type": "Polygon", "coordinates": [[[8.05, 42.15], [8.15, 42.15], [8.15, 42.25], [8.05, 42.25], [8.05, 42.15]]]}}, {"type": "Feature", "properties": {"habitat": "Pelagos Sanctuary", "hours_fast": 34.0, "hours_total": 155.0, "pct_fast": 3.23, "mean_speed_kn": 14.39}, "geometry": {"type": "Polygon", "coordinates": [[[8.15, 42.15], [8.25, 42.15], [8.25, 42.25], [8.15, 42.25], [8.15, 42.15]]]}}, {"type": "Feature", "properties": {"habitat": "Pelagos Sanctuary", "hours_fast": 64.0, "hours_total": 173.0, "pct_fast": 5.2, "mean_speed_kn": 15.66}, "geometry": {"type": "Polygon", "coordinates": [[[8.25, 42.15], [8.35, 42.15], [8.35, 42.25], [8.25, 42.25], [8.25, 42.15]]]}}, {"type": "Feature", "properties": {"habitat": "Pelagos Sanctuary", "hours_fast": 227.0, "hours_total": 313.0, "pct_fast": 0.32, "mean_speed_kn": 17.96}, "geometry": {"type": "Polygon", "coordinates": [[[8.35, 42.15], [8.45, 42.15], [8.45, 42.25], [8.35, 42.25], [8.35, 42.15]]]}}, {"type": "Feature", "properties": {"habitat": "Pelagos Sanctuary", "hours_fast": 215.0, "hours_total": 427.0, "pct_fast": 5.62, "mean_speed_kn": 16.7}, "geometry": {"type": "Polygon", "coordinates": [[[8.45, 42.15], [8.55, 42.15], [8.55, 42.25], [8.45, 42.25], [8.45, 42.15]]]}}, {"type": "Feature", "properties": {"habitat": "Pelagos Sanctuary", "hours_fast": 94.0, "hours_total": 207.0, "pct_fast": 14.49, "mean_speed_kn": 16.99}, "geometry": {"type": "Polygon", "coordinates": [[[9.55, 42.15], [9.65, 42.15], [9.65, 42.25], [9.55, 42.25], [9.55, 42.15]]]}}, {"type": "Feature", "properties": {"habitat": "Pelagos Sanctuary", "hours_fast": 401.0, "hours_total": 655.0, "pct_fast": 1.53, "mean_speed_kn": 17.21}, "geometry": {"type": "Polygon", "coordinates": [[[9.65, 42.15], [9.75, 42.15], [9.75, 42.25], [9.65, 42.25], [9.65, 42.15]]]}}, {"type": "Feature", "properties": {"habitat": "Pelagos Sanctuary", "hours_fast": 344.0, "hours_total": 528.0, "pct_fast": 5.3, "mean_speed_kn": 17.78}, "geometry": {"type": "Polygon", "coordinates": [[[9.75, 42.15], [9.85, 42.15], [9.85, 42.25], [9.75, 42.25], [9.75, 42.15]]]}}, {"type": "Feature", "properties": {"habitat": "Pelagos Sanctuary", "hours_fast": 710.0, "hours_total": 1012.0, "pct_fast": 2.17, "mean_speed_kn": 17.92}, "geometry": {"type": "Polygon", "coordinates": [[[9.85, 42.15], [9.95, 42.15], [9.95, 42.25], [9.85, 42.25], [9.85, 42.15]]]}}, {"type": "Feature", "properties": {"habitat": "Pelagos Sanctuary", "hours_fast": 210.0, "hours_total": 631.0, "pct_fast": 0.63, "mean_speed_kn": 15.04}, "geometry": {"type": "Polygon", "coordinates": [[[9.95, 42.15], [10.05, 42.15], [10.05, 42.25], [9.95, 42.25], [9.95, 42.15]]]}}, {"type": "Feature", "properties": {"habitat": "Pelagos Sanctuary", "hours_fast": 264.0, "hours_total": 771.0, "pct_fast": 0.52, "mean_speed_kn": 15.11}, "geometry": {"type": "Polygon", "coordinates": [[[10.05, 42.15], [10.15, 42.15], [10.15, 42.25], [10.05, 42.25], [10.05, 42.15]]]}}, {"type": "Feature", "properties": {"habitat": "Pelagos Sanctuary", "hours_fast": 83.0, "hours_total": 419.0, "pct_fast": 0.48, "mean_speed_kn": 14.02}, "geometry": {"type": "Polygon", "coordinates": [[[10.15, 42.15], [10.25, 42.15], [10.25, 42.25], [10.15, 42.25], [10.15, 42.15]]]}}, {"type": "Feature", "properties": {"habitat": "Pelagos Sanctuary", "hours_fast": 28.0, "hours_total": 124.0, "pct_fast": 0.81, "mean_speed_kn": 14.25}, "geometry": {"type": "Polygon", "coordinates": [[[10.25, 42.15], [10.35, 42.15], [10.35, 42.25], [10.25, 42.25], [10.25, 42.15]]]}}, {"type": "Feature", "properties": {"habitat": "Pelagos Sanctuary", "hours_fast": 41.0, "hours_total": 106.0, "pct_fast": 9.43, "mean_speed_kn": 16.11}, "geometry": {"type": "Polygon", "coordinates": [[[10.35, 42.15], [10.45, 42.15], [10.45, 42.25], [10.35, 42.25], [10.35, 42.15]]]}}, {"type": "Feature", "properties": {"habitat": "Pelagos Sanctuary", "hours_fast": 27.0, "hours_total": 68.0, "pct_fast": 0.0, "mean_speed_kn": 15.48}, "geometry": {"type": "Polygon", "coordinates": [[[10.45, 42.15], [10.55, 42.15], [10.55, 42.25], [10.45, 42.25], [10.45, 42.15]]]}}, {"type": "Feature", "properties": {"habitat": "Pelagos Sanctuary", "hours_fast": 58.0, "hours_total": 114.0, "pct_fast": 0.88, "mean_speed_kn": 16.38}, "geometry": {"type": "Polygon", "coordinates": [[[10.55, 42.15], [10.65, 42.15], [10.65, 42.25], [10.55, 42.25], [10.55, 42.15]]]}}, {"type": "Feature", "properties": {"habitat": "Pelagos Sanctuary", "hours_fast": 51.0, "hours_total": 186.0, "pct_fast": 2.15, "mean_speed_kn": 14.72}, "geometry": {"type": "Polygon", "coordinates": [[[10.65, 42.15], [10.75, 42.15], [10.75, 42.25], [10.65, 42.25], [10.65, 42.15]]]}}, {"type": "Feature", "properties": {"habitat": "Pelagos Sanctuary", "hours_fast": 122.0, "hours_total": 349.0, "pct_fast": 0.0, "mean_speed_kn": 15.12}, "geometry": {"type": "Polygon", "coordinates": [[[10.75, 42.15], [10.85, 42.15], [10.85, 42.25], [10.75, 42.25], [10.75, 42.15]]]}}, {"type": "Feature", "properties": {"habitat": "Pelagos Sanctuary", "hours_fast": 230.0, "hours_total": 499.0, "pct_fast": 0.2, "mean_speed_kn": 15.97}, "geometry": {"type": "Polygon", "coordinates": [[[10.85, 42.15], [10.95, 42.15], [10.95, 42.25], [10.85, 42.25], [10.85, 42.15]]]}}, {"type": "Feature", "properties": {"habitat": "Pelagos Sanctuary", "hours_fast": 83.0, "hours_total": 266.0, "pct_fast": 1.88, "mean_speed_kn": 14.98}, "geometry": {"type": "Polygon", "coordinates": [[[10.95, 42.15], [11.05, 42.15], [11.05, 42.25], [10.95, 42.25], [10.95, 42.15]]]}}, {"type": "Feature", "properties": {"habitat": "Pelagos Sanctuary", "hours_fast": 38.0, "hours_total": 137.0, "pct_fast": 0.73, "mean_speed_kn": 14.64}, "geometry": {"type": "Polygon", "coordinates": [[[11.05, 42.15], [11.15, 42.15], [11.15, 42.25], [11.05, 42.25], [11.05, 42.15]]]}}, {"type": "Feature", "properties": {"habitat": "Pelagos Sanctuary", "hours_fast": 10.0, "hours_total": 70.0, "pct_fast": 2.86, "mean_speed_kn": 13.79}, "geometry": {"type": "Polygon", "coordinates": [[[11.15, 42.15], [11.25, 42.15], [11.25, 42.25], [11.15, 42.25], [11.15, 42.15]]]}}, {"type": "Feature", "properties": {"habitat": "Pelagos Sanctuary", "hours_fast": 59.0, "hours_total": 155.0, "pct_fast": 0.0, "mean_speed_kn": 15.35}, "geometry": {"type": "Polygon", "coordinates": [[[6.85, 42.25], [6.95, 42.25], [6.95, 42.35], [6.85, 42.35], [6.85, 42.25]]]}}, {"type": "Feature", "properties": {"habitat": "Pelagos Sanctuary", "hours_fast": 85.0, "hours_total": 204.0, "pct_fast": 0.0, "mean_speed_kn": 15.62}, "geometry": {"type": "Polygon", "coordinates": [[[6.95, 42.25], [7.05, 42.25], [7.05, 42.35], [6.95, 42.35], [6.95, 42.25]]]}}, {"type": "Feature", "properties": {"habitat": "Pelagos Sanctuary", "hours_fast": 104.0, "hours_total": 209.0, "pct_fast": 0.0, "mean_speed_kn": 16.23}, "geometry": {"type": "Polygon", "coordinates": [[[7.05, 42.25], [7.15, 42.25], [7.15, 42.35], [7.05, 42.35], [7.05, 42.25]]]}}, {"type": "Feature", "properties": {"habitat": "Pelagos Sanctuary", "hours_fast": 120.0, "hours_total": 256.0, "pct_fast": 0.0, "mean_speed_kn": 16.02}, "geometry": {"type": "Polygon", "coordinates": [[[7.15, 42.25], [7.25, 42.25], [7.25, 42.35], [7.15, 42.35], [7.15, 42.25]]]}}, {"type": "Feature", "properties": {"habitat": "Pelagos Sanctuary", "hours_fast": 145.0, "hours_total": 272.0, "pct_fast": 0.37, "mean_speed_kn": 16.53}, "geometry": {"type": "Polygon", "coordinates": [[[7.25, 42.25], [7.35, 42.25], [7.35, 42.35], [7.25, 42.35], [7.25, 42.25]]]}}, {"type": "Feature", "properties": {"habitat": "Pelagos Sanctuary", "hours_fast": 172.0, "hours_total": 378.0, "pct_fast": 0.26, "mean_speed_kn": 15.93}, "geometry": {"type": "Polygon", "coordinates": [[[7.35, 42.25], [7.45, 42.25], [7.45, 42.35], [7.35, 42.35], [7.35, 42.25]]]}}, {"type": "Feature", "properties": {"habitat": "Pelagos Sanctuary", "hours_fast": 159.0, "hours_total": 377.0, "pct_fast": 1.59, "mean_speed_kn": 15.78}, "geometry": {"type": "Polygon", "coordinates": [[[7.45, 42.25], [7.55, 42.25], [7.55, 42.35], [7.45, 42.35], [7.45, 42.25]]]}}, {"type": "Feature", "properties": {"habitat": "Pelagos Sanctuary", "hours_fast": 94.0, "hours_total": 222.0, "pct_fast": 0.45, "mean_speed_kn": 15.71}, "geometry": {"type": "Polygon", "coordinates": [[[7.55, 42.25], [7.65, 42.25], [7.65, 42.35], [7.55, 42.35], [7.55, 42.25]]]}}, {"type": "Feature", "properties": {"habitat": "Pelagos Sanctuary", "hours_fast": 36.0, "hours_total": 104.0, "pct_fast": 0.96, "mean_speed_kn": 15.17}, "geometry": {"type": "Polygon", "coordinates": [[[7.65, 42.25], [7.75, 42.25], [7.75, 42.35], [7.65, 42.35], [7.65, 42.25]]]}}, {"type": "Feature", "properties": {"habitat": "Pelagos Sanctuary", "hours_fast": 42.0, "hours_total": 130.0, "pct_fast": 2.31, "mean_speed_kn": 15.1}, "geometry": {"type": "Polygon", "coordinates": [[[7.75, 42.25], [7.85, 42.25], [7.85, 42.35], [7.75, 42.35], [7.75, 42.25]]]}}, {"type": "Feature", "properties": {"habitat": "Pelagos Sanctuary", "hours_fast": 44.0, "hours_total": 154.0, "pct_fast": 0.65, "mean_speed_kn": 14.69}, "geometry": {"type": "Polygon", "coordinates": [[[7.85, 42.25], [7.95, 42.25], [7.95, 42.35], [7.85, 42.35], [7.85, 42.25]]]}}, {"type": "Feature", "properties": {"habitat": "Pelagos Sanctuary", "hours_fast": 28.0, "hours_total": 124.0, "pct_fast": 0.0, "mean_speed_kn": 14.19}, "geometry": {"type": "Polygon", "coordinates": [[[7.95, 42.25], [8.05, 42.25], [8.05, 42.35], [7.95, 42.35], [7.95, 42.25]]]}}, {"type": "Feature", "properties": {"habitat": "Pelagos Sanctuary", "hours_fast": 28.0, "hours_total": 157.0, "pct_fast": 1.27, "mean_speed_kn": 13.93}, "geometry": {"type": "Polygon", "coordinates": [[[8.05, 42.25], [8.15, 42.25], [8.15, 42.35], [8.05, 42.35], [8.05, 42.25]]]}}, {"type": "Feature", "properties": {"habitat": "Pelagos Sanctuary", "hours_fast": 48.0, "hours_total": 182.0, "pct_fast": 3.85, "mean_speed_kn": 14.77}, "geometry": {"type": "Polygon", "coordinates": [[[8.15, 42.25], [8.25, 42.25], [8.25, 42.35], [8.15, 42.35], [8.15, 42.25]]]}}, {"type": "Feature", "properties": {"habitat": "Pelagos Sanctuary", "hours_fast": 50.0, "hours_total": 126.0, "pct_fast": 4.76, "mean_speed_kn": 15.83}, "geometry": {"type": "Polygon", "coordinates": [[[8.25, 42.25], [8.35, 42.25], [8.35, 42.35], [8.25, 42.35], [8.25, 42.25]]]}}, {"type": "Feature", "properties": {"habitat": "Pelagos Sanctuary", "hours_fast": 225.0, "hours_total": 286.0, "pct_fast": 0.7, "mean_speed_kn": 18.45}, "geometry": {"type": "Polygon", "coordinates": [[[8.35, 42.25], [8.45, 42.25], [8.45, 42.35], [8.35, 42.35], [8.35, 42.25]]]}}, {"type": "Feature", "properties": {"habitat": "Pelagos Sanctuary", "hours_fast": 128.0, "hours_total": 273.0, "pct_fast": 3.3, "mean_speed_kn": 16.26}, "geometry": {"type": "Polygon", "coordinates": [[[8.45, 42.25], [8.55, 42.25], [8.55, 42.35], [8.45, 42.35], [8.45, 42.25]]]}}, {"type": "Feature", "properties": {"habitat": "Pelagos Sanctuary", "hours_fast": 166.0, "hours_total": 528.0, "pct_fast": 2.27, "mean_speed_kn": 15.03}, "geometry": {"type": "Polygon", "coordinates": [[[8.55, 42.25], [8.65, 42.25], [8.65, 42.35], [8.55, 42.35], [8.55, 42.25]]]}}, {"type": "Feature", "properties": {"habitat": "Pelagos Sanctuary", "hours_fast": 116.0, "hours_total": 253.0, "pct_fast": 10.67, "mean_speed_kn": 16.74}, "geometry": {"type": "Polygon", "coordinates": [[[9.55, 42.25], [9.65, 42.25], [9.65, 42.35], [9.55, 42.35], [9.55, 42.25]]]}}, {"type": "Feature", "properties": {"habitat": "Pelagos Sanctuary", "hours_fast": 481.0, "hours_total": 722.0, "pct_fast": 1.52, "mean_speed_kn": 17.61}, "geometry": {"type": "Polygon", "coordinates": [[[9.65, 42.25], [9.75, 42.25], [9.75, 42.35], [9.65, 42.35], [9.65, 42.25]]]}}, {"type": "Feature", "properties": {"habitat": "Pelagos Sanctuary", "hours_fast": 297.0, "hours_total": 565.0, "pct_fast": 3.54, "mean_speed_kn": 16.71}, "geometry": {"type": "Polygon", "coordinates": [[[9.75, 42.25], [9.85, 42.25], [9.85, 42.35], [9.75, 42.35], [9.75, 42.25]]]}}, {"type": "Feature", "properties": {"habitat": "Pelagos Sanctuary", "hours_fast": 959.0, "hours_total": 1634.0, "pct_fast": 1.65, "mean_speed_kn": 17.03}, "geometry": {"type": "Polygon", "coordinates": [[[9.85, 42.25], [9.95, 42.25], [9.95, 42.35], [9.85, 42.35], [9.85, 42.25]]]}}, {"type": "Feature", "properties": {"habitat": "Pelagos Sanctuary", "hours_fast": 321.0, "hours_total": 941.0, "pct_fast": 0.85, "mean_speed_kn": 15.12}, "geometry": {"type": "Polygon", "coordinates": [[[9.95, 42.25], [10.05, 42.25], [10.05, 42.35], [9.95, 42.35], [9.95, 42.25]]]}}, {"type": "Feature", "properties": {"habitat": "Pelagos Sanctuary", "hours_fast": 50.0, "hours_total": 202.0, "pct_fast": 0.5, "mean_speed_kn": 14.39}, "geometry": {"type": "Polygon", "coordinates": [[[10.05, 42.25], [10.15, 42.25], [10.15, 42.35], [10.05, 42.35], [10.05, 42.25]]]}}, {"type": "Feature", "properties": {"habitat": "Pelagos Sanctuary", "hours_fast": 4.0, "hours_total": 37.0, "pct_fast": 0.0, "mean_speed_kn": 13.31}, "geometry": {"type": "Polygon", "coordinates": [[[10.15, 42.25], [10.25, 42.25], [10.25, 42.35], [10.15, 42.35], [10.15, 42.25]]]}}, {"type": "Feature", "properties": {"habitat": "Pelagos Sanctuary", "hours_fast": 7.0, "hours_total": 15.0, "pct_fast": 6.67, "mean_speed_kn": 16.5}, "geometry": {"type": "Polygon", "coordinates": [[[10.25, 42.25], [10.35, 42.25], [10.35, 42.35], [10.25, 42.35], [10.25, 42.25]]]}}, {"type": "Feature", "properties": {"habitat": "Pelagos Sanctuary", "hours_fast": 13.0, "hours_total": 36.0, "pct_fast": 8.33, "mean_speed_kn": 15.83}, "geometry": {"type": "Polygon", "coordinates": [[[10.35, 42.25], [10.45, 42.25], [10.45, 42.35], [10.35, 42.35], [10.35, 42.25]]]}}, {"type": "Feature", "properties": {"habitat": "Pelagos Sanctuary", "hours_fast": 54.0, "hours_total": 130.0, "pct_fast": 1.54, "mean_speed_kn": 15.73}, "geometry": {"type": "Polygon", "coordinates": [[[10.45, 42.25], [10.55, 42.25], [10.55, 42.35], [10.45, 42.35], [10.45, 42.25]]]}}, {"type": "Feature", "properties": {"habitat": "Pelagos Sanctuary", "hours_fast": 98.0, "hours_total": 291.0, "pct_fast": 0.0, "mean_speed_kn": 15.03}, "geometry": {"type": "Polygon", "coordinates": [[[10.55, 42.25], [10.65, 42.25], [10.65, 42.35], [10.55, 42.35], [10.55, 42.25]]]}}, {"type": "Feature", "properties": {"habitat": "Pelagos Sanctuary", "hours_fast": 167.0, "hours_total": 441.0, "pct_fast": 0.23, "mean_speed_kn": 15.36}, "geometry": {"type": "Polygon", "coordinates": [[[10.65, 42.25], [10.75, 42.25], [10.75, 42.35], [10.65, 42.35], [10.65, 42.25]]]}}, {"type": "Feature", "properties": {"habitat": "Pelagos Sanctuary", "hours_fast": 164.0, "hours_total": 389.0, "pct_fast": 0.77, "mean_speed_kn": 15.72}, "geometry": {"type": "Polygon", "coordinates": [[[10.75, 42.25], [10.85, 42.25], [10.85, 42.35], [10.75, 42.35], [10.75, 42.25]]]}}, {"type": "Feature", "properties": {"habitat": "Pelagos Sanctuary", "hours_fast": 41.0, "hours_total": 129.0, "pct_fast": 3.1, "mean_speed_kn": 15.12}, "geometry": {"type": "Polygon", "coordinates": [[[10.85, 42.25], [10.95, 42.25], [10.95, 42.35], [10.85, 42.35], [10.85, 42.25]]]}}, {"type": "Feature", "properties": {"habitat": "Pelagos Sanctuary", "hours_fast": 39.0, "hours_total": 134.0, "pct_fast": 2.24, "mean_speed_kn": 14.85}, "geometry": {"type": "Polygon", "coordinates": [[[10.95, 42.25], [11.05, 42.25], [11.05, 42.35], [10.95, 42.35], [10.95, 42.25]]]}}, {"type": "Feature", "properties": {"habitat": "Pelagos Sanctuary", "hours_fast": 238.0, "hours_total": 750.0, "pct_fast": 1.47, "mean_speed_kn": 14.99}, "geometry": {"type": "Polygon", "coordinates": [[[11.05, 42.25], [11.15, 42.25], [11.15, 42.35], [11.05, 42.35], [11.05, 42.25]]]}}, {"type": "Feature", "properties": {"habitat": "Pelagos Sanctuary", "hours_fast": 220.0, "hours_total": 598.0, "pct_fast": 2.34, "mean_speed_kn": 15.43}, "geometry": {"type": "Polygon", "coordinates": [[[11.15, 42.25], [11.25, 42.25], [11.25, 42.35], [11.15, 42.35], [11.15, 42.25]]]}}, {"type": "Feature", "properties": {"habitat": "Pelagos Sanctuary", "hours_fast": 121.0, "hours_total": 281.0, "pct_fast": 4.27, "mean_speed_kn": 16.05}, "geometry": {"type": "Polygon", "coordinates": [[[11.25, 42.25], [11.35, 42.25], [11.35, 42.35], [11.25, 42.35], [11.25, 42.25]]]}}, {"type": "Feature", "properties": {"habitat": "Pelagos Sanctuary", "hours_fast": 43.0, "hours_total": 85.0, "pct_fast": 8.24, "mean_speed_kn": 16.91}, "geometry": {"type": "Polygon", "coordinates": [[[11.35, 42.25], [11.45, 42.25], [11.45, 42.35], [11.35, 42.35], [11.35, 42.25]]]}}, {"type": "Feature", "properties": {"habitat": "Pelagos Sanctuary", "hours_fast": 108.0, "hours_total": 203.0, "pct_fast": 0.0, "mean_speed_kn": 16.49}, "geometry": {"type": "Polygon", "coordinates": [[[6.75, 42.35], [6.85, 42.35], [6.85, 42.45], [6.75, 42.45], [6.75, 42.35]]]}}, {"type": "Feature", "properties": {"habitat": "Pelagos Sanctuary", "hours_fast": 112.0, "hours_total": 212.0, "pct_fast": 0.0, "mean_speed_kn": 16.46}, "geometry": {"type": "Polygon", "coordinates": [[[6.85, 42.35], [6.95, 42.35], [6.95, 42.45], [6.85, 42.45], [6.85, 42.35]]]}}, {"type": "Feature", "properties": {"habitat": "Pelagos Sanctuary", "hours_fast": 125.0, "hours_total": 242.0, "pct_fast": 0.0, "mean_speed_kn": 16.37}, "geometry": {"type": "Polygon", "coordinates": [[[6.95, 42.35], [7.05, 42.35], [7.05, 42.45], [6.95, 42.45], [6.95, 42.35]]]}}, {"type": "Feature", "properties": {"habitat": "Pelagos Sanctuary", "hours_fast": 141.0, "hours_total": 315.0, "pct_fast": 0.0, "mean_speed_kn": 15.86}, "geometry": {"type": "Polygon", "coordinates": [[[7.05, 42.35], [7.15, 42.35], [7.15, 42.45], [7.05, 42.45], [7.05, 42.35]]]}}, {"type": "Feature", "properties": {"habitat": "Pelagos Sanctuary", "hours_fast": 160.0, "hours_total": 373.0, "pct_fast": 0.0, "mean_speed_kn": 15.72}, "geometry": {"type": "Polygon", "coordinates": [[[7.15, 42.35], [7.25, 42.35], [7.25, 42.45], [7.15, 42.45], [7.15, 42.35]]]}}, {"type": "Feature", "properties": {"habitat": "Pelagos Sanctuary", "hours_fast": 146.0, "hours_total": 377.0, "pct_fast": 0.8, "mean_speed_kn": 15.46}, "geometry": {"type": "Polygon", "coordinates": [[[7.25, 42.35], [7.35, 42.35], [7.35, 42.45], [7.25, 42.45], [7.25, 42.35]]]}}, {"type": "Feature", "properties": {"habitat": "Pelagos Sanctuary", "hours_fast": 102.0, "hours_total": 260.0, "pct_fast": 2.31, "mean_speed_kn": 15.62}, "geometry": {"type": "Polygon", "coordinates": [[[7.35, 42.35], [7.45, 42.35], [7.45, 42.45], [7.35, 42.45], [7.35, 42.35]]]}}, {"type": "Feature", "properties": {"habitat": "Pelagos Sanctuary", "hours_fast": 25.0, "hours_total": 80.0, "pct_fast": 2.5, "mean_speed_kn": 15.03}, "geometry": {"type": "Polygon", "coordinates": [[[7.45, 42.35], [7.55, 42.35], [7.55, 42.45], [7.45, 42.45], [7.45, 42.35]]]}}, {"type": "Feature", "properties": {"habitat": "Pelagos Sanctuary", "hours_fast": 29.0, "hours_total": 89.0, "pct_fast": 0.0, "mean_speed_kn": 14.94}, "geometry": {"type": "Polygon", "coordinates": [[[7.55, 42.35], [7.65, 42.35], [7.65, 42.45], [7.55, 42.45], [7.55, 42.35]]]}}, {"type": "Feature", "properties": {"habitat": "Pelagos Sanctuary", "hours_fast": 36.0, "hours_total": 134.0, "pct_fast": 0.75, "mean_speed_kn": 14.57}, "geometry": {"type": "Polygon", "coordinates": [[[7.65, 42.35], [7.75, 42.35], [7.75, 42.45], [7.65, 42.45], [7.65, 42.35]]]}}, {"type": "Feature", "properties": {"habitat": "Pelagos Sanctuary", "hours_fast": 52.0, "hours_total": 139.0, "pct_fast": 4.32, "mean_speed_kn": 15.63}, "geometry": {"type": "Polygon", "coordinates": [[[7.75, 42.35], [7.85, 42.35], [7.85, 42.45], [7.75, 42.45], [7.75, 42.35]]]}}, {"type": "Feature", "properties": {"habitat": "Pelagos Sanctuary", "hours_fast": 48.0, "hours_total": 121.0, "pct_fast": 1.65, "mean_speed_kn": 15.6}, "geometry": {"type": "Polygon", "coordinates": [[[7.85, 42.35], [7.95, 42.35], [7.95, 42.45], [7.85, 42.45], [7.85, 42.35]]]}}, {"type": "Feature", "properties": {"habitat": "Pelagos Sanctuary", "hours_fast": 52.0, "hours_total": 181.0, "pct_fast": 4.42, "mean_speed_kn": 14.99}, "geometry": {"type": "Polygon", "coordinates": [[[7.95, 42.35], [8.05, 42.35], [8.05, 42.45], [7.95, 42.45], [7.95, 42.35]]]}}, {"type": "Feature", "properties": {"habitat": "Pelagos Sanctuary", "hours_fast": 57.0, "hours_total": 180.0, "pct_fast": 4.44, "mean_speed_kn": 15.21}, "geometry": {"type": "Polygon", "coordinates": [[[8.05, 42.35], [8.15, 42.35], [8.15, 42.45], [8.05, 42.45], [8.05, 42.35]]]}}, {"type": "Feature", "properties": {"habitat": "Pelagos Sanctuary", "hours_fast": 42.0, "hours_total": 151.0, "pct_fast": 2.65, "mean_speed_kn": 14.78}, "geometry": {"type": "Polygon", "coordinates": [[[8.15, 42.35], [8.25, 42.35], [8.25, 42.45], [8.15, 42.45], [8.15, 42.35]]]}}, {"type": "Feature", "properties": {"habitat": "Pelagos Sanctuary", "hours_fast": 37.0, "hours_total": 84.0, "pct_fast": 0.0, "mean_speed_kn": 15.8}, "geometry": {"type": "Polygon", "coordinates": [[[8.25, 42.35], [8.35, 42.35], [8.35, 42.45], [8.25, 42.45], [8.25, 42.35]]]}}, {"type": "Feature", "properties": {"habitat": "Pelagos Sanctuary", "hours_fast": 187.0, "hours_total": 263.0, "pct_fast": 0.38, "mean_speed_kn": 17.86}, "geometry": {"type": "Polygon", "coordinates": [[[8.35, 42.35], [8.45, 42.35], [8.45, 42.45], [8.35, 42.45], [8.35, 42.35]]]}}, {"type": "Feature", "properties": {"habitat": "Pelagos Sanctuary", "hours_fast": 154.0, "hours_total": 360.0, "pct_fast": 3.06, "mean_speed_kn": 15.94}, "geometry": {"type": "Polygon", "coordinates": [[[8.45, 42.35], [8.55, 42.35], [8.55, 42.45], [8.45, 42.45], [8.45, 42.35]]]}}, {"type": "Feature", "properties": {"habitat": "Pelagos Sanctuary", "hours_fast": 72.0, "hours_total": 225.0, "pct_fast": 4.0, "mean_speed_kn": 15.2}, "geometry": {"type": "Polygon", "coordinates": [[[8.55, 42.35], [8.65, 42.35], [8.65, 42.45], [8.55, 42.45], [8.55, 42.35]]]}}, {"type": "Feature", "properties": {"habitat": "Pelagos Sanctuary", "hours_fast": 52.0, "hours_total": 150.0, "pct_fast": 10.0, "mean_speed_kn": 15.85}, "geometry": {"type": "Polygon", "coordinates": [[[9.55, 42.35], [9.65, 42.35], [9.65, 42.45], [9.55, 42.45], [9.55, 42.35]]]}}, {"type": "Feature", "properties": {"habitat": "Pelagos Sanctuary", "hours_fast": 429.0, "hours_total": 739.0, "pct_fast": 0.95, "mean_speed_kn": 16.92}, "geometry": {"type": "Polygon", "coordinates": [[[9.65, 42.35], [9.75, 42.35], [9.75, 42.45], [9.65, 42.45], [9.65, 42.35]]]}}, {"type": "Feature", "properties": {"habitat": "Pelagos Sanctuary", "hours_fast": 363.0, "hours_total": 760.0, "pct_fast": 1.97, "mean_speed_kn": 16.23}, "geometry": {"type": "Polygon", "coordinates": [[[9.75, 42.35], [9.85, 42.35], [9.85, 42.45], [9.75, 42.45], [9.75, 42.35]]]}}, {"type": "Feature", "properties": {"habitat": "Pelagos Sanctuary", "hours_fast": 1290.0, "hours_total": 2265.0, "pct_fast": 1.46, "mean_speed_kn": 16.88}, "geometry": {"type": "Polygon", "coordinates": [[[9.85, 42.35], [9.95, 42.35], [9.95, 42.45], [9.85, 42.45], [9.85, 42.35]]]}}, {"type": "Feature", "properties": {"habitat": "Pelagos Sanctuary", "hours_fast": 131.0, "hours_total": 310.0, "pct_fast": 1.94, "mean_speed_kn": 15.81}, "geometry": {"type": "Polygon", "coordinates": [[[9.95, 42.35], [10.05, 42.35], [10.05, 42.45], [9.95, 42.45], [9.95, 42.35]]]}}, {"type": "Feature", "properties": {"habitat": "Pelagos Sanctuary", "hours_fast": 7.0, "hours_total": 34.0, "pct_fast": 2.94, "mean_speed_kn": 14.26}, "geometry": {"type": "Polygon", "coordinates": [[[10.05, 42.35], [10.15, 42.35], [10.15, 42.45], [10.05, 42.45], [10.05, 42.35]]]}}, {"type": "Feature", "properties": {"habitat": "Pelagos Sanctuary", "hours_fast": 4.0, "hours_total": 39.0, "pct_fast": 2.56, "mean_speed_kn": 13.46}, "geometry": {"type": "Polygon", "coordinates": [[[10.15, 42.35], [10.25, 42.35], [10.25, 42.45], [10.15, 42.45], [10.15, 42.35]]]}}, {"type": "Feature", "properties": {"habitat": "Pelagos Sanctuary", "hours_fast": 14.0, "hours_total": 54.0, "pct_fast": 1.85, "mean_speed_kn": 14.58}, "geometry": {"type": "Polygon", "coordinates": [[[10.25, 42.35], [10.35, 42.35], [10.35, 42.45], [10.25, 42.45], [10.25, 42.35]]]}}, {"type": "Feature", "properties": {"habitat": "Pelagos Sanctuary", "hours_fast": 62.0, "hours_total": 158.0, "pct_fast": 1.27, "mean_speed_kn": 15.54}, "geometry": {"type": "Polygon", "coordinates": [[[10.35, 42.35], [10.45, 42.35], [10.45, 42.45], [10.35, 42.45], [10.35, 42.35]]]}}, {"type": "Feature", "properties": {"habitat": "Pelagos Sanctuary", "hours_fast": 202.0, "hours_total": 530.0, "pct_fast": 1.51, "mean_speed_kn": 15.47}, "geometry": {"type": "Polygon", "coordinates": [[[10.45, 42.35], [10.55, 42.35], [10.55, 42.45], [10.45, 42.45], [10.45, 42.35]]]}}, {"type": "Feature", "properties": {"habitat": "Pelagos Sanctuary", "hours_fast": 171.0, "hours_total": 431.0, "pct_fast": 0.93, "mean_speed_kn": 15.55}, "geometry": {"type": "Polygon", "coordinates": [[[10.55, 42.35], [10.65, 42.35], [10.65, 42.45], [10.55, 42.45], [10.55, 42.35]]]}}, {"type": "Feature", "properties": {"habitat": "Pelagos Sanctuary", "hours_fast": 73.0, "hours_total": 208.0, "pct_fast": 0.96, "mean_speed_kn": 15.2}, "geometry": {"type": "Polygon", "coordinates": [[[10.65, 42.35], [10.75, 42.35], [10.75, 42.45], [10.65, 42.45], [10.65, 42.35]]]}}, {"type": "Feature", "properties": {"habitat": "Pelagos Sanctuary", "hours_fast": 62.0, "hours_total": 101.0, "pct_fast": 3.96, "mean_speed_kn": 17.4}, "geometry": {"type": "Polygon", "coordinates": [[[10.75, 42.35], [10.85, 42.35], [10.85, 42.45], [10.75, 42.45], [10.75, 42.35]]]}}, {"type": "Feature", "properties": {"habitat": "Pelagos Sanctuary", "hours_fast": 152.0, "hours_total": 1358.0, "pct_fast": 0.44, "mean_speed_kn": 13.37}, "geometry": {"type": "Polygon", "coordinates": [[[10.85, 42.35], [10.95, 42.35], [10.95, 42.45], [10.85, 42.45], [10.85, 42.35]]]}}, {"type": "Feature", "properties": {"habitat": "Pelagos Sanctuary", "hours_fast": 245.0, "hours_total": 1674.0, "pct_fast": 1.08, "mean_speed_kn": 13.68}, "geometry": {"type": "Polygon", "coordinates": [[[10.95, 42.35], [11.05, 42.35], [11.05, 42.45], [10.95, 42.45], [10.95, 42.35]]]}}, {"type": "Feature", "properties": {"habitat": "Pelagos Sanctuary", "hours_fast": 16.0, "hours_total": 54.0, "pct_fast": 0.0, "mean_speed_kn": 14.72}, "geometry": {"type": "Polygon", "coordinates": [[[11.25, 42.35], [11.35, 42.35], [11.35, 42.45], [11.25, 42.45], [11.25, 42.35]]]}}, {"type": "Feature", "properties": {"habitat": "Pelagos Sanctuary", "hours_fast": 157.0, "hours_total": 305.0, "pct_fast": 0.0, "mean_speed_kn": 16.36}, "geometry": {"type": "Polygon", "coordinates": [[[6.65, 42.45], [6.75, 42.45], [6.75, 42.55], [6.65, 42.55], [6.65, 42.45]]]}}, {"type": "Feature", "properties": {"habitat": "Pelagos Sanctuary", "hours_fast": 169.0, "hours_total": 344.0, "pct_fast": 0.0, "mean_speed_kn": 16.18}, "geometry": {"type": "Polygon", "coordinates": [[[6.75, 42.45], [6.85, 42.45], [6.85, 42.55], [6.75, 42.55], [6.75, 42.45]]]}}, {"type": "Feature", "properties": {"habitat": "Pelagos Sanctuary", "hours_fast": 165.0, "hours_total": 334.0, "pct_fast": 0.3, "mean_speed_kn": 16.23}, "geometry": {"type": "Polygon", "coordinates": [[[6.85, 42.45], [6.95, 42.45], [6.95, 42.55], [6.85, 42.55], [6.85, 42.45]]]}}, {"type": "Feature", "properties": {"habitat": "Pelagos Sanctuary", "hours_fast": 153.0, "hours_total": 335.0, "pct_fast": 0.6, "mean_speed_kn": 15.97}, "geometry": {"type": "Polygon", "coordinates": [[[6.95, 42.45], [7.05, 42.45], [7.05, 42.55], [6.95, 42.55], [6.95, 42.45]]]}}, {"type": "Feature", "properties": {"habitat": "Pelagos Sanctuary", "hours_fast": 114.0, "hours_total": 306.0, "pct_fast": 0.65, "mean_speed_kn": 15.34}, "geometry": {"type": "Polygon", "coordinates": [[[7.05, 42.45], [7.15, 42.45], [7.15, 42.55], [7.05, 42.55], [7.05, 42.45]]]}}, {"type": "Feature", "properties": {"habitat": "Pelagos Sanctuary", "hours_fast": 75.0, "hours_total": 186.0, "pct_fast": 1.61, "mean_speed_kn": 15.65}, "geometry": {"type": "Polygon", "coordinates": [[[7.15, 42.45], [7.25, 42.45], [7.25, 42.55], [7.15, 42.55], [7.15, 42.45]]]}}, {"type": "Feature", "properties": {"habitat": "Pelagos Sanctuary", "hours_fast": 19.0, "hours_total": 107.0, "pct_fast": 0.93, "mean_speed_kn": 13.9}, "geometry": {"type": "Polygon", "coordinates": [[[7.25, 42.45], [7.35, 42.45], [7.35, 42.55], [7.25, 42.55], [7.25, 42.45]]]}}, {"type": "Feature", "properties": {"habitat": "Pelagos Sanctuary", "hours_fast": 27.0, "hours_total": 111.0, "pct_fast": 0.0, "mean_speed_kn": 14.32}, "geometry": {"type": "Polygon", "coordinates": [[[7.35, 42.45], [7.45, 42.45], [7.45, 42.55], [7.35, 42.55], [7.35, 42.45]]]}}, {"type": "Feature", "properties": {"habitat": "Pelagos Sanctuary", "hours_fast": 35.0, "hours_total": 117.0, "pct_fast": 0.85, "mean_speed_kn": 14.81}, "geometry": {"type": "Polygon", "coordinates": [[[7.45, 42.45], [7.55, 42.45], [7.55, 42.55], [7.45, 42.55], [7.45, 42.45]]]}}, {"type": "Feature", "properties": {"habitat": "Pelagos Sanctuary", "hours_fast": 31.0, "hours_total": 137.0, "pct_fast": 2.19, "mean_speed_kn": 14.36}, "geometry": {"type": "Polygon", "coordinates": [[[7.55, 42.45], [7.65, 42.45], [7.65, 42.55], [7.55, 42.55], [7.55, 42.45]]]}}, {"type": "Feature", "properties": {"habitat": "Pelagos Sanctuary", "hours_fast": 38.0, "hours_total": 134.0, "pct_fast": 2.99, "mean_speed_kn": 14.85}, "geometry": {"type": "Polygon", "coordinates": [[[7.65, 42.45], [7.75, 42.45], [7.75, 42.55], [7.65, 42.55], [7.65, 42.45]]]}}, {"type": "Feature", "properties": {"habitat": "Pelagos Sanctuary", "hours_fast": 39.0, "hours_total": 130.0, "pct_fast": 1.54, "mean_speed_kn": 14.87}, "geometry": {"type": "Polygon", "coordinates": [[[7.75, 42.45], [7.85, 42.45], [7.85, 42.55], [7.75, 42.55], [7.75, 42.45]]]}}, {"type": "Feature", "properties": {"habitat": "Pelagos Sanctuary", "hours_fast": 55.0, "hours_total": 200.0, "pct_fast": 1.0, "mean_speed_kn": 14.64}, "geometry": {"type": "Polygon", "coordinates": [[[7.85, 42.45], [7.95, 42.45], [7.95, 42.55], [7.85, 42.55], [7.85, 42.45]]]}}, {"type": "Feature", "properties": {"habitat": "Pelagos Sanctuary", "hours_fast": 57.0, "hours_total": 190.0, "pct_fast": 1.58, "mean_speed_kn": 14.87}, "geometry": {"type": "Polygon", "coordinates": [[[7.95, 42.45], [8.05, 42.45], [8.05, 42.55], [7.95, 42.55], [7.95, 42.45]]]}}, {"type": "Feature", "properties": {"habitat": "Pelagos Sanctuary", "hours_fast": 36.0, "hours_total": 174.0, "pct_fast": 1.15, "mean_speed_kn": 14.14}, "geometry": {"type": "Polygon", "coordinates": [[[8.05, 42.45], [8.15, 42.45], [8.15, 42.55], [8.05, 42.55], [8.05, 42.45]]]}}, {"type": "Feature", "properties": {"habitat": "Pelagos Sanctuary", "hours_fast": 45.0, "hours_total": 148.0, "pct_fast": 2.7, "mean_speed_kn": 14.98}, "geometry": {"type": "Polygon", "coordinates": [[[8.15, 42.45], [8.25, 42.45], [8.25, 42.55], [8.15, 42.55], [8.15, 42.45]]]}}, {"type": "Feature", "properties": {"habitat": "Pelagos Sanctuary", "hours_fast": 25.0, "hours_total": 101.0, "pct_fast": 2.97, "mean_speed_kn": 14.58}, "geometry": {"type": "Polygon", "coordinates": [[[8.25, 42.45], [8.35, 42.45], [8.35, 42.55], [8.25, 42.55], [8.25, 42.45]]]}}, {"type": "Feature", "properties": {"habitat": "Pelagos Sanctuary", "hours_fast": 146.0, "hours_total": 217.0, "pct_fast": 0.92, "mean_speed_kn": 17.62}, "geometry": {"type": "Polygon", "coordinates": [[[8.35, 42.45], [8.45, 42.45], [8.45, 42.55], [8.35, 42.55], [8.35, 42.45]]]}}, {"type": "Feature", "properties": {"habitat": "Pelagos Sanctuary", "hours_fast": 110.0, "hours_total": 155.0, "pct_fast": 0.65, "mean_speed_kn": 17.87}, "geometry": {"type": "Polygon", "coordinates": [[[8.45, 42.45], [8.55, 42.45], [8.55, 42.55], [8.45, 42.55], [8.45, 42.45]]]}}, {"type": "Feature", "properties": {"habitat": "Pelagos Sanctuary", "hours_fast": 63.0, "hours_total": 169.0, "pct_fast": 6.51, "mean_speed_kn": 15.78}, "geometry": {"type": "Polygon", "coordinates": [[[8.55, 42.45], [8.65, 42.45], [8.65, 42.55], [8.55, 42.55], [8.55, 42.45]]]}}, {"type": "Feature", "properties": {"habitat": "Pelagos Sanctuary", "hours_fast": 61.0, "hours_total": 156.0, "pct_fast": 5.77, "mean_speed_kn": 15.87}, "geometry": {"type": "Polygon", "coordinates": [[[9.55, 42.45], [9.65, 42.45], [9.65, 42.55], [9.55, 42.55], [9.55, 42.45]]]}}, {"type": "Feature", "properties": {"habitat": "Pelagos Sanctuary", "hours_fast": 441.0, "hours_total": 728.0, "pct_fast": 1.51, "mean_speed_kn": 17.16}, "geometry": {"type": "Polygon", "coordinates": [[[9.65, 42.45], [9.75, 42.45], [9.75, 42.55], [9.65, 42.55], [9.65, 42.45]]]}}, {"type": "Feature", "properties": {"habitat": "Pelagos Sanctuary", "hours_fast": 429.0, "hours_total": 1029.0, "pct_fast": 1.17, "mean_speed_kn": 15.71}, "geometry": {"type": "Polygon", "coordinates": [[[9.75, 42.45], [9.85, 42.45], [9.85, 42.55], [9.75, 42.55], [9.75, 42.45]]]}}, {"type": "Feature", "properties": {"habitat": "Pelagos Sanctuary", "hours_fast": 947.0, "hours_total": 1600.0, "pct_fast": 1.81, "mean_speed_kn": 17.07}, "geometry": {"type": "Polygon", "coordinates": [[[9.85, 42.45], [9.95, 42.45], [9.95, 42.55], [9.85, 42.55], [9.85, 42.45]]]}}, {"type": "Feature", "properties": {"habitat": "Pelagos Sanctuary", "hours_fast": 89.0, "hours_total": 185.0, "pct_fast": 4.32, "mean_speed_kn": 16.43}, "geometry": {"type": "Polygon", "coordinates": [[[9.95, 42.45], [10.05, 42.45], [10.05, 42.55], [9.95, 42.55], [9.95, 42.45]]]}}, {"type": "Feature", "properties": {"habitat": "Pelagos Sanctuary", "hours_fast": 14.0, "hours_total": 77.0, "pct_fast": 3.9, "mean_speed_kn": 14.16}, "geometry": {"type": "Polygon", "coordinates": [[[10.05, 42.45], [10.15, 42.45], [10.15, 42.55], [10.05, 42.55], [10.05, 42.45]]]}}, {"type": "Feature", "properties": {"habitat": "Pelagos Sanctuary", "hours_fast": 15.0, "hours_total": 75.0, "pct_fast": 0.0, "mean_speed_kn": 14.0}, "geometry": {"type": "Polygon", "coordinates": [[[10.15, 42.45], [10.25, 42.45], [10.25, 42.55], [10.15, 42.55], [10.15, 42.45]]]}}, {"type": "Feature", "properties": {"habitat": "Pelagos Sanctuary", "hours_fast": 157.0, "hours_total": 349.0, "pct_fast": 0.0, "mean_speed_kn": 15.87}, "geometry": {"type": "Polygon", "coordinates": [[[10.25, 42.45], [10.35, 42.45], [10.35, 42.55], [10.25, 42.55], [10.25, 42.45]]]}}, {"type": "Feature", "properties": {"habitat": "Pelagos Sanctuary", "hours_fast": 224.0, "hours_total": 535.0, "pct_fast": 0.56, "mean_speed_kn": 15.68}, "geometry": {"type": "Polygon", "coordinates": [[[10.35, 42.45], [10.45, 42.45], [10.45, 42.55], [10.35, 42.55], [10.35, 42.45]]]}}, {"type": "Feature", "properties": {"habitat": "Pelagos Sanctuary", "hours_fast": 100.0, "hours_total": 237.0, "pct_fast": 2.95, "mean_speed_kn": 15.89}, "geometry": {"type": "Polygon", "coordinates": [[[10.45, 42.45], [10.55, 42.45], [10.55, 42.55], [10.45, 42.55], [10.45, 42.45]]]}}, {"type": "Feature", "properties": {"habitat": "Pelagos Sanctuary", "hours_fast": 45.0, "hours_total": 137.0, "pct_fast": 3.65, "mean_speed_kn": 15.24}, "geometry": {"type": "Polygon", "coordinates": [[[10.55, 42.45], [10.65, 42.45], [10.65, 42.55], [10.55, 42.55], [10.55, 42.45]]]}}, {"type": "Feature", "properties": {"habitat": "Pelagos Sanctuary", "hours_fast": 156.0, "hours_total": 278.0, "pct_fast": 3.96, "mean_speed_kn": 17.01}, "geometry": {"type": "Polygon", "coordinates": [[[10.65, 42.45], [10.75, 42.45], [10.75, 42.55], [10.65, 42.55], [10.65, 42.45]]]}}, {"type": "Feature", "properties": {"habitat": "Pelagos Sanctuary", "hours_fast": 70.0, "hours_total": 204.0, "pct_fast": 3.43, "mean_speed_kn": 15.33}, "geometry": {"type": "Polygon", "coordinates": [[[10.75, 42.45], [10.85, 42.45], [10.85, 42.55], [10.75, 42.55], [10.75, 42.45]]]}}, {"type": "Feature", "properties": {"habitat": "Pelagos Sanctuary", "hours_fast": 178.0, "hours_total": 505.0, "pct_fast": 1.98, "mean_speed_kn": 15.29}, "geometry": {"type": "Polygon", "coordinates": [[[10.85, 42.45], [10.95, 42.45], [10.95, 42.55], [10.85, 42.55], [10.85, 42.45]]]}}, {"type": "Feature", "properties": {"habitat": "Pelagos Sanctuary", "hours_fast": 69.0, "hours_total": 199.0, "pct_fast": 7.04, "mean_speed_kn": 15.63}, "geometry": {"type": "Polygon", "coordinates": [[[10.95, 42.45], [11.05, 42.45], [11.05, 42.55], [10.95, 42.55], [10.95, 42.45]]]}}, {"type": "Feature", "properties": {"habitat": "Pelagos Sanctuary", "hours_fast": 61.0, "hours_total": 346.0, "pct_fast": 1.45, "mean_speed_kn": 13.93}, "geometry": {"type": "Polygon", "coordinates": [[[11.05, 42.45], [11.15, 42.45], [11.15, 42.55], [11.05, 42.55], [11.05, 42.45]]]}}, {"type": "Feature", "properties": {"habitat": "Pelagos Sanctuary", "hours_fast": 189.0, "hours_total": 408.0, "pct_fast": 0.25, "mean_speed_kn": 15.99}, "geometry": {"type": "Polygon", "coordinates": [[[6.55, 42.55], [6.65, 42.55], [6.65, 42.65], [6.55, 42.65], [6.55, 42.55]]]}}, {"type": "Feature", "properties": {"habitat": "Pelagos Sanctuary", "hours_fast": 137.0, "hours_total": 364.0, "pct_fast": 0.27, "mean_speed_kn": 15.34}, "geometry": {"type": "Polygon", "coordinates": [[[6.65, 42.55], [6.75, 42.55], [6.75, 42.65], [6.65, 42.65], [6.65, 42.55]]]}}, {"type": "Feature", "properties": {"habitat": "Pelagos Sanctuary", "hours_fast": 163.0, "hours_total": 394.0, "pct_fast": 1.02, "mean_speed_kn": 15.68}, "geometry": {"type": "Polygon", "coordinates": [[[6.75, 42.55], [6.85, 42.55], [6.85, 42.65], [6.75, 42.65], [6.75, 42.55]]]}}, {"type": "Feature", "properties": {"habitat": "Pelagos Sanctuary", "hours_fast": 128.0, "hours_total": 332.0, "pct_fast": 0.6, "mean_speed_kn": 15.44}, "geometry": {"type": "Polygon", "coordinates": [[[6.85, 42.55], [6.95, 42.55], [6.95, 42.65], [6.85, 42.65], [6.85, 42.55]]]}}, {"type": "Feature", "properties": {"habitat": "Pelagos Sanctuary", "hours_fast": 54.0, "hours_total": 185.0, "pct_fast": 0.0, "mean_speed_kn": 14.69}, "geometry": {"type": "Polygon", "coordinates": [[[6.95, 42.55], [7.05, 42.55], [7.05, 42.65], [6.95, 42.65], [6.95, 42.55]]]}}, {"type": "Feature", "properties": {"habitat": "Pelagos Sanctuary", "hours_fast": 42.0, "hours_total": 115.0, "pct_fast": 0.87, "mean_speed_kn": 15.3}, "geometry": {"type": "Polygon", "coordinates": [[[7.05, 42.55], [7.15, 42.55], [7.15, 42.65], [7.05, 42.65], [7.05, 42.55]]]}}, {"type": "Feature", "properties": {"habitat": "Pelagos Sanctuary", "hours_fast": 38.0, "hours_total": 116.0, "pct_fast": 0.0, "mean_speed_kn": 14.96}, "geometry": {"type": "Polygon", "coordinates": [[[7.15, 42.55], [7.25, 42.55], [7.25, 42.65], [7.15, 42.65], [7.15, 42.55]]]}}, {"type": "Feature", "properties": {"habitat": "Pelagos Sanctuary", "hours_fast": 34.0, "hours_total": 132.0, "pct_fast": 0.0, "mean_speed_kn": 14.43}, "geometry": {"type": "Polygon", "coordinates": [[[7.25, 42.55], [7.35, 42.55], [7.35, 42.65], [7.25, 42.65], [7.25, 42.55]]]}}, {"type": "Feature", "properties": {"habitat": "Pelagos Sanctuary", "hours_fast": 36.0, "hours_total": 144.0, "pct_fast": 0.69, "mean_speed_kn": 14.43}, "geometry": {"type": "Polygon", "coordinates": [[[7.35, 42.55], [7.45, 42.55], [7.45, 42.65], [7.35, 42.65], [7.35, 42.55]]]}}, {"type": "Feature", "properties": {"habitat": "Pelagos Sanctuary", "hours_fast": 37.0, "hours_total": 171.0, "pct_fast": 2.34, "mean_speed_kn": 14.3}, "geometry": {"type": "Polygon", "coordinates": [[[7.45, 42.55], [7.55, 42.55], [7.55, 42.65], [7.45, 42.65], [7.45, 42.55]]]}}, {"type": "Feature", "properties": {"habitat": "Pelagos Sanctuary", "hours_fast": 43.0, "hours_total": 142.0, "pct_fast": 1.41, "mean_speed_kn": 14.88}, "geometry": {"type": "Polygon", "coordinates": [[[7.55, 42.55], [7.65, 42.55], [7.65, 42.65], [7.55, 42.65], [7.55, 42.55]]]}}, {"type": "Feature", "properties": {"habitat": "Pelagos Sanctuary", "hours_fast": 35.0, "hours_total": 109.0, "pct_fast": 3.67, "mean_speed_kn": 15.18}, "geometry": {"type": "Polygon", "coordinates": [[[7.65, 42.55], [7.75, 42.55], [7.75, 42.65], [7.65, 42.65], [7.65, 42.55]]]}}, {"type": "Feature", "properties": {"habitat": "Pelagos Sanctuary", "hours_fast": 43.0, "hours_total": 155.0, "pct_fast": 1.94, "mean_speed_kn": 14.73}, "geometry": {"type": "Polygon", "coordinates": [[[7.75, 42.55], [7.85, 42.55], [7.85, 42.65], [7.75, 42.65], [7.75, 42.55]]]}}, {"type": "Feature", "properties": {"habitat": "Pelagos Sanctuary", "hours_fast": 67.0, "hours_total": 191.0, "pct_fast": 1.05, "mean_speed_kn": 15.21}, "geometry": {"type": "Polygon", "coordinates": [[[7.85, 42.55], [7.95, 42.55], [7.95, 42.65], [7.85, 42.65], [7.85, 42.55]]]}}, {"type": "Feature", "properties": {"habitat": "Pelagos Sanctuary", "hours_fast": 49.0, "hours_total": 171.0, "pct_fast": 1.17, "mean_speed_kn": 14.74}, "geometry": {"type": "Polygon", "coordinates": [[[7.95, 42.55], [8.05, 42.55], [8.05, 42.65], [7.95, 42.65], [7.95, 42.55]]]}}, {"type": "Feature", "properties": {"habitat": "Pelagos Sanctuary", "hours_fast": 55.0, "hours_total": 175.0, "pct_fast": 2.29, "mean_speed_kn": 15.03}, "geometry": {"type": "Polygon", "coordinates": [[[8.05, 42.55], [8.15, 42.55], [8.15, 42.65], [8.05, 42.65], [8.05, 42.55]]]}}, {"type": "Feature", "properties": {"habitat": "Pelagos Sanctuary", "hours_fast": 44.0, "hours_total": 143.0, "pct_fast": 0.7, "mean_speed_kn": 14.86}, "geometry": {"type": "Polygon", "coordinates": [[[8.15, 42.55], [8.25, 42.55], [8.25, 42.65], [8.15, 42.65], [8.15, 42.55]]]}}, {"type": "Feature", "properties": {"habitat": "Pelagos Sanctuary", "hours_fast": 55.0, "hours_total": 150.0, "pct_fast": 0.0, "mean_speed_kn": 15.25}, "geometry": {"type": "Polygon", "coordinates": [[[8.25, 42.55], [8.35, 42.55], [8.35, 42.65], [8.25, 42.65], [8.25, 42.55]]]}}, {"type": "Feature", "properties": {"habitat": "Pelagos Sanctuary", "hours_fast": 93.0, "hours_total": 178.0, "pct_fast": 0.56, "mean_speed_kn": 16.46}, "geometry": {"type": "Polygon", "coordinates": [[[8.35, 42.55], [8.45, 42.55], [8.45, 42.65], [8.35, 42.65], [8.35, 42.55]]]}}, {"type": "Feature", "properties": {"habitat": "Pelagos Sanctuary", "hours_fast": 217.0, "hours_total": 283.0, "pct_fast": 0.35, "mean_speed_kn": 18.28}, "geometry": {"type": "Polygon", "coordinates": [[[8.45, 42.55], [8.55, 42.55], [8.55, 42.65], [8.45, 42.65], [8.45, 42.55]]]}}, {"type": "Feature", "properties": {"habitat": "Pelagos Sanctuary", "hours_fast": 19.0, "hours_total": 77.0, "pct_fast": 3.9, "mean_speed_kn": 14.64}, "geometry": {"type": "Polygon", "coordinates": [[[8.55, 42.55], [8.65, 42.55], [8.65, 42.65], [8.55, 42.65], [8.55, 42.55]]]}}, {"type": "Feature", "properties": {"habitat": "Pelagos Sanctuary", "hours_fast": 130.0, "hours_total": 348.0, "pct_fast": 6.32, "mean_speed_kn": 15.78}, "geometry": {"type": "Polygon", "coordinates": [[[8.65, 42.55], [8.75, 42.55], [8.75, 42.65], [8.65, 42.65], [8.65, 42.55]]]}}, {"type": "Feature", "properties": {"habitat": "Pelagos Sanctuary", "hours_fast": 59.0, "hours_total": 132.0, "pct_fast": 5.3, "mean_speed_kn": 16.25}, "geometry": {"type": "Polygon", "coordinates": [[[9.45, 42.55], [9.55, 42.55], [9.55, 42.65], [9.45, 42.65], [9.45, 42.55]]]}}, {"type": "Feature", "properties": {"habitat": "Pelagos Sanctuary", "hours_fast": 67.0, "hours_total": 185.0, "pct_fast": 5.95, "mean_speed_kn": 15.66}, "geometry": {"type": "Polygon", "coordinates": [[[9.55, 42.55], [9.65, 42.55], [9.65, 42.65], [9.55, 42.65], [9.55, 42.55]]]}}, {"type": "Feature", "properties": {"habitat": "Pelagos Sanctuary", "hours_fast": 503.0, "hours_total": 1010.0, "pct_fast": 1.29, "mean_speed_kn": 16.33}, "geometry": {"type": "Polygon", "coordinates": [[[9.65, 42.55], [9.75, 42.55], [9.75, 42.65], [9.65, 42.65], [9.65, 42.55]]]}}, {"type": "Feature", "properties": {"habitat": "Pelagos Sanctuary", "hours_fast": 498.0, "hours_total": 1271.0, "pct_fast": 1.18, "mean_speed_kn": 15.53}, "geometry": {"type": "Polygon", "coordinates": [[[9.75, 42.55], [9.85, 42.55], [9.85, 42.65], [9.75, 42.65], [9.75, 42.55]]]}}, {"type": "Feature", "properties": {"habitat": "Pelagos Sanctuary", "hours_fast": 538.0, "hours_total": 911.0, "pct_fast": 1.65, "mean_speed_kn": 17.05}, "geometry": {"type": "Polygon", "coordinates": [[[9.85, 42.55], [9.95, 42.55], [9.95, 42.65], [9.85, 42.65], [9.85, 42.55]]]}}, {"type": "Feature", "properties": {"habitat": "Pelagos Sanctuary", "hours_fast": 372.0, "hours_total": 456.0, "pct_fast": 2.41, "mean_speed_kn": 18.8}, "geometry": {"type": "Polygon", "coordinates": [[[9.95, 42.55], [10.05, 42.55], [10.05, 42.65], [9.95, 42.65], [9.95, 42.55]]]}}, {"type": "Feature", "properties": {"habitat": "Pelagos Sanctuary", "hours_fast": 55.0, "hours_total": 256.0, "pct_fast": 1.56, "mean_speed_kn": 14.23}, "geometry": {"type": "Polygon", "coordinates": [[[10.05, 42.55], [10.15, 42.55], [10.15, 42.65], [10.05, 42.65], [10.05, 42.55]]]}}, {"type": "Feature", "properties": {"habitat": "Pelagos Sanctuary", "hours_fast": 228.0, "hours_total": 599.0, "pct_fast": 1.0, "mean_speed_kn": 15.43}, "geometry": {"type": "Polygon", "coordinates": [[[10.15, 42.55], [10.25, 42.55], [10.25, 42.65], [10.15, 42.65], [10.15, 42.55]]]}}, {"type": "Feature", "properties": {"habitat": "Pelagos Sanctuary", "hours_fast": 140.0, "hours_total": 421.0, "pct_fast": 0.48, "mean_speed_kn": 15.03}, "geometry": {"type": "Polygon", "coordinates": [[[10.25, 42.55], [10.35, 42.55], [10.35, 42.65], [10.25, 42.65], [10.25, 42.55]]]}}, {"type": "Feature", "properties": {"habitat": "Pelagos Sanctuary", "hours_fast": 25.0, "hours_total": 101.0, "pct_fast": 6.93, "mean_speed_kn": 14.88}, "geometry": {"type": "Polygon", "coordinates": [[[10.35, 42.55], [10.45, 42.55], [10.45, 42.65], [10.35, 42.65], [10.35, 42.55]]]}}, {"type": "Feature", "properties": {"habitat": "Pelagos Sanctuary", "hours_fast": 32.0, "hours_total": 106.0, "pct_fast": 7.55, "mean_speed_kn": 15.33}, "geometry": {"type": "Polygon", "coordinates": [[[10.45, 42.55], [10.55, 42.55], [10.55, 42.65], [10.45, 42.65], [10.45, 42.55]]]}}, {"type": "Feature", "properties": {"habitat": "Pelagos Sanctuary", "hours_fast": 131.0, "hours_total": 291.0, "pct_fast": 1.03, "mean_speed_kn": 15.95}, "geometry": {"type": "Polygon", "coordinates": [[[10.55, 42.55], [10.65, 42.55], [10.65, 42.65], [10.55, 42.65], [10.55, 42.55]]]}}, {"type": "Feature", "properties": {"habitat": "Pelagos Sanctuary", "hours_fast": 105.0, "hours_total": 274.0, "pct_fast": 1.82, "mean_speed_kn": 15.51}, "geometry": {"type": "Polygon", "coordinates": [[[10.65, 42.55], [10.75, 42.55], [10.75, 42.65], [10.65, 42.65], [10.65, 42.55]]]}}, {"type": "Feature", "properties": {"habitat": "Pelagos Sanctuary", "hours_fast": 259.0, "hours_total": 595.0, "pct_fast": 1.51, "mean_speed_kn": 15.88}, "geometry": {"type": "Polygon", "coordinates": [[[10.75, 42.55], [10.85, 42.55], [10.85, 42.65], [10.75, 42.65], [10.75, 42.55]]]}}, {"type": "Feature", "properties": {"habitat": "Pelagos Sanctuary", "hours_fast": 50.0, "hours_total": 138.0, "pct_fast": 10.87, "mean_speed_kn": 16.03}, "geometry": {"type": "Polygon", "coordinates": [[[10.85, 42.55], [10.95, 42.55], [10.95, 42.65], [10.85, 42.65], [10.85, 42.55]]]}}, {"type": "Feature", "properties": {"habitat": "Pelagos Sanctuary", "hours_fast": 25.0, "hours_total": 67.0, "pct_fast": 4.48, "mean_speed_kn": 15.63}, "geometry": {"type": "Polygon", "coordinates": [[[10.95, 42.55], [11.05, 42.55], [11.05, 42.65], [10.95, 42.65], [10.95, 42.55]]]}}, {"type": "Feature", "properties": {"habitat": "Pelagos Sanctuary", "hours_fast": 18.0, "hours_total": 76.0, "pct_fast": 0.0, "mean_speed_kn": 14.28}, "geometry": {"type": "Polygon", "coordinates": [[[11.05, 42.55], [11.15, 42.55], [11.15, 42.65], [11.05, 42.65], [11.05, 42.55]]]}}, {"type": "Feature", "properties": {"habitat": "Pelagos Sanctuary", "hours_fast": 249.0, "hours_total": 714.0, "pct_fast": 0.56, "mean_speed_kn": 15.16}, "geometry": {"type": "Polygon", "coordinates": [[[6.45, 42.65], [6.55, 42.65], [6.55, 42.75], [6.45, 42.75], [6.45, 42.65]]]}}, {"type": "Feature", "properties": {"habitat": "Pelagos Sanctuary", "hours_fast": 228.0, "hours_total": 566.0, "pct_fast": 0.88, "mean_speed_kn": 15.59}, "geometry": {"type": "Polygon", "coordinates": [[[6.55, 42.65], [6.65, 42.65], [6.65, 42.75], [6.55, 42.75], [6.55, 42.65]]]}}, {"type": "Feature", "properties": {"habitat": "Pelagos Sanctuary", "hours_fast": 158.0, "hours_total": 374.0, "pct_fast": 0.8, "mean_speed_kn": 15.73}, "geometry": {"type": "Polygon", "coordinates": [[[6.65, 42.65], [6.75, 42.65], [6.75, 42.75], [6.65, 42.75], [6.65, 42.65]]]}}, {"type": "Feature", "properties": {"habitat": "Pelagos Sanctuary", "hours_fast": 59.0, "hours_total": 201.0, "pct_fast": 0.5, "mean_speed_kn": 14.74}, "geometry": {"type": "Polygon", "coordinates": [[[6.75, 42.65], [6.85, 42.65], [6.85, 42.75], [6.75, 42.75], [6.75, 42.65]]]}}, {"type": "Feature", "properties": {"habitat": "Pelagos Sanctuary", "hours_fast": 53.0, "hours_total": 175.0, "pct_fast": 0.0, "mean_speed_kn": 14.77}, "geometry": {"type": "Polygon", "coordinates": [[[6.85, 42.65], [6.95, 42.65], [6.95, 42.75], [6.85, 42.75], [6.85, 42.65]]]}}, {"type": "Feature", "properties": {"habitat": "Pelagos Sanctuary", "hours_fast": 42.0, "hours_total": 146.0, "pct_fast": 0.0, "mean_speed_kn": 14.66}, "geometry": {"type": "Polygon", "coordinates": [[[6.95, 42.65], [7.05, 42.65], [7.05, 42.75], [6.95, 42.75], [6.95, 42.65]]]}}, {"type": "Feature", "properties": {"habitat": "Pelagos Sanctuary", "hours_fast": 29.0, "hours_total": 134.0, "pct_fast": 0.0, "mean_speed_kn": 14.12}, "geometry": {"type": "Polygon", "coordinates": [[[7.05, 42.65], [7.15, 42.65], [7.15, 42.75], [7.05, 42.75], [7.05, 42.65]]]}}, {"type": "Feature", "properties": {"habitat": "Pelagos Sanctuary", "hours_fast": 39.0, "hours_total": 108.0, "pct_fast": 2.78, "mean_speed_kn": 15.42}, "geometry": {"type": "Polygon", "coordinates": [[[7.15, 42.65], [7.25, 42.65], [7.25, 42.75], [7.15, 42.75], [7.15, 42.65]]]}}, {"type": "Feature", "properties": {"habitat": "Pelagos Sanctuary", "hours_fast": 30.0, "hours_total": 120.0, "pct_fast": 0.83, "mean_speed_kn": 14.44}, "geometry": {"type": "Polygon", "coordinates": [[[7.25, 42.65], [7.35, 42.65], [7.35, 42.75], [7.25, 42.75], [7.25, 42.65]]]}}, {"type": "Feature", "properties": {"habitat": "Pelagos Sanctuary", "hours_fast": 39.0, "hours_total": 169.0, "pct_fast": 2.96, "mean_speed_kn": 14.45}, "geometry": {"type": "Polygon", "coordinates": [[[7.35, 42.65], [7.45, 42.65], [7.45, 42.75], [7.35, 42.75], [7.35, 42.65]]]}}, {"type": "Feature", "properties": {"habitat": "Pelagos Sanctuary", "hours_fast": 33.0, "hours_total": 166.0, "pct_fast": 3.01, "mean_speed_kn": 14.22}, "geometry": {"type": "Polygon", "coordinates": [[[7.45, 42.65], [7.55, 42.65], [7.55, 42.75], [7.45, 42.75], [7.45, 42.65]]]}}, {"type": "Feature", "properties": {"habitat": "Pelagos Sanctuary", "hours_fast": 39.0, "hours_total": 150.0, "pct_fast": 0.67, "mean_speed_kn": 14.5}, "geometry": {"type": "Polygon", "coordinates": [[[7.55, 42.65], [7.65, 42.65], [7.65, 42.75], [7.55, 42.75], [7.55, 42.65]]]}}, {"type": "Feature", "properties": {"habitat": "Pelagos Sanctuary", "hours_fast": 49.0, "hours_total": 198.0, "pct_fast": 1.52, "mean_speed_kn": 14.47}, "geometry": {"type": "Polygon", "coordinates": [[[7.65, 42.65], [7.75, 42.65], [7.75, 42.75], [7.65, 42.75], [7.65, 42.65]]]}}, {"type": "Feature", "properties": {"habitat": "Pelagos Sanctuary", "hours_fast": 49.0, "hours_total": 191.0, "pct_fast": 2.09, "mean_speed_kn": 14.58}, "geometry": {"type": "Polygon", "coordinates": [[[7.75, 42.65], [7.85, 42.65], [7.85, 42.75], [7.75, 42.75], [7.75, 42.65]]]}}, {"type": "Feature", "properties": {"habitat": "Pelagos Sanctuary", "hours_fast": 54.0, "hours_total": 171.0, "pct_fast": 1.17, "mean_speed_kn": 14.96}, "geometry": {"type": "Polygon", "coordinates": [[[7.85, 42.65], [7.95, 42.65], [7.95, 42.75], [7.85, 42.75], [7.85, 42.65]]]}}, {"type": "Feature", "properties": {"habitat": "Pelagos Sanctuary", "hours_fast": 54.0, "hours_total": 213.0, "pct_fast": 1.88, "mean_speed_kn": 14.54}, "geometry": {"type": "Polygon", "coordinates": [[[7.95, 42.65], [8.05, 42.65], [8.05, 42.75], [7.95, 42.75], [7.95, 42.65]]]}}, {"type": "Feature", "properties": {"habitat": "Pelagos Sanctuary", "hours_fast": 84.0, "hours_total": 214.0, "pct_fast": 3.74, "mean_speed_kn": 15.72}, "geometry": {"type": "Polygon", "coordinates": [[[8.05, 42.65], [8.15, 42.65], [8.15, 42.75], [8.05, 42.75], [8.05, 42.65]]]}}, {"type": "Feature", "properties": {"habitat": "Pelagos Sanctuary", "hours_fast": 92.0, "hours_total": 248.0, "pct_fast": 1.21, "mean_speed_kn": 15.37}, "geometry": {"type": "Polygon", "coordinates": [[[8.15, 42.65], [8.25, 42.65], [8.25, 42.75], [8.15, 42.75], [8.15, 42.65]]]}}, {"type": "Feature", "properties": {"habitat": "Pelagos Sanctuary", "hours_fast": 115.0, "hours_total": 268.0, "pct_fast": 2.61, "mean_speed_kn": 15.91}, "geometry": {"type": "Polygon", "coordinates": [[[8.25, 42.65], [8.35, 42.65], [8.35, 42.75], [8.25, 42.75], [8.25, 42.65]]]}}, {"type": "Feature", "properties": {"habitat": "Pelagos Sanctuary", "hours_fast": 117.0, "hours_total": 310.0, "pct_fast": 0.97, "mean_speed_kn": 15.4}, "geometry": {"type": "Polygon", "coordinates": [[[8.35, 42.65], [8.45, 42.65], [8.45, 42.75], [8.35, 42.75], [8.35, 42.65]]]}}, {"type": "Feature", "properties": {"habitat": "Pelagos Sanctuary", "hours_fast": 379.0, "hours_total": 569.0, "pct_fast": 0.7, "mean_speed_kn": 17.55}, "geometry": {"type": "Polygon", "coordinates": [[[8.45, 42.65], [8.55, 42.65], [8.55, 42.75], [8.45, 42.75], [8.45, 42.65]]]}}, {"type": "Feature", "properties": {"habitat": "Pelagos Sanctuary", "hours_fast": 80.0, "hours_total": 231.0, "pct_fast": 2.16, "mean_speed_kn": 15.26}, "geometry": {"type": "Polygon", "coordinates": [[[8.55, 42.65], [8.65, 42.65], [8.65, 42.75], [8.55, 42.75], [8.55, 42.65]]]}}, {"type": "Feature", "properties": {"habitat": "Pelagos Sanctuary", "hours_fast": 57.0, "hours_total": 172.0, "pct_fast": 1.16, "mean_speed_kn": 15.07}, "geometry": {"type": "Polygon", "coordinates": [[[8.65, 42.65], [8.75, 42.65], [8.75, 42.75], [8.65, 42.75], [8.65, 42.65]]]}}, {"type": "Feature", "properties": {"habitat": "Pelagos Sanctuary", "hours_fast": 48.0, "hours_total": 153.0, "pct_fast": 0.65, "mean_speed_kn": 14.9}, "geometry": {"type": "Polygon", "coordinates": [[[8.75, 42.65], [8.85, 42.65], [8.85, 42.75], [8.75, 42.75], [8.75, 42.65]]]}}, {"type": "Feature", "properties": {"habitat": "Pelagos Sanctuary", "hours_fast": 79.0, "hours_total": 263.0, "pct_fast": 2.66, "mean_speed_kn": 14.95}, "geometry": {"type": "Polygon", "coordinates": [[[8.85, 42.65], [8.95, 42.65], [8.95, 42.75], [8.85, 42.75], [8.85, 42.65]]]}}, {"type": "Feature", "properties": {"habitat": "Pelagos Sanctuary", "hours_fast": 58.0, "hours_total": 142.0, "pct_fast": 3.52, "mean_speed_kn": 15.83}, "geometry": {"type": "Polygon", "coordinates": [[[8.95, 42.65], [9.05, 42.65], [9.05, 42.75], [8.95, 42.75], [8.95, 42.65]]]}}, {"type": "Feature", "properties": {"habitat": "Pelagos Sanctuary", "hours_fast": 159.0, "hours_total": 359.0, "pct_fast": 8.36, "mean_speed_kn": 16.45}, "geometry": {"type": "Polygon", "coordinates": [[[9.25, 42.65], [9.35, 42.65], [9.35, 42.75], [9.25, 42.75], [9.25, 42.65]]]}}, {"type": "Feature", "properties": {"habitat": "Pelagos Sanctuary", "hours_fast": 766.0, "hours_total": 2285.0, "pct_fast": 1.36, "mean_speed_kn": 15.12}, "geometry": {"type": "Polygon", "coordinates": [[[9.45, 42.65], [9.55, 42.65], [9.55, 42.75], [9.45, 42.75], [9.45, 42.65]]]}}, {"type": "Feature", "properties": {"habitat": "Pelagos Sanctuary", "hours_fast": 125.0, "hours_total": 272.0, "pct_fast": 2.94, "mean_speed_kn": 16.17}, "geometry": {"type": "Polygon", "coordinates": [[[9.55, 42.65], [9.65, 42.65], [9.65, 42.75], [9.55, 42.75], [9.55, 42.65]]]}}, {"type": "Feature", "properties": {"habitat": "Pelagos Sanctuary", "hours_fast": 699.0, "hours_total": 1554.0, "pct_fast": 0.97, "mean_speed_kn": 15.95}, "geometry": {"type": "Polygon", "coordinates": [[[9.65, 42.65], [9.75, 42.65], [9.75, 42.75], [9.65, 42.75], [9.65, 42.65]]]}}, {"type": "Feature", "properties": {"habitat": "Pelagos Sanctuary", "hours_fast": 307.0, "hours_total": 901.0, "pct_fast": 0.89, "mean_speed_kn": 15.12}, "geometry": {"type": "Polygon", "coordinates": [[[9.75, 42.65], [9.85, 42.65], [9.85, 42.75], [9.75, 42.75], [9.75, 42.65]]]}}, {"type": "Feature", "properties": {"habitat": "Pelagos Sanctuary", "hours_fast": 296.0, "hours_total": 577.0, "pct_fast": 1.21, "mean_speed_kn": 16.44}, "geometry": {"type": "Polygon", "coordinates": [[[9.85, 42.65], [9.95, 42.65], [9.95, 42.75], [9.85, 42.75], [9.85, 42.65]]]}}, {"type": "Feature", "properties": {"habitat": "Pelagos Sanctuary", "hours_fast": 689.0, "hours_total": 1010.0, "pct_fast": 3.37, "mean_speed_kn": 17.87}, "geometry": {"type": "Polygon", "coordinates": [[[9.95, 42.65], [10.05, 42.65], [10.05, 42.75], [9.95, 42.75], [9.95, 42.65]]]}}, {"type": "Feature", "properties": {"habitat": "Pelagos Sanctuary", "hours_fast": 330.0, "hours_total": 824.0, "pct_fast": 1.58, "mean_speed_kn": 15.62}, "geometry": {"type": "Polygon", "coordinates": [[[10.05, 42.65], [10.15, 42.65], [10.15, 42.75], [10.05, 42.75], [10.05, 42.65]]]}}, {"type": "Feature", "properties": {"habitat": "Pelagos Sanctuary", "hours_fast": 117.0, "hours_total": 538.0, "pct_fast": 2.23, "mean_speed_kn": 14.3}, "geometry": {"type": "Polygon", "coordinates": [[[10.15, 42.65], [10.25, 42.65], [10.25, 42.75], [10.15, 42.75], [10.15, 42.65]]]}}, {"type": "Feature", "properties": {"habitat": "Pelagos Sanctuary", "hours_fast": 93.0, "hours_total": 255.0, "pct_fast": 5.1, "mean_speed_kn": 15.62}, "geometry": {"type": "Polygon", "coordinates": [[[10.25, 42.65], [10.35, 42.65], [10.35, 42.75], [10.25, 42.75], [10.25, 42.65]]]}}, {"type": "Feature", "properties": {"habitat": "Pelagos Sanctuary", "hours_fast": 146.0, "hours_total": 465.0, "pct_fast": 2.15, "mean_speed_kn": 15.02}, "geometry": {"type": "Polygon", "coordinates": [[[10.35, 42.65], [10.45, 42.65], [10.45, 42.75], [10.35, 42.75], [10.35, 42.65]]]}}, {"type": "Feature", "properties": {"habitat": "Pelagos Sanctuary", "hours_fast": 67.0, "hours_total": 171.0, "pct_fast": 5.26, "mean_speed_kn": 15.83}, "geometry": {"type": "Polygon", "coordinates": [[[10.45, 42.65], [10.55, 42.65], [10.55, 42.75], [10.45, 42.75], [10.45, 42.65]]]}}, {"type": "Feature", "properties": {"habitat": "Pelagos Sanctuary", "hours_fast": 180.0, "hours_total": 416.0, "pct_fast": 1.2, "mean_speed_kn": 15.84}, "geometry": {"type": "Polygon", "coordinates": [[[10.55, 42.65], [10.65, 42.65], [10.65, 42.75], [10.55, 42.75], [10.55, 42.65]]]}}, {"type": "Feature", "properties": {"habitat": "Pelagos Sanctuary", "hours_fast": 136.0, "hours_total": 442.0, "pct_fast": 2.49, "mean_speed_kn": 14.99}, "geometry": {"type": "Polygon", "coordinates": [[[10.65, 42.65], [10.75, 42.65], [10.75, 42.75], [10.65, 42.75], [10.65, 42.65]]]}}, {"type": "Feature", "properties": {"habitat": "Pelagos Sanctuary", "hours_fast": 37.0, "hours_total": 109.0, "pct_fast": 2.75, "mean_speed_kn": 15.25}, "geometry": {"type": "Polygon", "coordinates": [[[10.75, 42.65], [10.85, 42.65], [10.85, 42.75], [10.75, 42.75], [10.75, 42.65]]]}}, {"type": "Feature", "properties": {"habitat": "Pelagos Sanctuary", "hours_fast": 34.0, "hours_total": 81.0, "pct_fast": 1.23, "mean_speed_kn": 15.74}, "geometry": {"type": "Polygon", "coordinates": [[[10.85, 42.65], [10.95, 42.65], [10.95, 42.75], [10.85, 42.75], [10.85, 42.65]]]}}, {"type": "Feature", "properties": {"habitat": "Pelagos Sanctuary", "hours_fast": 269.0, "hours_total": 624.0, "pct_fast": 0.48, "mean_speed_kn": 15.77}, "geometry": {"type": "Polygon", "coordinates": [[[6.35, 42.75], [6.45, 42.75], [6.45, 42.85], [6.35, 42.85], [6.35, 42.75]]]}}, {"type": "Feature", "properties": {"habitat": "Pelagos Sanctuary", "hours_fast": 177.0, "hours_total": 601.0, "pct_fast": 1.16, "mean_speed_kn": 14.8}, "geometry": {"type": "Polygon", "coordinates": [[[6.45, 42.75], [6.55, 42.75], [6.55, 42.85], [6.45, 42.85], [6.45, 42.75]]]}}, {"type": "Feature", "properties": {"habitat": "Pelagos Sanctuary", "hours_fast": 154.0, "hours_total": 561.0, "pct_fast": 0.0, "mean_speed_kn": 14.56}, "geometry": {"type": "Polygon", "coordinates": [[[6.55, 42.75], [6.65, 42.75], [6.65, 42.85], [6.55, 42.85], [6.55, 42.75]]]}}, {"type": "Feature", "properties": {"habitat": "Pelagos Sanctuary", "hours_fast": 173.0, "hours_total": 619.0, "pct_fast": 0.16, "mean_speed_kn": 14.61}, "geometry": {"type": "Polygon", "coordinates": [[[6.65, 42.75], [6.75, 42.75], [6.75, 42.85], [6.65, 42.85], [6.65, 42.75]]]}}, {"type": "Feature", "properties": {"habitat": "Pelagos Sanctuary", "hours_fast": 124.0, "hours_total": 412.0, "pct_fast": 0.0, "mean_speed_kn": 14.76}, "geometry": {"type": "Polygon", "coordinates": [[[6.75, 42.75], [6.85, 42.75], [6.85, 42.85], [6.75, 42.85], [6.75, 42.75]]]}}, {"type": "Feature", "properties": {"habitat": "Pelagos Sanctuary", "hours_fast": 68.0, "hours_total": 253.0, "pct_fast": 0.79, "mean_speed_kn": 14.58}, "geometry": {"type": "Polygon", "coordinates": [[[6.85, 42.75], [6.95, 42.75], [6.95, 42.85], [6.85, 42.85], [6.85, 42.75]]]}}, {"type": "Feature", "properties": {"habitat": "Pelagos Sanctuary", "hours_fast": 79.0, "hours_total": 272.0, "pct_fast": 0.0, "mean_speed_kn": 14.68}, "geometry": {"type": "Polygon", "coordinates": [[[6.95, 42.75], [7.05, 42.75], [7.05, 42.85], [6.95, 42.85], [6.95, 42.75]]]}}, {"type": "Feature", "properties": {"habitat": "Pelagos Sanctuary", "hours_fast": 73.0, "hours_total": 260.0, "pct_fast": 1.15, "mean_speed_kn": 14.69}, "geometry": {"type": "Polygon", "coordinates": [[[7.05, 42.75], [7.15, 42.75], [7.15, 42.85], [7.05, 42.85], [7.05, 42.75]]]}}, {"type": "Feature", "properties": {"habitat": "Pelagos Sanctuary", "hours_fast": 113.0, "hours_total": 356.0, "pct_fast": 1.4, "mean_speed_kn": 14.99}, "geometry": {"type": "Polygon", "coordinates": [[[7.15, 42.75], [7.25, 42.75], [7.25, 42.85], [7.15, 42.85], [7.15, 42.75]]]}}, {"type": "Feature", "properties": {"habitat": "Pelagos Sanctuary", "hours_fast": 121.0, "hours_total": 357.0, "pct_fast": 2.8, "mean_speed_kn": 15.25}, "geometry": {"type": "Polygon", "coordinates": [[[7.25, 42.75], [7.35, 42.75], [7.35, 42.85], [7.25, 42.85], [7.25, 42.75]]]}}, {"type": "Feature", "properties": {"habitat": "Pelagos Sanctuary", "hours_fast": 107.0, "hours_total": 267.0, "pct_fast": 2.62, "mean_speed_kn": 15.7}, "geometry": {"type": "Polygon", "coordinates": [[[7.35, 42.75], [7.45, 42.75], [7.45, 42.85], [7.35, 42.85], [7.35, 42.75]]]}}, {"type": "Feature", "properties": {"habitat": "Pelagos Sanctuary", "hours_fast": 106.0, "hours_total": 297.0, "pct_fast": 1.35, "mean_speed_kn": 15.28}, "geometry": {"type": "Polygon", "coordinates": [[[7.45, 42.75], [7.55, 42.75], [7.55, 42.85], [7.45, 42.85], [7.45, 42.75]]]}}, {"type": "Feature", "properties": {"habitat": "Pelagos Sanctuary", "hours_fast": 100.0, "hours_total": 315.0, "pct_fast": 1.27, "mean_speed_kn": 14.98}, "geometry": {"type": "Polygon", "coordinates": [[[7.55, 42.75], [7.65, 42.75], [7.65, 42.85], [7.55, 42.85], [7.55, 42.75]]]}}, {"type": "Feature", "properties": {"habitat": "Pelagos Sanctuary", "hours_fast": 103.0, "hours_total": 341.0, "pct_fast": 2.05, "mean_speed_kn": 14.92}, "geometry": {"type": "Polygon", "coordinates": [[[7.65, 42.75], [7.75, 42.75], [7.75, 42.85], [7.65, 42.85], [7.65, 42.75]]]}}, {"type": "Feature", "properties": {"habitat": "Pelagos Sanctuary", "hours_fast": 112.0, "hours_total": 320.0, "pct_fast": 2.19, "mean_speed_kn": 15.29}, "geometry": {"type": "Polygon", "coordinates": [[[7.75, 42.75], [7.85, 42.75], [7.85, 42.85], [7.75, 42.85], [7.75, 42.75]]]}}, {"type": "Feature", "properties": {"habitat": "Pelagos Sanctuary", "hours_fast": 92.0, "hours_total": 297.0, "pct_fast": 2.02, "mean_speed_kn": 14.97}, "geometry": {"type": "Polygon", "coordinates": [[[7.85, 42.75], [7.95, 42.75], [7.95, 42.85], [7.85, 42.85], [7.85, 42.75]]]}}, {"type": "Feature", "properties": {"habitat": "Pelagos Sanctuary", "hours_fast": 110.0, "hours_total": 268.0, "pct_fast": 2.24, "mean_speed_kn": 15.75}, "geometry": {"type": "Polygon", "coordinates": [[[7.95, 42.75], [8.05, 42.75], [8.05, 42.85], [7.95, 42.85], [7.95, 42.75]]]}}, {"type": "Feature", "properties": {"habitat": "Pelagos Sanctuary", "hours_fast": 79.0, "hours_total": 224.0, "pct_fast": 1.79, "mean_speed_kn": 15.28}, "geometry": {"type": "Polygon", "coordinates": [[[8.05, 42.75], [8.15, 42.75], [8.15, 42.85], [8.05, 42.85], [8.05, 42.75]]]}}, {"type": "Feature", "properties": {"habitat": "Pelagos Sanctuary", "hours_fast": 59.0, "hours_total": 165.0, "pct_fast": 0.61, "mean_speed_kn": 15.23}, "geometry": {"type": "Polygon", "coordinates": [[[8.15, 42.75], [8.25, 42.75], [8.25, 42.85], [8.15, 42.85], [8.15, 42.75]]]}}, {"type": "Feature", "properties": {"habitat": "Pelagos Sanctuary", "hours_fast": 66.0, "hours_total": 180.0, "pct_fast": 1.67, "mean_speed_kn": 15.38}, "geometry": {"type": "Polygon", "coordinates": [[[8.25, 42.75], [8.35, 42.75], [8.35, 42.85], [8.25, 42.85], [8.25, 42.75]]]}}, {"type": "Feature", "properties": {"habitat": "Pelagos Sanctuary", "hours_fast": 67.0, "hours_total": 163.0, "pct_fast": 1.84, "mean_speed_kn": 15.72}, "geometry": {"type": "Polygon", "coordinates": [[[8.35, 42.75], [8.45, 42.75], [8.45, 42.85], [8.35, 42.85], [8.35, 42.75]]]}}, {"type": "Feature", "properties": {"habitat": "Pelagos Sanctuary", "hours_fast": 216.0, "hours_total": 355.0, "pct_fast": 1.69, "mean_speed_kn": 17.19}, "geometry": {"type": "Polygon", "coordinates": [[[8.45, 42.75], [8.55, 42.75], [8.55, 42.85], [8.45, 42.85], [8.45, 42.75]]]}}, {"type": "Feature", "properties": {"habitat": "Pelagos Sanctuary", "hours_fast": 106.0, "hours_total": 205.0, "pct_fast": 2.93, "mean_speed_kn": 16.6}, "geometry": {"type": "Polygon", "coordinates": [[[8.55, 42.75], [8.65, 42.75], [8.65, 42.85], [8.55, 42.85], [8.55, 42.75]]]}}, {"type": "Feature", "properties": {"habitat": "Pelagos Sanctuary", "hours_fast": 41.0, "hours_total": 122.0, "pct_fast": 0.82, "mean_speed_kn": 15.08}, "geometry": {"type": "Polygon", "coordinates": [[[8.65, 42.75], [8.75, 42.75], [8.75, 42.85], [8.65, 42.85], [8.65, 42.75]]]}}, {"type": "Feature", "properties": {"habitat": "Pelagos Sanctuary", "hours_fast": 21.0, "hours_total": 89.0, "pct_fast": 2.25, "mean_speed_kn": 14.44}, "geometry": {"type": "Polygon", "coordinates": [[[8.75, 42.75], [8.85, 42.75], [8.85, 42.85], [8.75, 42.85], [8.75, 42.75]]]}}, {"type": "Feature", "properties": {"habitat": "Pelagos Sanctuary", "hours_fast": 10.0, "hours_total": 42.0, "pct_fast": 0.0, "mean_speed_kn": 14.29}, "geometry": {"type": "Polygon", "coordinates": [[[8.85, 42.75], [8.95, 42.75], [8.95, 42.85], [8.85, 42.85], [8.85, 42.75]]]}}, {"type": "Feature", "properties": {"habitat": "Pelagos Sanctuary", "hours_fast": 15.0, "hours_total": 51.0, "pct_fast": 1.96, "mean_speed_kn": 14.85}, "geometry": {"type": "Polygon", "coordinates": [[[8.95, 42.75], [9.05, 42.75], [9.05, 42.85], [8.95, 42.85], [8.95, 42.75]]]}}, {"type": "Feature", "properties": {"habitat": "Pelagos Sanctuary", "hours_fast": 37.0, "hours_total": 86.0, "pct_fast": 4.65, "mean_speed_kn": 16.08}, "geometry": {"type": "Polygon", "coordinates": [[[9.05, 42.75], [9.15, 42.75], [9.15, 42.85], [9.05, 42.85], [9.05, 42.75]]]}}, {"type": "Feature", "properties": {"habitat": "Pelagos Sanctuary", "hours_fast": 20.0, "hours_total": 47.0, "pct_fast": 8.51, "mean_speed_kn": 16.33}, "geometry": {"type": "Polygon", "coordinates": [[[9.15, 42.75], [9.25, 42.75], [9.25, 42.85], [9.15, 42.85], [9.15, 42.75]]]}}, {"type": "Feature", "properties": {"habitat": "Pelagos Sanctuary", "hours_fast": 69.0, "hours_total": 119.0, "pct_fast": 12.61, "mean_speed_kn": 17.79}, "geometry": {"type": "Polygon", "coordinates": [[[9.25, 42.75], [9.35, 42.75], [9.35, 42.85], [9.25, 42.85], [9.25, 42.75]]]}}, {"type": "Feature", "properties": {"habitat": "Pelagos Sanctuary", "hours_fast": 193.0, "hours_total": 340.0, "pct_fast": 9.12, "mean_speed_kn": 17.44}, "geometry": {"type": "Polygon", "coordinates": [[[9.45, 42.75], [9.55, 42.75], [9.55, 42.85], [9.45, 42.85], [9.45, 42.75]]]}}, {"type": "Feature", "properties": {"habitat": "Pelagos Sanctuary", "hours_fast": 709.0, "hours_total": 1404.0, "pct_fast": 1.21, "mean_speed_kn": 16.38}, "geometry": {"type": "Polygon", "coordinates": [[[9.55, 42.75], [9.65, 42.75], [9.65, 42.85], [9.55, 42.85], [9.55, 42.75]]]}}, {"type": "Feature", "properties": {"habitat": "Pelagos Sanctuary", "hours_fast": 989.0, "hours_total": 2084.0, "pct_fast": 1.2, "mean_speed_kn": 16.15}, "geometry": {"type": "Polygon", "coordinates": [[[9.65, 42.75], [9.75, 42.75], [9.75, 42.85], [9.65, 42.85], [9.65, 42.75]]]}}, {"type": "Feature", "properties": {"habitat": "Pelagos Sanctuary", "hours_fast": 169.0, "hours_total": 413.0, "pct_fast": 1.94, "mean_speed_kn": 15.71}, "geometry": {"type": "Polygon", "coordinates": [[[9.75, 42.75], [9.85, 42.75], [9.85, 42.85], [9.75, 42.85], [9.75, 42.75]]]}}, {"type": "Feature", "properties": {"habitat": "Pelagos Sanctuary", "hours_fast": 258.0, "hours_total": 565.0, "pct_fast": 0.71, "mean_speed_kn": 15.98}, "geometry": {"type": "Polygon", "coordinates": [[[9.85, 42.75], [9.95, 42.75], [9.95, 42.85], [9.85, 42.85], [9.85, 42.75]]]}}, {"type": "Feature", "properties": {"habitat": "Pelagos Sanctuary", "hours_fast": 1075.0, "hours_total": 1549.0, "pct_fast": 2.84, "mean_speed_kn": 17.92}, "geometry": {"type": "Polygon", "coordinates": [[[9.95, 42.75], [10.05, 42.75], [10.05, 42.85], [9.95, 42.85], [9.95, 42.75]]]}}, {"type": "Feature", "properties": {"habitat": "Pelagos Sanctuary", "hours_fast": 105.0, "hours_total": 305.0, "pct_fast": 3.93, "mean_speed_kn": 15.38}, "geometry": {"type": "Polygon", "coordinates": [[[10.05, 42.75], [10.15, 42.75], [10.15, 42.85], [10.05, 42.85], [10.05, 42.75]]]}}, {"type": "Feature", "properties": {"habitat": "Pelagos Sanctuary", "hours_fast": 204.0, "hours_total": 787.0, "pct_fast": 1.14, "mean_speed_kn": 14.53}, "geometry": {"type": "Polygon", "coordinates": [[[10.45, 42.75], [10.55, 42.75], [10.55, 42.85], [10.45, 42.85], [10.45, 42.75]]]}}, {"type": "Feature", "properties": {"habitat": "Pelagos Sanctuary", "hours_fast": 260.0, "hours_total": 631.0, "pct_fast": 3.8, "mean_speed_kn": 15.88}, "geometry": {"type": "Polygon", "coordinates": [[[10.55, 42.75], [10.65, 42.75], [10.65, 42.85], [10.55, 42.85], [10.55, 42.75]]]}}, {"type": "Feature", "properties": {"habitat": "Pelagos Sanctuary", "hours_fast": 117.0, "hours_total": 274.0, "pct_fast": 6.2, "mean_speed_kn": 16.17}, "geometry": {"type": "Polygon", "coordinates": [[[10.65, 42.75], [10.75, 42.75], [10.75, 42.85], [10.65, 42.85], [10.65, 42.75]]]}}, {"type": "Feature", "properties": {"habitat": "Pelagos Sanctuary", "hours_fast": 520.0, "hours_total": 992.0, "pct_fast": 0.6, "mean_speed_kn": 16.48}, "geometry": {"type": "Polygon", "coordinates": [[[6.25, 42.85], [6.35, 42.85], [6.35, 42.95], [6.25, 42.95], [6.25, 42.85]]]}}, {"type": "Feature", "properties": {"habitat": "Pelagos Sanctuary", "hours_fast": 550.0, "hours_total": 974.0, "pct_fast": 0.62, "mean_speed_kn": 16.78}, "geometry": {"type": "Polygon", "coordinates": [[[6.35, 42.85], [6.45, 42.85], [6.45, 42.95], [6.35, 42.95], [6.35, 42.85]]]}}, {"type": "Feature", "properties": {"habitat": "Pelagos Sanctuary", "hours_fast": 411.0, "hours_total": 752.0, "pct_fast": 0.4, "mean_speed_kn": 16.63}, "geometry": {"type": "Polygon", "coordinates": [[[6.45, 42.85], [6.55, 42.85], [6.55, 42.95], [6.45, 42.95], [6.45, 42.85]]]}}, {"type": "Feature", "properties": {"habitat": "Pelagos Sanctuary", "hours_fast": 328.0, "hours_total": 674.0, "pct_fast": 0.74, "mean_speed_kn": 16.21}, "geometry": {"type": "Polygon", "coordinates": [[[6.55, 42.85], [6.65, 42.85], [6.65, 42.95], [6.55, 42.95], [6.55, 42.85]]]}}, {"type": "Feature", "properties": {"habitat": "Pelagos Sanctuary", "hours_fast": 312.0, "hours_total": 637.0, "pct_fast": 0.31, "mean_speed_kn": 16.2}, "geometry": {"type": "Polygon", "coordinates": [[[6.65, 42.85], [6.75, 42.85], [6.75, 42.95], [6.65, 42.95], [6.65, 42.85]]]}}, {"type": "Feature", "properties": {"habitat": "Pelagos Sanctuary", "hours_fast": 268.0, "hours_total": 688.0, "pct_fast": 1.02, "mean_speed_kn": 15.5}, "geometry": {"type": "Polygon", "coordinates": [[[6.75, 42.85], [6.85, 42.85], [6.85, 42.95], [6.75, 42.95], [6.75, 42.85]]]}}, {"type": "Feature", "properties": {"habitat": "Pelagos Sanctuary", "hours_fast": 209.0, "hours_total": 631.0, "pct_fast": 1.11, "mean_speed_kn": 15.07}, "geometry": {"type": "Polygon", "coordinates": [[[6.85, 42.85], [6.95, 42.85], [6.95, 42.95], [6.85, 42.95], [6.85, 42.85]]]}}, {"type": "Feature", "properties": {"habitat": "Pelagos Sanctuary", "hours_fast": 140.0, "hours_total": 370.0, "pct_fast": 0.54, "mean_speed_kn": 15.38}, "geometry": {"type": "Polygon", "coordinates": [[[6.95, 42.85], [7.05, 42.85], [7.05, 42.95], [6.95, 42.95], [6.95, 42.85]]]}}, {"type": "Feature", "properties": {"habitat": "Pelagos Sanctuary", "hours_fast": 110.0, "hours_total": 343.0, "pct_fast": 0.87, "mean_speed_kn": 14.97}, "geometry": {"type": "Polygon", "coordinates": [[[7.05, 42.85], [7.15, 42.85], [7.15, 42.95], [7.05, 42.95], [7.05, 42.85]]]}}, {"type": "Feature", "properties": {"habitat": "Pelagos Sanctuary", "hours_fast": 91.0, "hours_total": 385.0, "pct_fast": 2.08, "mean_speed_kn": 14.43}, "geometry": {"type": "Polygon", "coordinates": [[[7.15, 42.85], [7.25, 42.85], [7.25, 42.95], [7.15, 42.95], [7.15, 42.85]]]}}, {"type": "Feature", "properties": {"habitat": "Pelagos Sanctuary", "hours_fast": 65.0, "hours_total": 282.0, "pct_fast": 0.35, "mean_speed_kn": 14.26}, "geometry": {"type": "Polygon", "coordinates": [[[7.25, 42.85], [7.35, 42.85], [7.35, 42.95], [7.25, 42.95], [7.25, 42.85]]]}}, {"type": "Feature", "properties": {"habitat": "Pelagos Sanctuary", "hours_fast": 49.0, "hours_total": 263.0, "pct_fast": 1.9, "mean_speed_kn": 14.04}, "geometry": {"type": "Polygon", "coordinates": [[[7.35, 42.85], [7.45, 42.85], [7.45, 42.95], [7.35, 42.95], [7.35, 42.85]]]}}, {"type": "Feature", "properties": {"habitat": "Pelagos Sanctuary", "hours_fast": 60.0, "hours_total": 251.0, "pct_fast": 1.59, "mean_speed_kn": 14.41}, "geometry": {"type": "Polygon", "coordinates": [[[7.45, 42.85], [7.55, 42.85], [7.55, 42.95], [7.45, 42.95], [7.45, 42.85]]]}}, {"type": "Feature", "properties": {"habitat": "Pelagos Sanctuary", "hours_fast": 64.0, "hours_total": 330.0, "pct_fast": 0.61, "mean_speed_kn": 14.0}, "geometry": {"type": "Polygon", "coordinates": [[[7.55, 42.85], [7.65, 42.85], [7.65, 42.95], [7.55, 42.95], [7.55, 42.85]]]}}, {"type": "Feature", "properties": {"habitat": "Pelagos Sanctuary", "hours_fast": 77.0, "hours_total": 316.0, "pct_fast": 1.27, "mean_speed_kn": 14.42}, "geometry": {"type": "Polygon", "coordinates": [[[7.65, 42.85], [7.75, 42.85], [7.75, 42.95], [7.65, 42.95], [7.65, 42.85]]]}}, {"type": "Feature", "properties": {"habitat": "Pelagos Sanctuary", "hours_fast": 68.0, "hours_total": 283.0, "pct_fast": 0.35, "mean_speed_kn": 14.33}, "geometry": {"type": "Polygon", "coordinates": [[[7.75, 42.85], [7.85, 42.85], [7.85, 42.95], [7.75, 42.95], [7.75, 42.85]]]}}, {"type": "Feature", "properties": {"habitat": "Pelagos Sanctuary", "hours_fast": 59.0, "hours_total": 275.0, "pct_fast": 0.0, "mean_speed_kn": 14.11}, "geometry": {"type": "Polygon", "coordinates": [[[7.85, 42.85], [7.95, 42.85], [7.95, 42.95], [7.85, 42.95], [7.85, 42.85]]]}}, {"type": "Feature", "properties": {"habitat": "Pelagos Sanctuary", "hours_fast": 52.0, "hours_total": 208.0, "pct_fast": 1.92, "mean_speed_kn": 14.52}, "geometry": {"type": "Polygon", "coordinates": [[[7.95, 42.85], [8.05, 42.85], [8.05, 42.95], [7.95, 42.95], [7.95, 42.85]]]}}, {"type": "Feature", "properties": {"habitat": "Pelagos Sanctuary", "hours_fast": 36.0, "hours_total": 143.0, "pct_fast": 1.4, "mean_speed_kn": 14.49}, "geometry": {"type": "Polygon", "coordinates": [[[8.05, 42.85], [8.15, 42.85], [8.15, 42.95], [8.05, 42.95], [8.05, 42.85]]]}}, {"type": "Feature", "properties": {"habitat": "Pelagos Sanctuary", "hours_fast": 55.0, "hours_total": 172.0, "pct_fast": 0.58, "mean_speed_kn": 14.94}, "geometry": {"type": "Polygon", "coordinates": [[[8.15, 42.85], [8.25, 42.85], [8.25, 42.95], [8.15, 42.95], [8.15, 42.85]]]}}, {"type": "Feature", "properties": {"habitat": "Pelagos Sanctuary", "hours_fast": 52.0, "hours_total": 188.0, "pct_fast": 1.6, "mean_speed_kn": 14.69}, "geometry": {"type": "Polygon", "coordinates": [[[8.25, 42.85], [8.35, 42.85], [8.35, 42.95], [8.25, 42.95], [8.25, 42.85]]]}}, {"type": "Feature", "properties": {"habitat": "Pelagos Sanctuary", "hours_fast": 55.0, "hours_total": 192.0, "pct_fast": 1.04, "mean_speed_kn": 14.73}, "geometry": {"type": "Polygon", "coordinates": [[[8.35, 42.85], [8.45, 42.85], [8.45, 42.95], [8.35, 42.95], [8.35, 42.85]]]}}, {"type": "Feature", "properties": {"habitat": "Pelagos Sanctuary", "hours_fast": 155.0, "hours_total": 282.0, "pct_fast": 0.35, "mean_speed_kn": 16.65}, "geometry": {"type": "Polygon", "coordinates": [[[8.45, 42.85], [8.55, 42.85], [8.55, 42.95], [8.45, 42.95], [8.45, 42.85]]]}}, {"type": "Feature", "properties": {"habitat": "Pelagos Sanctuary", "hours_fast": 206.0, "hours_total": 304.0, "pct_fast": 0.33, "mean_speed_kn": 17.61}, "geometry": {"type": "Polygon", "coordinates": [[[8.55, 42.85], [8.65, 42.85], [8.65, 42.95], [8.55, 42.95], [8.55, 42.85]]]}}, {"type": "Feature", "properties": {"habitat": "Pelagos Sanctuary", "hours_fast": 49.0, "hours_total": 162.0, "pct_fast": 3.09, "mean_speed_kn": 15.0}, "geometry": {"type": "Polygon", "coordinates": [[[8.65, 42.85], [8.75, 42.85], [8.75, 42.95], [8.65, 42.95], [8.65, 42.85]]]}}, {"type": "Feature", "properties": {"habitat": "Pelagos Sanctuary", "hours_fast": 30.0, "hours_total": 124.0, "pct_fast": 1.61, "mean_speed_kn": 14.44}, "geometry": {"type": "Polygon", "coordinates": [[[8.75, 42.85], [8.85, 42.85], [8.85, 42.95], [8.75, 42.95], [8.75, 42.85]]]}}, {"type": "Feature", "properties": {"habitat": "Pelagos Sanctuary", "hours_fast": 29.0, "hours_total": 96.0, "pct_fast": 2.08, "mean_speed_kn": 14.92}, "geometry": {"type": "Polygon", "coordinates": [[[8.85, 42.85], [8.95, 42.85], [8.95, 42.95], [8.85, 42.95], [8.85, 42.85]]]}}, {"type": "Feature", "properties": {"habitat": "Pelagos Sanctuary", "hours_fast": 11.0, "hours_total": 55.0, "pct_fast": 1.82, "mean_speed_kn": 14.14}, "geometry": {"type": "Polygon", "coordinates": [[[8.95, 42.85], [9.05, 42.85], [9.05, 42.95], [8.95, 42.95], [8.95, 42.85]]]}}, {"type": "Feature", "properties": {"habitat": "Pelagos Sanctuary", "hours_fast": 11.0, "hours_total": 33.0, "pct_fast": 6.06, "mean_speed_kn": 15.45}, "geometry": {"type": "Polygon", "coordinates": [[[9.05, 42.85], [9.15, 42.85], [9.15, 42.95], [9.05, 42.95], [9.05, 42.85]]]}}, {"type": "Feature", "properties": {"habitat": "Pelagos Sanctuary", "hours_fast": 16.0, "hours_total": 38.0, "pct_fast": 5.26, "mean_speed_kn": 16.05}, "geometry": {"type": "Polygon", "coordinates": [[[9.15, 42.85], [9.25, 42.85], [9.25, 42.95], [9.15, 42.95], [9.15, 42.85]]]}}, {"type": "Feature", "properties": {"habitat": "Pelagos Sanctuary", "hours_fast": 92.0, "hours_total": 154.0, "pct_fast": 16.23, "mean_speed_kn": 18.2}, "geometry": {"type": "Polygon", "coordinates": [[[9.25, 42.85], [9.35, 42.85], [9.35, 42.95], [9.25, 42.95], [9.25, 42.85]]]}}, {"type": "Feature", "properties": {"habitat": "Pelagos Sanctuary", "hours_fast": 179.0, "hours_total": 290.0, "pct_fast": 18.62, "mean_speed_kn": 18.53}, "geometry": {"type": "Polygon", "coordinates": [[[9.45, 42.85], [9.55, 42.85], [9.55, 42.95], [9.45, 42.95], [9.45, 42.85]]]}}, {"type": "Feature", "properties": {"habitat": "Pelagos Sanctuary", "hours_fast": 955.0, "hours_total": 1837.0, "pct_fast": 1.2, "mean_speed_kn": 16.49}, "geometry": {"type": "Polygon", "coordinates": [[[9.55, 42.85], [9.65, 42.85], [9.65, 42.95], [9.55, 42.95], [9.55, 42.85]]]}}, {"type": "Feature", "properties": {"habitat": "Pelagos Sanctuary", "hours_fast": 647.0, "hours_total": 1541.0, "pct_fast": 1.75, "mean_speed_kn": 15.78}, "geometry": {"type": "Polygon", "coordinates": [[[9.65, 42.85], [9.75, 42.85], [9.75, 42.95], [9.65, 42.95], [9.65, 42.85]]]}}, {"type": "Feature", "properties": {"habitat": "Pelagos Sanctuary", "hours_fast": 320.0, "hours_total": 420.0, "pct_fast": 4.29, "mean_speed_kn": 18.54}, "geometry": {"type": "Polygon", "coordinates": [[[9.75, 42.85], [9.85, 42.85], [9.85, 42.95], [9.75, 42.95], [9.75, 42.85]]]}}, {"type": "Feature", "properties": {"habitat": "Pelagos Sanctuary", "hours_fast": 234.0, "hours_total": 324.0, "pct_fast": 2.78, "mean_speed_kn": 18.12}, "geometry": {"type": "Polygon", "coordinates": [[[9.85, 42.85], [9.95, 42.85], [9.95, 42.95], [9.85, 42.95], [9.85, 42.85]]]}}, {"type": "Feature", "properties": {"habitat": "Pelagos Sanctuary", "hours_fast": 945.0, "hours_total": 1418.0, "pct_fast": 2.05, "mean_speed_kn": 17.65}, "geometry": {"type": "Polygon", "coordinates": [[[9.95, 42.85], [10.05, 42.85], [10.05, 42.95], [9.95, 42.95], [9.95, 42.85]]]}}, {"type": "Feature", "properties": {"habitat": "Pelagos Sanctuary", "hours_fast": 72.0, "hours_total": 192.0, "pct_fast": 4.17, "mean_speed_kn": 15.62}, "geometry": {"type": "Polygon", "coordinates": [[[10.05, 42.85], [10.15, 42.85], [10.15, 42.95], [10.05, 42.95], [10.05, 42.85]]]}}, {"type": "Feature", "properties": {"habitat": "Pelagos Sanctuary", "hours_fast": 39.0, "hours_total": 133.0, "pct_fast": 2.26, "mean_speed_kn": 14.87}, "geometry": {"type": "Polygon", "coordinates": [[[10.15, 42.85], [10.25, 42.85], [10.25, 42.95], [10.15, 42.95], [10.15, 42.85]]]}}, {"type": "Feature", "properties": {"habitat": "Pelagos Sanctuary", "hours_fast": 53.0, "hours_total": 162.0, "pct_fast": 6.17, "mean_speed_kn": 15.42}, "geometry": {"type": "Polygon", "coordinates": [[[10.25, 42.85], [10.35, 42.85], [10.35, 42.95], [10.25, 42.95], [10.25, 42.85]]]}}, {"type": "Feature", "properties": {"habitat": "Pelagos Sanctuary", "hours_fast": 770.0, "hours_total": 4195.0, "pct_fast": 0.76, "mean_speed_kn": 13.93}, "geometry": {"type": "Polygon", "coordinates": [[[10.35, 42.85], [10.45, 42.85], [10.45, 42.95], [10.35, 42.95], [10.35, 42.85]]]}}, {"type": "Feature", "properties": {"habitat": "Pelagos Sanctuary", "hours_fast": 1111.0, "hours_total": 7635.0, "pct_fast": 0.35, "mean_speed_kn": 13.62}, "geometry": {"type": "Polygon", "coordinates": [[[10.45, 42.85], [10.55, 42.85], [10.55, 42.95], [10.45, 42.95], [10.45, 42.85]]]}}, {"type": "Feature", "properties": {"habitat": "Pelagos Sanctuary", "hours_fast": 234.0, "hours_total": 2330.0, "pct_fast": 0.3, "mean_speed_kn": 13.28}, "geometry": {"type": "Polygon", "coordinates": [[[10.55, 42.85], [10.65, 42.85], [10.65, 42.95], [10.55, 42.95], [10.55, 42.85]]]}}, {"type": "Feature", "properties": {"habitat": "Pelagos Sanctuary", "hours_fast": 11.0, "hours_total": 36.0, "pct_fast": 2.78, "mean_speed_kn": 15.0}, "geometry": {"type": "Polygon", "coordinates": [[[10.65, 42.85], [10.75, 42.85], [10.75, 42.95], [10.65, 42.95], [10.65, 42.85]]]}}, {"type": "Feature", "properties": {"habitat": "Pelagos Sanctuary", "hours_fast": 202.0, "hours_total": 572.0, "pct_fast": 3.67, "mean_speed_kn": 15.42}, "geometry": {"type": "Polygon", "coordinates": [[[6.25, 42.95], [6.35, 42.95], [6.35, 43.05], [6.25, 43.05], [6.25, 42.95]]]}}, {"type": "Feature", "properties": {"habitat": "Pelagos Sanctuary", "hours_fast": 333.0, "hours_total": 635.0, "pct_fast": 5.35, "mean_speed_kn": 16.83}, "geometry": {"type": "Polygon", "coordinates": [[[6.45, 42.95], [6.55, 42.95], [6.55, 43.05], [6.45, 43.05], [6.45, 42.95]]]}}, {"type": "Feature", "properties": {"habitat": "Pelagos Sanctuary", "hours_fast": 290.0, "hours_total": 549.0, "pct_fast": 0.73, "mean_speed_kn": 16.52}, "geometry": {"type": "Polygon", "coordinates": [[[6.55, 42.95], [6.65, 42.95], [6.65, 43.05], [6.55, 43.05], [6.55, 42.95]]]}}, {"type": "Feature", "properties": {"habitat": "Pelagos Sanctuary", "hours_fast": 448.0, "hours_total": 702.0, "pct_fast": 0.28, "mean_speed_kn": 17.31}, "geometry": {"type": "Polygon", "coordinates": [[[6.65, 42.95], [6.75, 42.95], [6.75, 43.05], [6.65, 43.05], [6.65, 42.95]]]}}, {"type": "Feature", "properties": {"habitat": "Pelagos Sanctuary", "hours_fast": 406.0, "hours_total": 631.0, "pct_fast": 0.16, "mean_speed_kn": 17.34}, "geometry": {"type": "Polygon", "coordinates": [[[6.75, 42.95], [6.85, 42.95], [6.85, 43.05], [6.75, 43.05], [6.75, 42.95]]]}}, {"type": "Feature", "properties": {"habitat": "Pelagos Sanctuary", "hours_fast": 449.0, "hours_total": 753.0, "pct_fast": 0.27, "mean_speed_kn": 16.99}, "geometry": {"type": "Polygon", "coordinates": [[[6.85, 42.95], [6.95, 42.95], [6.95, 43.05], [6.85, 43.05], [6.85, 42.95]]]}}, {"type": "Feature", "properties": {"habitat": "Pelagos Sanctuary", "hours_fast": 436.0, "hours_total": 827.0, "pct_fast": 0.24, "mean_speed_kn": 16.47}, "geometry": {"type": "Polygon", "coordinates": [[[6.95, 42.95], [7.05, 42.95], [7.05, 43.05], [6.95, 43.05], [6.95, 42.95]]]}}, {"type": "Feature", "properties": {"habitat": "Pelagos Sanctuary", "hours_fast": 415.0, "hours_total": 700.0, "pct_fast": 0.29, "mean_speed_kn": 16.97}, "geometry": {"type": "Polygon", "coordinates": [[[7.05, 42.95], [7.15, 42.95], [7.15, 43.05], [7.05, 43.05], [7.05, 42.95]]]}}, {"type": "Feature", "properties": {"habitat": "Pelagos Sanctuary", "hours_fast": 412.0, "hours_total": 607.0, "pct_fast": 0.16, "mean_speed_kn": 17.6}, "geometry": {"type": "Polygon", "coordinates": [[[7.15, 42.95], [7.25, 42.95], [7.25, 43.05], [7.15, 43.05], [7.15, 42.95]]]}}, {"type": "Feature", "properties": {"habitat": "Pelagos Sanctuary", "hours_fast": 353.0, "hours_total": 563.0, "pct_fast": 0.71, "mean_speed_kn": 17.26}, "geometry": {"type": "Polygon", "coordinates": [[[7.25, 42.95], [7.35, 42.95], [7.35, 43.05], [7.25, 43.05], [7.25, 42.95]]]}}, {"type": "Feature", "properties": {"habitat": "Pelagos Sanctuary", "hours_fast": 391.0, "hours_total": 614.0, "pct_fast": 0.49, "mean_speed_kn": 17.31}, "geometry": {"type": "Polygon", "coordinates": [[[7.35, 42.95], [7.45, 42.95], [7.45, 43.05], [7.35, 43.05], [7.35, 42.95]]]}}, {"type": "Feature", "properties": {"habitat": "Pelagos Sanctuary", "hours_fast": 361.0, "hours_total": 628.0, "pct_fast": 0.48, "mean_speed_kn": 16.85}, "geometry": {"type": "Polygon", "coordinates": [[[7.45, 42.95], [7.55, 42.95], [7.55, 43.05], [7.45, 43.05], [7.45, 42.95]]]}}, {"type": "Feature", "properties": {"habitat": "Pelagos Sanctuary", "hours_fast": 385.0, "hours_total": 629.0, "pct_fast": 0.16, "mean_speed_kn": 17.1}, "geometry": {"type": "Polygon", "coordinates": [[[7.55, 42.95], [7.65, 42.95], [7.65, 43.05], [7.55, 43.05], [7.55, 42.95]]]}}, {"type": "Feature", "properties": {"habitat": "Pelagos Sanctuary", "hours_fast": 349.0, "hours_total": 566.0, "pct_fast": 0.18, "mean_speed_kn": 17.14}, "geometry": {"type": "Polygon", "coordinates": [[[7.65, 42.95], [7.75, 42.95], [7.75, 43.05], [7.65, 43.05], [7.65, 42.95]]]}}, {"type": "Feature", "properties": {"habitat": "Pelagos Sanctuary", "hours_fast": 382.0, "hours_total": 611.0, "pct_fast": 0.33, "mean_speed_kn": 17.21}, "geometry": {"type": "Polygon", "coordinates": [[[7.75, 42.95], [7.85, 42.95], [7.85, 43.05], [7.75, 43.05], [7.75, 42.95]]]}}, {"type": "Feature", "properties": {"habitat": "Pelagos Sanctuary", "hours_fast": 362.0, "hours_total": 593.0, "pct_fast": 1.01, "mean_speed_kn": 17.15}, "geometry": {"type": "Polygon", "coordinates": [[[7.85, 42.95], [7.95, 42.95], [7.95, 43.05], [7.85, 43.05], [7.85, 42.95]]]}}, {"type": "Feature", "properties": {"habitat": "Pelagos Sanctuary", "hours_fast": 370.0, "hours_total": 614.0, "pct_fast": 0.81, "mean_speed_kn": 17.08}, "geometry": {"type": "Polygon", "coordinates": [[[7.95, 42.95], [8.05, 42.95], [8.05, 43.05], [7.95, 43.05], [7.95, 42.95]]]}}, {"type": "Feature", "properties": {"habitat": "Pelagos Sanctuary", "hours_fast": 352.0, "hours_total": 645.0, "pct_fast": 0.78, "mean_speed_kn": 16.65}, "geometry": {"type": "Polygon", "coordinates": [[[8.05, 42.95], [8.15, 42.95], [8.15, 43.05], [8.05, 43.05], [8.05, 42.95]]]}}, {"type": "Feature", "properties": {"habitat": "Pelagos Sanctuary", "hours_fast": 359.0, "hours_total": 567.0, "pct_fast": 1.23, "mean_speed_kn": 17.34}, "geometry": {"type": "Polygon", "coordinates": [[[8.15, 42.95], [8.25, 42.95], [8.25, 43.05], [8.15, 43.05], [8.15, 42.95]]]}}, {"type": "Feature", "properties": {"habitat": "Pelagos Sanctuary", "hours_fast": 373.0, "hours_total": 595.0, "pct_fast": 0.34, "mean_speed_kn": 17.23}, "geometry": {"type": "Polygon", "coordinates": [[[8.25, 42.95], [8.35, 42.95], [8.35, 43.05], [8.25, 43.05], [8.25, 42.95]]]}}, {"type": "Feature", "properties": {"habitat": "Pelagos Sanctuary", "hours_fast": 366.0, "hours_total": 545.0, "pct_fast": 1.28, "mean_speed_kn": 17.63}, "geometry": {"type": "Polygon", "coordinates": [[[8.35, 42.95], [8.45, 42.95], [8.45, 43.05], [8.35, 43.05], [8.35, 42.95]]]}}, {"type": "Feature", "properties": {"habitat": "Pelagos Sanctuary", "hours_fast": 365.0, "hours_total": 557.0, "pct_fast": 0.36, "mean_speed_kn": 17.44}, "geometry": {"type": "Polygon", "coordinates": [[[8.45, 42.95], [8.55, 42.95], [8.55, 43.05], [8.45, 43.05], [8.45, 42.95]]]}}, {"type": "Feature", "properties": {"habitat": "Pelagos Sanctuary", "hours_fast": 569.0, "hours_total": 753.0, "pct_fast": 0.13, "mean_speed_kn": 18.18}, "geometry": {"type": "Polygon", "coordinates": [[[8.55, 42.95], [8.65, 42.95], [8.65, 43.05], [8.55, 43.05], [8.55, 42.95]]]}}, {"type": "Feature", "properties": {"habitat": "Pelagos Sanctuary", "hours_fast": 285.0, "hours_total": 442.0, "pct_fast": 0.23, "mean_speed_kn": 17.35}, "geometry": {"type": "Polygon", "coordinates": [[[8.65, 42.95], [8.75, 42.95], [8.75, 43.05], [8.65, 43.05], [8.65, 42.95]]]}}, {"type": "Feature", "properties": {"habitat": "Pelagos Sanctuary", "hours_fast": 246.0, "hours_total": 406.0, "pct_fast": 0.0, "mean_speed_kn": 17.04}, "geometry": {"type": "Polygon", "coordinates": [[[8.75, 42.95], [8.85, 42.95], [8.85, 43.05], [8.75, 43.05], [8.75, 42.95]]]}}, {"type": "Feature", "properties": {"habitat": "Pelagos Sanctuary", "hours_fast": 140.0, "hours_total": 292.0, "pct_fast": 0.0, "mean_speed_kn": 16.1}, "geometry": {"type": "Polygon", "coordinates": [[[8.85, 42.95], [8.95, 42.95], [8.95, 43.05], [8.85, 43.05], [8.85, 42.95]]]}}, {"type": "Feature", "properties": {"habitat": "Pelagos Sanctuary", "hours_fast": 57.0, "hours_total": 152.0, "pct_fast": 0.0, "mean_speed_kn": 15.31}, "geometry": {"type": "Polygon", "coordinates": [[[8.95, 42.95], [9.05, 42.95], [9.05, 43.05], [8.95, 43.05], [8.95, 42.95]]]}}, {"type": "Feature", "properties": {"habitat": "Pelagos Sanctuary", "hours_fast": 28.0, "hours_total": 109.0, "pct_fast": 0.0, "mean_speed_kn": 14.43}, "geometry": {"type": "Polygon", "coordinates": [[[9.05, 42.95], [9.15, 42.95], [9.15, 43.05], [9.05, 43.05], [9.05, 42.95]]]}}, {"type": "Feature", "properties": {"habitat": "Pelagos Sanctuary", "hours_fast": 21.0, "hours_total": 61.0, "pct_fast": 1.64, "mean_speed_kn": 15.2}, "geometry": {"type": "Polygon", "coordinates": [[[9.15, 42.95], [9.25, 42.95], [9.25, 43.05], [9.15, 43.05], [9.15, 42.95]]]}}, {"type": "Feature", "properties": {"habitat": "Pelagos Sanctuary", "hours_fast": 94.0, "hours_total": 188.0, "pct_fast": 10.11, "mean_speed_kn": 17.01}, "geometry": {"type": "Polygon", "coordinates": [[[9.25, 42.95], [9.35, 42.95], [9.35, 43.05], [9.25, 43.05], [9.25, 42.95]]]}}, {"type": "Feature", "properties": {"habitat": "Pelagos Sanctuary", "hours_fast": 615.0, "hours_total": 854.0, "pct_fast": 2.11, "mean_speed_kn": 18.06}, "geometry": {"type": "Polygon", "coordinates": [[[9.45, 42.95], [9.55, 42.95], [9.55, 43.05], [9.45, 43.05], [9.45, 42.95]]]}}, {"type": "Feature", "properties": {"habitat": "Pelagos Sanctuary", "hours_fast": 815.0, "hours_total": 1930.0, "pct_fast": 1.09, "mean_speed_kn": 15.75}, "geometry": {"type": "Polygon", "coordinates": [[[9.55, 42.95], [9.65, 42.95], [9.65, 43.05], [9.55, 43.05], [9.55, 42.95]]]}}, {"type": "Feature", "properties": {"habitat": "Pelagos Sanctuary", "hours_fast": 304.0, "hours_total": 888.0, "pct_fast": 0.9, "mean_speed_kn": 15.14}, "geometry": {"type": "Polygon", "coordinates": [[[9.65, 42.95], [9.75, 42.95], [9.75, 43.05], [9.65, 43.05], [9.65, 42.95]]]}}, {"type": "Feature", "properties": {"habitat": "Pelagos Sanctuary", "hours_fast": 34.0, "hours_total": 96.0, "pct_fast": 12.5, "mean_speed_kn": 16.09}, "geometry": {"type": "Polygon", "coordinates": [[[9.75, 42.95], [9.85, 42.95], [9.85, 43.05], [9.75, 43.05], [9.75, 42.95]]]}}, {"type": "Feature", "properties": {"habitat": "Pelagos Sanctuary", "hours_fast": 194.0, "hours_total": 253.0, "pct_fast": 5.93, "mean_speed_kn": 18.7}, "geometry": {"type": "Polygon", "coordinates": [[[9.85, 42.95], [9.95, 42.95], [9.95, 43.05], [9.85, 43.05], [9.85, 42.95]]]}}, {"type": "Feature", "properties": {"habitat": "Pelagos Sanctuary", "hours_fast": 845.0, "hours_total": 1208.0, "pct_fast": 1.41, "mean_speed_kn": 17.85}, "geometry": {"type": "Polygon", "coordinates": [[[9.95, 42.95], [10.05, 42.95], [10.05, 43.05], [9.95, 43.05], [9.95, 42.95]]]}}, {"type": "Feature", "properties": {"habitat": "Pelagos Sanctuary", "hours_fast": 696.0, "hours_total": 988.0, "pct_fast": 2.02, "mean_speed_kn": 17.94}, "geometry": {"type": "Polygon", "coordinates": [[[10.05, 42.95], [10.15, 42.95], [10.15, 43.05], [10.05, 43.05], [10.05, 42.95]]]}}, {"type": "Feature", "properties": {"habitat": "Pelagos Sanctuary", "hours_fast": 41.0, "hours_total": 163.0, "pct_fast": 2.45, "mean_speed_kn": 14.57}, "geometry": {"type": "Polygon", "coordinates": [[[10.15, 42.95], [10.25, 42.95], [10.25, 43.05], [10.15, 43.05], [10.15, 42.95]]]}}, {"type": "Feature", "properties": {"habitat": "Pelagos Sanctuary", "hours_fast": 40.0, "hours_total": 219.0, "pct_fast": 1.83, "mean_speed_kn": 14.01}, "geometry": {"type": "Polygon", "coordinates": [[[10.25, 42.95], [10.35, 42.95], [10.35, 43.05], [10.25, 43.05], [10.25, 42.95]]]}}, {"type": "Feature", "properties": {"habitat": "Pelagos Sanctuary", "hours_fast": 259.0, "hours_total": 661.0, "pct_fast": 1.21, "mean_speed_kn": 15.53}, "geometry": {"type": "Polygon", "coordinates": [[[10.35, 42.95], [10.45, 42.95], [10.45, 43.05], [10.35, 43.05], [10.35, 42.95]]]}}, {"type": "Feature", "properties": {"habitat": "Pelagos Sanctuary", "hours_fast": 92.0, "hours_total": 181.0, "pct_fast": 4.97, "mean_speed_kn": 16.69}, "geometry": {"type": "Polygon", "coordinates": [[[10.45, 42.95], [10.55, 42.95], [10.55, 43.05], [10.45, 43.05], [10.45, 42.95]]]}}, {"type": "Feature", "properties": {"habitat": "Pelagos Sanctuary", "hours_fast": 507.0, "hours_total": 1392.0, "pct_fast": 3.23, "mean_speed_kn": 15.47}, "geometry": {"type": "Polygon", "coordinates": [[[6.15, 43.05], [6.25, 43.05], [6.25, 43.15], [6.15, 43.15], [6.15, 43.05]]]}}, {"type": "Feature", "properties": {"habitat": "Pelagos Sanctuary", "hours_fast": 411.0, "hours_total": 815.0, "pct_fast": 4.42, "mean_speed_kn": 16.61}, "geometry": {"type": "Polygon", "coordinates": [[[6.25, 43.05], [6.35, 43.05], [6.35, 43.15], [6.25, 43.15], [6.25, 43.05]]]}}, {"type": "Feature", "properties": {"habitat": "Pelagos Sanctuary", "hours_fast": 647.0, "hours_total": 1966.0, "pct_fast": 3.0, "mean_speed_kn": 15.19}, "geometry": {"type": "Polygon", "coordinates": [[[6.35, 43.05], [6.45, 43.05], [6.45, 43.15], [6.35, 43.15], [6.35, 43.05]]]}}, {"type": "Feature", "properties": {"habitat": "Pelagos Sanctuary", "hours_fast": 258.0, "hours_total": 592.0, "pct_fast": 7.43, "mean_speed_kn": 16.33}, "geometry": {"type": "Polygon", "coordinates": [[[6.45, 43.05], [6.55, 43.05], [6.55, 43.15], [6.45, 43.15], [6.45, 43.05]]]}}, {"type": "Feature", "properties": {"habitat": "Pelagos Sanctuary", "hours_fast": 139.0, "hours_total": 415.0, "pct_fast": 7.23, "mean_speed_kn": 15.55}, "geometry": {"type": "Polygon", "coordinates": [[[6.55, 43.05], [6.65, 43.05], [6.65, 43.15], [6.55, 43.15], [6.55, 43.05]]]}}, {"type": "Feature", "properties": {"habitat": "Pelagos Sanctuary", "hours_fast": 62.0, "hours_total": 324.0, "pct_fast": 1.54, "mean_speed_kn": 14.05}, "geometry": {"type": "Polygon", "coordinates": [[[6.65, 43.05], [6.75, 43.05], [6.75, 43.15], [6.65, 43.15], [6.65, 43.05]]]}}, {"type": "Feature", "properties": {"habitat": "Pelagos Sanctuary", "hours_fast": 141.0, "hours_total": 341.0, "pct_fast": 0.59, "mean_speed_kn": 15.65}, "geometry": {"type": "Polygon", "coordinates": [[[6.75, 43.05], [6.85, 43.05], [6.85, 43.15], [6.75, 43.15], [6.75, 43.05]]]}}, {"type": "Feature", "properties": {"habitat": "Pelagos Sanctuary", "hours_fast": 171.0, "hours_total": 384.0, "pct_fast": 0.52, "mean_speed_kn": 15.88}, "geometry": {"type": "Polygon", "coordinates": [[[6.85, 43.05], [6.95, 43.05], [6.95, 43.15], [6.85, 43.15], [6.85, 43.05]]]}}, {"type": "Feature", "properties": {"habitat": "Pelagos Sanctuary", "hours_fast": 136.0, "hours_total": 374.0, "pct_fast": 0.53, "mean_speed_kn": 15.27}, "geometry": {"type": "Polygon", "coordinates": [[[6.95, 43.05], [7.05, 43.05], [7.05, 43.15], [6.95, 43.15], [6.95, 43.05]]]}}, {"type": "Feature", "properties": {"habitat": "Pelagos Sanctuary", "hours_fast": 156.0, "hours_total": 414.0, "pct_fast": 0.97, "mean_speed_kn": 15.4}, "geometry": {"type": "Polygon", "coordinates": [[[7.05, 43.05], [7.15, 43.05], [7.15, 43.15], [7.05, 43.15], [7.05, 43.05]]]}}, {"type": "Feature", "properties": {"habitat": "Pelagos Sanctuary", "hours_fast": 143.0, "hours_total": 418.0, "pct_fast": 1.2, "mean_speed_kn": 15.16}, "geometry": {"type": "Polygon", "coordinates": [[[7.15, 43.05], [7.25, 43.05], [7.25, 43.15], [7.15, 43.15], [7.15, 43.05]]]}}, {"type": "Feature", "properties": {"habitat": "Pelagos Sanctuary", "hours_fast": 93.0, "hours_total": 246.0, "pct_fast": 0.41, "mean_speed_kn": 15.37}, "geometry": {"type": "Polygon", "coordinates": [[[7.25, 43.05], [7.35, 43.05], [7.35, 43.15], [7.25, 43.15], [7.25, 43.05]]]}}, {"type": "Feature", "properties": {"habitat": "Pelagos Sanctuary", "hours_fast": 90.0, "hours_total": 246.0, "pct_fast": 1.22, "mean_speed_kn": 15.34}, "geometry": {"type": "Polygon", "coordinates": [[[7.35, 43.05], [7.45, 43.05], [7.45, 43.15], [7.35, 43.15], [7.35, 43.05]]]}}, {"type": "Feature", "properties": {"habitat": "Pelagos Sanctuary", "hours_fast": 107.0, "hours_total": 307.0, "pct_fast": 0.98, "mean_speed_kn": 15.19}, "geometry": {"type": "Polygon", "coordinates": [[[7.45, 43.05], [7.55, 43.05], [7.55, 43.15], [7.45, 43.15], [7.45, 43.05]]]}}, {"type": "Feature", "properties": {"habitat": "Pelagos Sanctuary", "hours_fast": 93.0, "hours_total": 277.0, "pct_fast": 0.36, "mean_speed_kn": 15.05}, "geometry": {"type": "Polygon", "coordinates": [[[7.55, 43.05], [7.65, 43.05], [7.65, 43.15], [7.55, 43.15], [7.55, 43.05]]]}}, {"type": "Feature", "properties": {"habitat": "Pelagos Sanctuary", "hours_fast": 64.0, "hours_total": 272.0, "pct_fast": 0.74, "mean_speed_kn": 14.32}, "geometry": {"type": "Polygon", "coordinates": [[[7.65, 43.05], [7.75, 43.05], [7.75, 43.15], [7.65, 43.15], [7.65, 43.05]]]}}, {"type": "Feature", "properties": {"habitat": "Pelagos Sanctuary", "hours_fast": 68.0, "hours_total": 244.0, "pct_fast": 1.64, "mean_speed_kn": 14.71}, "geometry": {"type": "Polygon", "coordinates": [[[7.75, 43.05], [7.85, 43.05], [7.85, 43.15], [7.75, 43.15], [7.75, 43.05]]]}}, {"type": "Feature", "properties": {"habitat": "Pelagos Sanctuary", "hours_fast": 62.0, "hours_total": 193.0, "pct_fast": 2.07, "mean_speed_kn": 15.06}, "geometry": {"type": "Polygon", "coordinates": [[[7.85, 43.05], [7.95, 43.05], [7.95, 43.15], [7.85, 43.15], [7.85, 43.05]]]}}, {"type": "Feature", "properties": {"habitat": "Pelagos Sanctuary", "hours_fast": 55.0, "hours_total": 180.0, "pct_fast": 1.67, "mean_speed_kn": 14.92}, "geometry": {"type": "Polygon", "coordinates": [[[7.95, 43.05], [8.05, 43.05], [8.05, 43.15], [7.95, 43.15], [7.95, 43.05]]]}}, {"type": "Feature", "properties": {"habitat": "Pelagos Sanctuary", "hours_fast": 63.0, "hours_total": 169.0, "pct_fast": 2.96, "mean_speed_kn": 15.52}, "geometry": {"type": "Polygon", "coordinates": [[[8.05, 43.05], [8.15, 43.05], [8.15, 43.15], [8.05, 43.15], [8.05, 43.05]]]}}, {"type": "Feature", "properties": {"habitat": "Pelagos Sanctuary", "hours_fast": 65.0, "hours_total": 180.0, "pct_fast": 0.56, "mean_speed_kn": 15.25}, "geometry": {"type": "Polygon", "coordinates": [[[8.15, 43.05], [8.25, 43.05], [8.25, 43.15], [8.15, 43.15], [8.15, 43.05]]]}}, {"type": "Feature", "properties": {"habitat": "Pelagos Sanctuary", "hours_fast": 75.0, "hours_total": 213.0, "pct_fast": 1.88, "mean_speed_kn": 15.28}, "geometry": {"type": "Polygon", "coordinates": [[[8.25, 43.05], [8.35, 43.05], [8.35, 43.15], [8.25, 43.15], [8.25, 43.05]]]}}, {"type": "Feature", "properties": {"habitat": "Pelagos Sanctuary", "hours_fast": 75.0, "hours_total": 238.0, "pct_fast": 1.26, "mean_speed_kn": 14.96}, "geometry": {"type": "Polygon", "coordinates": [[[8.35, 43.05], [8.45, 43.05], [8.45, 43.15], [8.35, 43.15], [8.35, 43.05]]]}}, {"type": "Feature", "properties": {"habitat": "Pelagos Sanctuary", "hours_fast": 56.0, "hours_total": 231.0, "pct_fast": 0.0, "mean_speed_kn": 14.32}, "geometry": {"type": "Polygon", "coordinates": [[[8.45, 43.05], [8.55, 43.05], [8.55, 43.15], [8.45, 43.15], [8.45, 43.05]]]}}, {"type": "Feature", "properties": {"habitat": "Pelagos Sanctuary", "hours_fast": 319.0, "hours_total": 537.0, "pct_fast": 0.19, "mean_speed_kn": 16.97}, "geometry": {"type": "Polygon", "coordinates": [[[8.55, 43.05], [8.65, 43.05], [8.65, 43.15], [8.55, 43.15], [8.55, 43.05]]]}}, {"type": "Feature", "properties": {"habitat": "Pelagos Sanctuary", "hours_fast": 164.0, "hours_total": 403.0, "pct_fast": 0.99, "mean_speed_kn": 15.63}, "geometry": {"type": "Polygon", "coordinates": [[[8.65, 43.05], [8.75, 43.05], [8.75, 43.15], [8.65, 43.15], [8.65, 43.05]]]}}, {"type": "Feature", "properties": {"habitat": "Pelagos Sanctuary", "hours_fast": 248.0, "hours_total": 529.0, "pct_fast": 0.76, "mean_speed_kn": 16.07}, "geometry": {"type": "Polygon", "coordinates": [[[8.75, 43.05], [8.85, 43.05], [8.85, 43.15], [8.75, 43.15], [8.75, 43.05]]]}}, {"type": "Feature", "properties": {"habitat": "Pelagos Sanctuary", "hours_fast": 348.0, "hours_total": 639.0, "pct_fast": 0.78, "mean_speed_kn": 16.64}, "geometry": {"type": "Polygon", "coordinates": [[[8.85, 43.05], [8.95, 43.05], [8.95, 43.15], [8.85, 43.15], [8.85, 43.05]]]}}, {"type": "Feature", "properties": {"habitat": "Pelagos Sanctuary", "hours_fast": 387.0, "hours_total": 685.0, "pct_fast": 0.73, "mean_speed_kn": 16.79}, "geometry": {"type": "Polygon", "coordinates": [[[8.95, 43.05], [9.05, 43.05], [9.05, 43.15], [8.95, 43.15], [8.95, 43.05]]]}}, {"type": "Feature", "properties": {"habitat": "Pelagos Sanctuary", "hours_fast": 465.0, "hours_total": 760.0, "pct_fast": 1.71, "mean_speed_kn": 17.22}, "geometry": {"type": "Polygon", "coordinates": [[[9.05, 43.05], [9.15, 43.05], [9.15, 43.15], [9.05, 43.15], [9.05, 43.05]]]}}, {"type": "Feature", "properties": {"habitat": "Pelagos Sanctuary", "hours_fast": 390.0, "hours_total": 706.0, "pct_fast": 2.69, "mean_speed_kn": 16.84}, "geometry": {"type": "Polygon", "coordinates": [[[9.15, 43.05], [9.25, 43.05], [9.25, 43.15], [9.15, 43.15], [9.15, 43.05]]]}}, {"type": "Feature", "properties": {"habitat": "Pelagos Sanctuary", "hours_fast": 475.0, "hours_total": 802.0, "pct_fast": 1.62, "mean_speed_kn": 17.06}, "geometry": {"type": "Polygon", "coordinates": [[[9.25, 43.05], [9.35, 43.05], [9.35, 43.15], [9.25, 43.15], [9.25, 43.05]]]}}, {"type": "Feature", "properties": {"habitat": "Pelagos Sanctuary", "hours_fast": 391.0, "hours_total": 733.0, "pct_fast": 2.18, "mean_speed_kn": 16.66}, "geometry": {"type": "Polygon", "coordinates": [[[9.35, 43.05], [9.45, 43.05], [9.45, 43.15], [9.35, 43.15], [9.35, 43.05]]]}}, {"type": "Feature", "properties": {"habitat": "Pelagos Sanctuary", "hours_fast": 321.0, "hours_total": 878.0, "pct_fast": 0.46, "mean_speed_kn": 15.28}, "geometry": {"type": "Polygon", "coordinates": [[[9.45, 43.05], [9.55, 43.05], [9.55, 43.15], [9.45, 43.15], [9.45, 43.05]]]}}, {"type": "Feature", "properties": {"habitat": "Pelagos Sanctuary", "hours_fast": 703.0, "hours_total": 1727.0, "pct_fast": 0.81, "mean_speed_kn": 15.61}, "geometry": {"type": "Polygon", "coordinates": [[[9.55, 43.05], [9.65, 43.05], [9.65, 43.15], [9.55, 43.15], [9.55, 43.05]]]}}, {"type": "Feature", "properties": {"habitat": "Pelagos Sanctuary", "hours_fast": 43.0, "hours_total": 168.0, "pct_fast": 1.19, "mean_speed_kn": 14.51}, "geometry": {"type": "Polygon", "coordinates": [[[9.65, 43.05], [9.75, 43.05], [9.75, 43.15], [9.65, 43.15], [9.65, 43.05]]]}}, {"type": "Feature", "properties": {"habitat": "Pelagos Sanctuary", "hours_fast": 49.0, "hours_total": 285.0, "pct_fast": 2.11, "mean_speed_kn": 13.95}, "geometry": {"type": "Polygon", "coordinates": [[[9.75, 43.05], [9.85, 43.05], [9.85, 43.15], [9.75, 43.15], [9.75, 43.05]]]}}, {"type": "Feature", "properties": {"habitat": "Pelagos Sanctuary", "hours_fast": 107.0, "hours_total": 375.0, "pct_fast": 1.33, "mean_speed_kn": 14.74}, "geometry": {"type": "Polygon", "coordinates": [[[9.85, 43.05], [9.95, 43.05], [9.95, 43.15], [9.85, 43.15], [9.85, 43.05]]]}}, {"type": "Feature", "properties": {"habitat": "Pelagos Sanctuary", "hours_fast": 523.0, "hours_total": 768.0, "pct_fast": 1.56, "mean_speed_kn": 17.72}, "geometry": {"type": "Polygon", "coordinates": [[[9.95, 43.05], [10.05, 43.05], [10.05, 43.15], [9.95, 43.15], [9.95, 43.05]]]}}, {"type": "Feature", "properties": {"habitat": "Pelagos Sanctuary", "hours_fast": 1160.0, "hours_total": 1621.0, "pct_fast": 1.6, "mean_speed_kn": 17.99}, "geometry": {"type": "Polygon", "coordinates": [[[10.05, 43.05], [10.15, 43.05], [10.15, 43.15], [10.05, 43.15], [10.05, 43.05]]]}}, {"type": "Feature", "properties": {"habitat": "Pelagos Sanctuary", "hours_fast": 41.0, "hours_total": 200.0, "pct_fast": 1.5, "mean_speed_kn": 14.15}, "geometry": {"type": "Polygon", "coordinates": [[[10.15, 43.05], [10.25, 43.05], [10.25, 43.15], [10.15, 43.15], [10.15, 43.05]]]}}, {"type": "Feature", "properties": {"habitat": "Pelagos Sanctuary", "hours_fast": 167.0, "hours_total": 410.0, "pct_fast": 2.2, "mean_speed_kn": 15.72}, "geometry": {"type": "Polygon", "coordinates": [[[10.25, 43.05], [10.35, 43.05], [10.35, 43.15], [10.25, 43.15], [10.25, 43.05]]]}}, {"type": "Feature", "properties": {"habitat": "Pelagos Sanctuary", "hours_fast": 206.0, "hours_total": 407.0, "pct_fast": 1.47, "mean_speed_kn": 16.41}, "geometry": {"type": "Polygon", "coordinates": [[[10.35, 43.05], [10.45, 43.05], [10.45, 43.15], [10.35, 43.15], [10.35, 43.05]]]}}, {"type": "Feature", "properties": {"habitat": "Pelagos Sanctuary", "hours_fast": 38.0, "hours_total": 105.0, "pct_fast": 4.76, "mean_speed_kn": 15.57}, "geometry": {"type": "Polygon", "coordinates": [[[10.45, 43.05], [10.55, 43.05], [10.55, 43.15], [10.45, 43.15], [10.45, 43.05]]]}}, {"type": "Feature", "properties": {"habitat": "Pelagos Sanctuary", "hours_fast": 1331.0, "hours_total": 3532.0, "pct_fast": 5.27, "mean_speed_kn": 15.72}, "geometry": {"type": "Polygon", "coordinates": [[[6.65, 43.15], [6.75, 43.15], [6.75, 43.25], [6.65, 43.25], [6.65, 43.15]]]}}, {"type": "Feature", "properties": {"habitat": "Pelagos Sanctuary", "hours_fast": 101.0, "hours_total": 472.0, "pct_fast": 2.54, "mean_speed_kn": 14.3}, "geometry": {"type": "Polygon", "coordinates": [[[6.75, 43.15], [6.85, 43.15], [6.85, 43.25], [6.75, 43.25], [6.75, 43.15]]]}}, {"type": "Feature", "properties": {"habitat": "Pelagos Sanctuary", "hours_fast": 100.0, "hours_total": 358.0, "pct_fast": 0.28, "mean_speed_kn": 14.62}, "geometry": {"type": "Polygon", "coordinates": [[[6.85, 43.15], [6.95, 43.15], [6.95, 43.25], [6.85, 43.25], [6.85, 43.15]]]}}, {"type": "Feature", "properties": {"habitat": "Pelagos Sanctuary", "hours_fast": 162.0, "hours_total": 333.0, "pct_fast": 1.5, "mean_speed_kn": 16.26}, "geometry": {"type": "Polygon", "coordinates": [[[6.95, 43.15], [7.05, 43.15], [7.05, 43.25], [6.95, 43.25], [6.95, 43.15]]]}}, {"type": "Feature", "properties": {"habitat": "Pelagos Sanctuary", "hours_fast": 167.0, "hours_total": 346.0, "pct_fast": 0.58, "mean_speed_kn": 16.16}, "geometry": {"type": "Polygon", "coordinates": [[[7.05, 43.15], [7.15, 43.15], [7.15, 43.25], [7.05, 43.25], [7.05, 43.15]]]}}, {"type": "Feature", "properties": {"habitat": "Pelagos Sanctuary", "hours_fast": 123.0, "hours_total": 346.0, "pct_fast": 0.58, "mean_speed_kn": 15.21}, "geometry": {"type": "Polygon", "coordinates": [[[7.15, 43.15], [7.25, 43.15], [7.25, 43.25], [7.15, 43.25], [7.15, 43.15]]]}}, {"type": "Feature", "properties": {"habitat": "Pelagos Sanctuary", "hours_fast": 160.0, "hours_total": 510.0, "pct_fast": 0.78, "mean_speed_kn": 14.91}, "geometry": {"type": "Polygon", "coordinates": [[[7.25, 43.15], [7.35, 43.15], [7.35, 43.25], [7.25, 43.25], [7.25, 43.15]]]}}, {"type": "Feature", "properties": {"habitat": "Pelagos Sanctuary", "hours_fast": 97.0, "hours_total": 356.0, "pct_fast": 1.12, "mean_speed_kn": 14.63}, "geometry": {"type": "Polygon", "coordinates": [[[7.35, 43.15], [7.45, 43.15], [7.45, 43.25], [7.35, 43.25], [7.35, 43.15]]]}}, {"type": "Feature", "properties": {"habitat": "Pelagos Sanctuary", "hours_fast": 67.0, "hours_total": 178.0, "pct_fast": 1.12, "mean_speed_kn": 15.41}, "geometry": {"type": "Polygon", "coordinates": [[[7.45, 43.15], [7.55, 43.15], [7.55, 43.25], [7.45, 43.25], [7.45, 43.15]]]}}, {"type": "Feature", "properties": {"habitat": "Pelagos Sanctuary", "hours_fast": 70.0, "hours_total": 229.0, "pct_fast": 2.18, "mean_speed_kn": 14.96}, "geometry": {"type": "Polygon", "coordinates": [[[7.55, 43.15], [7.65, 43.15], [7.65, 43.25], [7.55, 43.25], [7.55, 43.15]]]}}, {"type": "Feature", "properties": {"habitat": "Pelagos Sanctuary", "hours_fast": 89.0, "hours_total": 279.0, "pct_fast": 2.15, "mean_speed_kn": 15.05}, "geometry": {"type": "Polygon", "coordinates": [[[7.65, 43.15], [7.75, 43.15], [7.75, 43.25], [7.65, 43.25], [7.65, 43.15]]]}}, {"type": "Feature", "properties": {"habitat": "Pelagos Sanctuary", "hours_fast": 92.0, "hours_total": 352.0, "pct_fast": 1.99, "mean_speed_kn": 14.61}, "geometry": {"type": "Polygon", "coordinates": [[[7.75, 43.15], [7.85, 43.15], [7.85, 43.25], [7.75, 43.25], [7.75, 43.15]]]}}, {"type": "Feature", "properties": {"habitat": "Pelagos Sanctuary", "hours_fast": 69.0, "hours_total": 282.0, "pct_fast": 0.35, "mean_speed_kn": 14.36}, "geometry": {"type": "Polygon", "coordinates": [[[7.85, 43.15], [7.95, 43.15], [7.95, 43.25], [7.85, 43.25], [7.85, 43.15]]]}}, {"type": "Feature", "properties": {"habitat": "Pelagos Sanctuary", "hours_fast": 63.0, "hours_total": 219.0, "pct_fast": 1.83, "mean_speed_kn": 14.79}, "geometry": {"type": "Polygon", "coordinates": [[[7.95, 43.15], [8.05, 43.15], [8.05, 43.25], [7.95, 43.25], [7.95, 43.15]]]}}, {"type": "Feature", "properties": {"habitat": "Pelagos Sanctuary", "hours_fast": 65.0, "hours_total": 181.0, "pct_fast": 1.66, "mean_speed_kn": 15.32}, "geometry": {"type": "Polygon", "coordinates": [[[8.05, 43.15], [8.15, 43.15], [8.15, 43.25], [8.05, 43.25], [8.05, 43.15]]]}}, {"type": "Feature", "properties": {"habitat": "Pelagos Sanctuary", "hours_fast": 56.0, "hours_total": 144.0, "pct_fast": 1.39, "mean_speed_kn": 15.52}, "geometry": {"type": "Polygon", "coordinates": [[[8.15, 43.15], [8.25, 43.15], [8.25, 43.25], [8.15, 43.25], [8.15, 43.15]]]}}, {"type": "Feature", "properties": {"habitat": "Pelagos Sanctuary", "hours_fast": 55.0, "hours_total": 150.0, "pct_fast": 2.0, "mean_speed_kn": 15.4}, "geometry": {"type": "Polygon", "coordinates": [[[8.25, 43.15], [8.35, 43.15], [8.35, 43.25], [8.25, 43.25], [8.25, 43.15]]]}}, {"type": "Feature", "properties": {"habitat": "Pelagos Sanctuary", "hours_fast": 52.0, "hours_total": 149.0, "pct_fast": 1.34, "mean_speed_kn": 15.22}, "geometry": {"type": "Polygon", "coordinates": [[[8.35, 43.15], [8.45, 43.15], [8.45, 43.25], [8.35, 43.25], [8.35, 43.15]]]}}, {"type": "Feature", "properties": {"habitat": "Pelagos Sanctuary", "hours_fast": 47.0, "hours_total": 147.0, "pct_fast": 2.04, "mean_speed_kn": 15.05}, "geometry": {"type": "Polygon", "coordinates": [[[8.45, 43.15], [8.55, 43.15], [8.55, 43.25], [8.45, 43.25], [8.45, 43.15]]]}}, {"type": "Feature", "properties": {"habitat": "Pelagos Sanctuary", "hours_fast": 196.0, "hours_total": 315.0, "pct_fast": 0.95, "mean_speed_kn": 17.24}, "geometry": {"type": "Polygon", "coordinates": [[[8.55, 43.15], [8.65, 43.15], [8.65, 43.25], [8.55, 43.25], [8.55, 43.15]]]}}, {"type": "Feature", "properties": {"habitat": "Pelagos Sanctuary", "hours_fast": 179.0, "hours_total": 328.0, "pct_fast": 1.22, "mean_speed_kn": 16.68}, "geometry": {"type": "Polygon", "coordinates": [[[8.65, 43.15], [8.75, 43.15], [8.75, 43.25], [8.65, 43.25], [8.65, 43.15]]]}}, {"type": "Feature", "properties": {"habitat": "Pelagos Sanctuary", "hours_fast": 77.0, "hours_total": 270.0, "pct_fast": 2.22, "mean_speed_kn": 14.81}, "geometry": {"type": "Polygon", "coordinates": [[[8.75, 43.15], [8.85, 43.15], [8.85, 43.25], [8.75, 43.25], [8.75, 43.15]]]}}, {"type": "Feature", "properties": {"habitat": "Pelagos Sanctuary", "hours_fast": 119.0, "hours_total": 368.0, "pct_fast": 1.36, "mean_speed_kn": 15.03}, "geometry": {"type": "Polygon", "coordinates": [[[8.85, 43.15], [8.95, 43.15], [8.95, 43.25], [8.85, 43.25], [8.85, 43.15]]]}}, {"type": "Feature", "properties": {"habitat": "Pelagos Sanctuary", "hours_fast": 126.0, "hours_total": 460.0, "pct_fast": 2.39, "mean_speed_kn": 14.73}, "geometry": {"type": "Polygon", "coordinates": [[[8.95, 43.15], [9.05, 43.15], [9.05, 43.25], [8.95, 43.25], [8.95, 43.15]]]}}, {"type": "Feature", "properties": {"habitat": "Pelagos Sanctuary", "hours_fast": 137.0, "hours_total": 569.0, "pct_fast": 1.76, "mean_speed_kn": 14.44}, "geometry": {"type": "Polygon", "coordinates": [[[9.05, 43.15], [9.15, 43.15], [9.15, 43.25], [9.05, 43.25], [9.05, 43.15]]]}}, {"type": "Feature", "properties": {"habitat": "Pelagos Sanctuary", "hours_fast": 125.0, "hours_total": 575.0, "pct_fast": 1.04, "mean_speed_kn": 14.21}, "geometry": {"type": "Polygon", "coordinates": [[[9.15, 43.15], [9.25, 43.15], [9.25, 43.25], [9.15, 43.25], [9.15, 43.15]]]}}, {"type": "Feature", "properties": {"habitat": "Pelagos Sanctuary", "hours_fast": 124.0, "hours_total": 555.0, "pct_fast": 0.72, "mean_speed_kn": 14.23}, "geometry": {"type": "Polygon", "coordinates": [[[9.25, 43.15], [9.35, 43.15], [9.35, 43.25], [9.25, 43.25], [9.25, 43.15]]]}}, {"type": "Feature", "properties": {"habitat": "Pelagos Sanctuary", "hours_fast": 155.0, "hours_total": 609.0, "pct_fast": 0.82, "mean_speed_kn": 14.47}, "geometry": {"type": "Polygon", "coordinates": [[[9.35, 43.15], [9.45, 43.15], [9.45, 43.25], [9.35, 43.25], [9.35, 43.15]]]}}, {"type": "Feature", "properties": {"habitat": "Pelagos Sanctuary", "hours_fast": 597.0, "hours_total": 1263.0, "pct_fast": 1.35, "mean_speed_kn": 16.15}, "geometry": {"type": "Polygon", "coordinates": [[[9.45, 43.15], [9.55, 43.15], [9.55, 43.25], [9.45, 43.25], [9.45, 43.15]]]}}, {"type": "Feature", "properties": {"habitat": "Pelagos Sanctuary", "hours_fast": 478.0, "hours_total": 1045.0, "pct_fast": 1.44, "mean_speed_kn": 16.04}, "geometry": {"type": "Polygon", "coordinates": [[[9.55, 43.15], [9.65, 43.15], [9.65, 43.25], [9.55, 43.25], [9.55, 43.15]]]}}, {"type": "Feature", "properties": {"habitat": "Pelagos Sanctuary", "hours_fast": 130.0, "hours_total": 429.0, "pct_fast": 0.47, "mean_speed_kn": 14.81}, "geometry": {"type": "Polygon", "coordinates": [[[9.65, 43.15], [9.75, 43.15], [9.75, 43.25], [9.65, 43.25], [9.65, 43.15]]]}}, {"type": "Feature", "properties": {"habitat": "Pelagos Sanctuary", "hours_fast": 77.0, "hours_total": 204.0, "pct_fast": 4.41, "mean_speed_kn": 15.66}, "geometry": {"type": "Polygon", "coordinates": [[[9.75, 43.15], [9.85, 43.15], [9.85, 43.25], [9.75, 43.25], [9.75, 43.15]]]}}, {"type": "Feature", "properties": {"habitat": "Pelagos Sanctuary", "hours_fast": 167.0, "hours_total": 432.0, "pct_fast": 0.46, "mean_speed_kn": 15.43}, "geometry": {"type": "Polygon", "coordinates": [[[9.85, 43.15], [9.95, 43.15], [9.95, 43.25], [9.85, 43.25], [9.85, 43.15]]]}}, {"type": "Feature", "properties": {"habitat": "Pelagos Sanctuary", "hours_fast": 257.0, "hours_total": 580.0, "pct_fast": 1.03, "mean_speed_kn": 15.9}, "geometry": {"type": "Polygon", "coordinates": [[[9.95, 43.15], [10.05, 43.15], [10.05, 43.25], [9.95, 43.25], [9.95, 43.15]]]}}, {"type": "Feature", "properties": {"habitat": "Pelagos Sanctuary", "hours_fast": 1312.0, "hours_total": 1737.0, "pct_fast": 1.55, "mean_speed_kn": 18.28}, "geometry": {"type": "Polygon", "coordinates": [[[10.05, 43.15], [10.15, 43.15], [10.15, 43.25], [10.05, 43.25], [10.05, 43.15]]]}}, {"type": "Feature", "properties": {"habitat": "Pelagos Sanctuary", "hours_fast": 102.0, "hours_total": 312.0, "pct_fast": 3.21, "mean_speed_kn": 15.19}, "geometry": {"type": "Polygon", "coordinates": [[[10.15, 43.15], [10.25, 43.15], [10.25, 43.25], [10.15, 43.25], [10.15, 43.15]]]}}, {"type": "Feature", "properties": {"habitat": "Pelagos Sanctuary", "hours_fast": 270.0, "hours_total": 572.0, "pct_fast": 2.1, "mean_speed_kn": 16.2}, "geometry": {"type": "Polygon", "coordinates": [[[10.25, 43.15], [10.35, 43.15], [10.35, 43.25], [10.25, 43.25], [10.25, 43.15]]]}}, {"type": "Feature", "properties": {"habitat": "Pelagos Sanctuary", "hours_fast": 38.0, "hours_total": 98.0, "pct_fast": 3.06, "mean_speed_kn": 15.64}, "geometry": {"type": "Polygon", "coordinates": [[[10.35, 43.15], [10.45, 43.15], [10.45, 43.25], [10.35, 43.25], [10.35, 43.15]]]}}, {"type": "Feature", "properties": {"habitat": "Pelagos Sanctuary", "hours_fast": 9.0, "hours_total": 19.0, "pct_fast": 10.53, "mean_speed_kn": 16.84}, "geometry": {"type": "Polygon", "coordinates": [[[10.45, 43.15], [10.55, 43.15], [10.55, 43.25], [10.45, 43.25], [10.45, 43.15]]]}}, {"type": "Feature", "properties": {"habitat": "Pelagos Sanctuary", "hours_fast": 1692.0, "hours_total": 4721.0, "pct_fast": 5.08, "mean_speed_kn": 15.57}, "geometry": {"type": "Polygon", "coordinates": [[[6.65, 43.25], [6.75, 43.25], [6.75, 43.35], [6.65, 43.35], [6.65, 43.25]]]}}, {"type": "Feature", "properties": {"habitat": "Pelagos Sanctuary", "hours_fast": 455.0, "hours_total": 1654.0, "pct_fast": 3.2, "mean_speed_kn": 14.8}, "geometry": {"type": "Polygon", "coordinates": [[[6.75, 43.25], [6.85, 43.25], [6.85, 43.35], [6.75, 43.35], [6.75, 43.25]]]}}, {"type": "Feature", "properties": {"habitat": "Pelagos Sanctuary", "hours_fast": 114.0, "hours_total": 497.0, "pct_fast": 3.22, "mean_speed_kn": 14.46}, "geometry": {"type": "Polygon", "coordinates": [[[6.85, 43.25], [6.95, 43.25], [6.95, 43.35], [6.85, 43.35], [6.85, 43.25]]]}}, {"type": "Feature", "properties": {"habitat": "Pelagos Sanctuary", "hours_fast": 80.0, "hours_total": 262.0, "pct_fast": 3.82, "mean_speed_kn": 15.08}, "geometry": {"type": "Polygon", "coordinates": [[[6.95, 43.25], [7.05, 43.25], [7.05, 43.35], [6.95, 43.35], [6.95, 43.25]]]}}, {"type": "Feature", "properties": {"habitat": "Pelagos Sanctuary", "hours_fast": 72.0, "hours_total": 222.0, "pct_fast": 1.35, "mean_speed_kn": 15.03}, "geometry": {"type": "Polygon", "coordinates": [[[7.05, 43.25], [7.15, 43.25], [7.15, 43.35], [7.05, 43.35], [7.05, 43.25]]]}}, {"type": "Feature", "properties": {"habitat": "Pelagos Sanctuary", "hours_fast": 163.0, "hours_total": 372.0, "pct_fast": 1.88, "mean_speed_kn": 15.93}, "geometry": {"type": "Polygon", "coordinates": [[[7.15, 43.25], [7.25, 43.25], [7.25, 43.35], [7.15, 43.35], [7.15, 43.25]]]}}, {"type": "Feature", "properties": {"habitat": "Pelagos Sanctuary", "hours_fast": 194.0, "hours_total": 453.0, "pct_fast": 1.1, "mean_speed_kn": 15.79}, "geometry": {"type": "Polygon", "coordinates": [[[7.25, 43.25], [7.35, 43.25], [7.35, 43.35], [7.25, 43.35], [7.25, 43.25]]]}}, {"type": "Feature", "properties": {"habitat": "Pelagos Sanctuary", "hours_fast": 182.0, "hours_total": 498.0, "pct_fast": 0.6, "mean_speed_kn": 15.29}, "geometry": {"type": "Polygon", "coordinates": [[[7.35, 43.25], [7.45, 43.25], [7.45, 43.35], [7.35, 43.35], [7.35, 43.25]]]}}, {"type": "Feature", "properties": {"habitat": "Pelagos Sanctuary", "hours_fast": 138.0, "hours_total": 442.0, "pct_fast": 0.68, "mean_speed_kn": 14.89}, "geometry": {"type": "Polygon", "coordinates": [[[7.45, 43.25], [7.55, 43.25], [7.55, 43.35], [7.45, 43.35], [7.45, 43.25]]]}}, {"type": "Feature", "properties": {"habitat": "Pelagos Sanctuary", "hours_fast": 64.0, "hours_total": 244.0, "pct_fast": 2.05, "mean_speed_kn": 14.62}, "geometry": {"type": "Polygon", "coordinates": [[[7.55, 43.25], [7.65, 43.25], [7.65, 43.35], [7.55, 43.35], [7.55, 43.25]]]}}, {"type": "Feature", "properties": {"habitat": "Pelagos Sanctuary", "hours_fast": 45.0, "hours_total": 153.0, "pct_fast": 5.23, "mean_speed_kn": 15.1}, "geometry": {"type": "Polygon", "coordinates": [[[7.65, 43.25], [7.75, 43.25], [7.75, 43.35], [7.65, 43.35], [7.65, 43.25]]]}}, {"type": "Feature", "properties": {"habitat": "Pelagos Sanctuary", "hours_fast": 38.0, "hours_total": 144.0, "pct_fast": 1.39, "mean_speed_kn": 14.58}, "geometry": {"type": "Polygon", "coordinates": [[[7.75, 43.25], [7.85, 43.25], [7.85, 43.35], [7.75, 43.35], [7.75, 43.25]]]}}, {"type": "Feature", "properties": {"habitat": "Pelagos Sanctuary", "hours_fast": 78.0, "hours_total": 245.0, "pct_fast": 1.22, "mean_speed_kn": 14.98}, "geometry": {"type": "Polygon", "coordinates": [[[7.85, 43.25], [7.95, 43.25], [7.95, 43.35], [7.85, 43.35], [7.85, 43.25]]]}}, {"type": "Feature", "properties": {"habitat": "Pelagos Sanctuary", "hours_fast": 93.0, "hours_total": 335.0, "pct_fast": 3.28, "mean_speed_kn": 14.83}, "geometry": {"type": "Polygon", "coordinates": [[[7.95, 43.25], [8.05, 43.25], [8.05, 43.35], [7.95, 43.35], [7.95, 43.25]]]}}, {"type": "Feature", "properties": {"habitat": "Pelagos Sanctuary", "hours_fast": 70.0, "hours_total": 281.0, "pct_fast": 1.07, "mean_speed_kn": 14.45}, "geometry": {"type": "Polygon", "coordinates": [[[8.05, 43.25], [8.15, 43.25], [8.15, 43.35], [8.05, 43.35], [8.05, 43.25]]]}}, {"type": "Feature", "properties": {"habitat": "Pelagos Sanctuary", "hours_fast": 53.0, "hours_total": 212.0, "pct_fast": 1.89, "mean_speed_kn": 14.52}, "geometry": {"type": "Polygon", "coordinates": [[[8.15, 43.25], [8.25, 43.25], [8.25, 43.35], [8.15, 43.35], [8.15, 43.25]]]}}, {"type": "Feature", "properties": {"habitat": "Pelagos Sanctuary", "hours_fast": 42.0, "hours_total": 188.0, "pct_fast": 1.6, "mean_speed_kn": 14.3}, "geometry": {"type": "Polygon", "coordinates": [[[8.25, 43.25], [8.35, 43.25], [8.35, 43.35], [8.25, 43.35], [8.25, 43.25]]]}}, {"type": "Feature", "properties": {"habitat": "Pelagos Sanctuary", "hours_fast": 51.0, "hours_total": 194.0, "pct_fast": 0.52, "mean_speed_kn": 14.51}, "geometry": {"type": "Polygon", "coordinates": [[[8.35, 43.25], [8.45, 43.25], [8.45, 43.35], [8.35, 43.35], [8.35, 43.25]]]}}, {"type": "Feature", "properties": {"habitat": "Pelagos Sanctuary", "hours_fast": 95.0, "hours_total": 232.0, "pct_fast": 3.45, "mean_speed_kn": 15.83}, "geometry": {"type": "Polygon", "coordinates": [[[8.45, 43.25], [8.55, 43.25], [8.55, 43.35], [8.45, 43.35], [8.45, 43.25]]]}}, {"type": "Feature", "properties": {"habitat": "Pelagos Sanctuary", "hours_fast": 101.0, "hours_total": 242.0, "pct_fast": 1.24, "mean_speed_kn": 15.72}, "geometry": {"type": "Polygon", "coordinates": [[[8.55, 43.25], [8.65, 43.25], [8.65, 43.35], [8.55, 43.35], [8.55, 43.25]]]}}, {"type": "Feature", "properties": {"habitat": "Pelagos Sanctuary", "hours_fast": 280.0, "hours_total": 480.0, "pct_fast": 1.46, "mean_speed_kn": 16.98}, "geometry": {"type": "Polygon", "coordinates": [[[8.65, 43.25], [8.75, 43.25], [8.75, 43.35], [8.65, 43.35], [8.65, 43.25]]]}}, {"type": "Feature", "properties": {"habitat": "Pelagos Sanctuary", "hours_fast": 78.0, "hours_total": 287.0, "pct_fast": 1.05, "mean_speed_kn": 14.62}, "geometry": {"type": "Polygon", "coordinates": [[[8.75, 43.25], [8.85, 43.25], [8.85, 43.35], [8.75, 43.35], [8.75, 43.25]]]}}, {"type": "Feature", "properties": {"habitat": "Pelagos Sanctuary", "hours_fast": 74.0, "hours_total": 308.0, "pct_fast": 1.62, "mean_speed_kn": 14.42}, "geometry": {"type": "Polygon", "coordinates": [[[8.85, 43.25], [8.95, 43.25], [8.95, 43.35], [8.85, 43.35], [8.85, 43.25]]]}}, {"type": "Feature", "properties": {"habitat": "Pelagos Sanctuary", "hours_fast": 60.0, "hours_total": 268.0, "pct_fast": 1.49, "mean_speed_kn": 14.29}, "geometry": {"type": "Polygon", "coordinates": [[[8.95, 43.25], [9.05, 43.25], [9.05, 43.35], [8.95, 43.35], [8.95, 43.25]]]}}, {"type": "Feature", "properties": {"habitat": "Pelagos Sanctuary", "hours_fast": 66.0, "hours_total": 240.0, "pct_fast": 1.67, "mean_speed_kn": 14.69}, "geometry": {"type": "Polygon", "coordinates": [[[9.05, 43.25], [9.15, 43.25], [9.15, 43.35], [9.05, 43.35], [9.05, 43.25]]]}}, {"type": "Feature", "properties": {"habitat": "Pelagos Sanctuary", "hours_fast": 61.0, "hours_total": 214.0, "pct_fast": 0.93, "mean_speed_kn": 14.71}, "geometry": {"type": "Polygon", "coordinates": [[[9.15, 43.25], [9.25, 43.25], [9.25, 43.35], [9.15, 43.35], [9.15, 43.25]]]}}, {"type": "Feature", "properties": {"habitat": "Pelagos Sanctuary", "hours_fast": 151.0, "hours_total": 412.0, "pct_fast": 1.94, "mean_speed_kn": 15.39}, "geometry": {"type": "Polygon", "coordinates": [[[9.25, 43.25], [9.35, 43.25], [9.35, 43.35], [9.25, 43.35], [9.25, 43.25]]]}}, {"type": "Feature", "properties": {"habitat": "Pelagos Sanctuary", "hours_fast": 182.0, "hours_total": 533.0, "pct_fast": 1.13, "mean_speed_kn": 15.15}, "geometry": {"type": "Polygon", "coordinates": [[[9.35, 43.25], [9.45, 43.25], [9.45, 43.35], [9.35, 43.35], [9.35, 43.25]]]}}, {"type": "Feature", "properties": {"habitat": "Pelagos Sanctuary", "hours_fast": 709.0, "hours_total": 1354.0, "pct_fast": 1.62, "mean_speed_kn": 16.55}, "geometry": {"type": "Polygon", "coordinates": [[[9.45, 43.25], [9.55, 43.25], [9.55, 43.35], [9.45, 43.35], [9.45, 43.25]]]}}, {"type": "Feature", "properties": {"habitat": "Pelagos Sanctuary", "hours_fast": 99.0, "hours_total": 336.0, "pct_fast": 0.89, "mean_speed_kn": 14.78}, "geometry": {"type": "Polygon", "coordinates": [[[9.55, 43.25], [9.65, 43.25], [9.65, 43.35], [9.55, 43.35], [9.55, 43.25]]]}}, {"type": "Feature", "properties": {"habitat": "Pelagos Sanctuary", "hours_fast": 177.0, "hours_total": 601.0, "pct_fast": 0.33, "mean_speed_kn": 14.73}, "geometry": {"type": "Polygon", "coordinates": [[[9.65, 43.25], [9.75, 43.25], [9.75, 43.35], [9.65, 43.35], [9.65, 43.25]]]}}, {"type": "Feature", "properties": {"habitat": "Pelagos Sanctuary", "hours_fast": 212.0, "hours_total": 636.0, "pct_fast": 0.47, "mean_speed_kn": 15.04}, "geometry": {"type": "Polygon", "coordinates": [[[9.75, 43.25], [9.85, 43.25], [9.85, 43.35], [9.75, 43.35], [9.75, 43.25]]]}}, {"type": "Feature", "properties": {"habitat": "Pelagos Sanctuary", "hours_fast": 114.0, "hours_total": 427.0, "pct_fast": 0.7, "mean_speed_kn": 14.56}, "geometry": {"type": "Polygon", "coordinates": [[[9.85, 43.25], [9.95, 43.25], [9.95, 43.35], [9.85, 43.35], [9.85, 43.25]]]}}, {"type": "Feature", "properties": {"habitat": "Pelagos Sanctuary", "hours_fast": 200.0, "hours_total": 673.0, "pct_fast": 1.04, "mean_speed_kn": 14.81}, "geometry": {"type": "Polygon", "coordinates": [[[9.95, 43.25], [10.05, 43.25], [10.05, 43.35], [9.95, 43.35], [9.95, 43.25]]]}}, {"type": "Feature", "properties": {"habitat": "Pelagos Sanctuary", "hours_fast": 1103.0, "hours_total": 1660.0, "pct_fast": 1.75, "mean_speed_kn": 17.61}, "geometry": {"type": "Polygon", "coordinates": [[[10.05, 43.25], [10.15, 43.25], [10.15, 43.35], [10.05, 43.35], [10.05, 43.25]]]}}, {"type": "Feature", "properties": {"habitat": "Pelagos Sanctuary", "hours_fast": 634.0, "hours_total": 1110.0, "pct_fast": 0.81, "mean_speed_kn": 16.84}, "geometry": {"type": "Polygon", "coordinates": [[[10.15, 43.25], [10.25, 43.25], [10.25, 43.35], [10.15, 43.35], [10.15, 43.25]]]}}, {"type": "Feature", "properties": {"habitat": "Pelagos Sanctuary", "hours_fast": 184.0, "hours_total": 390.0, "pct_fast": 2.05, "mean_speed_kn": 16.19}, "geometry": {"type": "Polygon", "coordinates": [[[10.25, 43.25], [10.35, 43.25], [10.35, 43.35], [10.25, 43.35], [10.25, 43.25]]]}}, {"type": "Feature", "properties": {"habitat": "Pelagos Sanctuary", "hours_fast": 19.0, "hours_total": 46.0, "pct_fast": 4.35, "mean_speed_kn": 15.92}, "geometry": {"type": "Polygon", "coordinates": [[[10.35, 43.25], [10.45, 43.25], [10.45, 43.35], [10.35, 43.35], [10.35, 43.25]]]}}, {"type": "Feature", "properties": {"habitat": "Pelagos Sanctuary", "hours_fast": 806.0, "hours_total": 2182.0, "pct_fast": 3.76, "mean_speed_kn": 15.55}, "geometry": {"type": "Polygon", "coordinates": [[[6.75, 43.35], [6.85, 43.35], [6.85, 43.45], [6.75, 43.45], [6.75, 43.35]]]}}, {"type": "Feature", "properties": {"habitat": "Pelagos Sanctuary", "hours_fast": 1382.0, "hours_total": 3826.0, "pct_fast": 5.49, "mean_speed_kn": 15.62}, "geometry": {"type": "Polygon", "coordinates": [[[6.85, 43.35], [6.95, 43.35], [6.95, 43.45], [6.85, 43.45], [6.85, 43.35]]]}}, {"type": "Feature", "properties": {"habitat": "Pelagos Sanctuary", "hours_fast": 305.0, "hours_total": 1260.0, "pct_fast": 3.1, "mean_speed_kn": 14.55}, "geometry": {"type": "Polygon", "coordinates": [[[6.95, 43.35], [7.05, 43.35], [7.05, 43.45], [6.95, 43.45], [6.95, 43.35]]]}}, {"type": "Feature", "properties": {"habitat": "Pelagos Sanctuary", "hours_fast": 78.0, "hours_total": 374.0, "pct_fast": 1.34, "mean_speed_kn": 14.16}, "geometry": {"type": "Polygon", "coordinates": [[[7.05, 43.35], [7.15, 43.35], [7.15, 43.45], [7.05, 43.45], [7.05, 43.35]]]}}, {"type": "Feature", "properties": {"habitat": "Pelagos Sanctuary", "hours_fast": 73.0, "hours_total": 250.0, "pct_fast": 2.8, "mean_speed_kn": 14.9}, "geometry": {"type": "Polygon", "coordinates": [[[7.15, 43.35], [7.25, 43.35], [7.25, 43.45], [7.15, 43.45], [7.15, 43.35]]]}}, {"type": "Feature", "properties": {"habitat": "Pelagos Sanctuary", "hours_fast": 143.0, "hours_total": 342.0, "pct_fast": 4.09, "mean_speed_kn": 15.94}, "geometry": {"type": "Polygon", "coordinates": [[[7.25, 43.35], [7.35, 43.35], [7.35, 43.45], [7.25, 43.45], [7.25, 43.35]]]}}, {"type": "Feature", "properties": {"habitat": "Pelagos Sanctuary", "hours_fast": 175.0, "hours_total": 386.0, "pct_fast": 0.52, "mean_speed_kn": 15.94}, "geometry": {"type": "Polygon", "coordinates": [[[7.35, 43.35], [7.45, 43.35], [7.45, 43.45], [7.35, 43.45], [7.35, 43.35]]]}}, {"type": "Feature", "properties": {"habitat": "Pelagos Sanctuary", "hours_fast": 209.0, "hours_total": 479.0, "pct_fast": 0.84, "mean_speed_kn": 15.84}, "geometry": {"type": "Polygon", "coordinates": [[[7.45, 43.35], [7.55, 43.35], [7.55, 43.45], [7.45, 43.45], [7.45, 43.35]]]}}, {"type": "Feature", "properties": {"habitat": "Pelagos Sanctuary", "hours_fast": 184.0, "hours_total": 610.0, "pct_fast": 1.31, "mean_speed_kn": 14.86}, "geometry": {"type": "Polygon", "coordinates": [[[7.55, 43.35], [7.65, 43.35], [7.65, 43.45], [7.55, 43.45], [7.55, 43.35]]]}}, {"type": "Feature", "properties": {"habitat": "Pelagos Sanctuary", "hours_fast": 140.0, "hours_total": 415.0, "pct_fast": 1.69, "mean_speed_kn": 15.16}, "geometry": {"type": "Polygon", "coordinates": [[[7.65, 43.35], [7.75, 43.35], [7.75, 43.45], [7.65, 43.45], [7.65, 43.35]]]}}, {"type": "Feature", "properties": {"habitat": "Pelagos Sanctuary", "hours_fast": 55.0, "hours_total": 163.0, "pct_fast": 6.13, "mean_speed_kn": 15.49}, "geometry": {"type": "Polygon", "coordinates": [[[7.75, 43.35], [7.85, 43.35], [7.85, 43.45], [7.75, 43.45], [7.75, 43.35]]]}}, {"type": "Feature", "properties": {"habitat": "Pelagos Sanctuary", "hours_fast": 36.0, "hours_total": 115.0, "pct_fast": 6.96, "mean_speed_kn": 15.37}, "geometry": {"type": "Polygon", "coordinates": [[[7.85, 43.35], [7.95, 43.35], [7.95, 43.45], [7.85, 43.45], [7.85, 43.35]]]}}, {"type": "Feature", "properties": {"habitat": "Pelagos Sanctuary", "hours_fast": 33.0, "hours_total": 156.0, "pct_fast": 3.21, "mean_speed_kn": 14.33}, "geometry": {"type": "Polygon", "coordinates": [[[7.95, 43.35], [8.05, 43.35], [8.05, 43.45], [7.95, 43.45], [7.95, 43.35]]]}}, {"type": "Feature", "properties": {"habitat": "Pelagos Sanctuary", "hours_fast": 87.0, "hours_total": 359.0, "pct_fast": 1.39, "mean_speed_kn": 14.42}, "geometry": {"type": "Polygon", "coordinates": [[[8.05, 43.35], [8.15, 43.35], [8.15, 43.45], [8.05, 43.45], [8.05, 43.35]]]}}, {"type": "Feature", "properties": {"habitat": "Pelagos Sanctuary", "hours_fast": 87.0, "hours_total": 354.0, "pct_fast": 0.28, "mean_speed_kn": 14.36}, "geometry": {"type": "Polygon", "coordinates": [[[8.15, 43.35], [8.25, 43.35], [8.25, 43.45], [8.15, 43.45], [8.15, 43.35]]]}}, {"type": "Feature", "properties": {"habitat": "Pelagos Sanctuary", "hours_fast": 96.0, "hours_total": 339.0, "pct_fast": 1.77, "mean_speed_kn": 14.76}, "geometry": {"type": "Polygon", "coordinates": [[[8.25, 43.35], [8.35, 43.35], [8.35, 43.45], [8.25, 43.45], [8.25, 43.35]]]}}, {"type": "Feature", "properties": {"habitat": "Pelagos Sanctuary", "hours_fast": 83.0, "hours_total": 315.0, "pct_fast": 2.22, "mean_speed_kn": 14.64}, "geometry": {"type": "Polygon", "coordinates": [[[8.35, 43.35], [8.45, 43.35], [8.45, 43.45], [8.35, 43.45], [8.35, 43.35]]]}}, {"type": "Feature", "properties": {"habitat": "Pelagos Sanctuary", "hours_fast": 45.0, "hours_total": 242.0, "pct_fast": 0.41, "mean_speed_kn": 13.93}, "geometry": {"type": "Polygon", "coordinates": [[[8.45, 43.35], [8.55, 43.35], [8.55, 43.45], [8.45, 43.45], [8.45, 43.35]]]}}, {"type": "Feature", "properties": {"habitat": "Pelagos Sanctuary", "hours_fast": 45.0, "hours_total": 241.0, "pct_fast": 0.83, "mean_speed_kn": 13.96}, "geometry": {"type": "Polygon", "coordinates": [[[8.55, 43.35], [8.65, 43.35], [8.65, 43.45], [8.55, 43.45], [8.55, 43.35]]]}}, {"type": "Feature", "properties": {"habitat": "Pelagos Sanctuary", "hours_fast": 275.0, "hours_total": 441.0, "pct_fast": 0.68, "mean_speed_kn": 17.23}, "geometry": {"type": "Polygon", "coordinates": [[[8.65, 43.35], [8.75, 43.35], [8.75, 43.45], [8.65, 43.45], [8.65, 43.35]]]}}, {"type": "Feature", "properties": {"habitat": "Pelagos Sanctuary", "hours_fast": 29.0, "hours_total": 130.0, "pct_fast": 1.54, "mean_speed_kn": 14.29}, "geometry": {"type": "Polygon", "coordinates": [[[8.75, 43.35], [8.85, 43.35], [8.85, 43.45], [8.75, 43.45], [8.75, 43.35]]]}}, {"type": "Feature", "properties": {"habitat": "Pelagos Sanctuary", "hours_fast": 34.0, "hours_total": 136.0, "pct_fast": 1.47, "mean_speed_kn": 14.49}, "geometry": {"type": "Polygon", "coordinates": [[[8.85, 43.35], [8.95, 43.35], [8.95, 43.45], [8.85, 43.45], [8.85, 43.35]]]}}, {"type": "Feature", "properties": {"habitat": "Pelagos Sanctuary", "hours_fast": 30.0, "hours_total": 124.0, "pct_fast": 0.81, "mean_speed_kn": 14.38}, "geometry": {"type": "Polygon", "coordinates": [[[8.95, 43.35], [9.05, 43.35], [9.05, 43.45], [8.95, 43.45], [8.95, 43.35]]]}}, {"type": "Feature", "properties": {"habitat": "Pelagos Sanctuary", "hours_fast": 37.0, "hours_total": 125.0, "pct_fast": 0.0, "mean_speed_kn": 14.72}, "geometry": {"type": "Polygon", "coordinates": [[[9.05, 43.35], [9.15, 43.35], [9.15, 43.45], [9.05, 43.45], [9.05, 43.35]]]}}, {"type": "Feature", "properties": {"habitat": "Pelagos Sanctuary", "hours_fast": 108.0, "hours_total": 285.0, "pct_fast": 1.05, "mean_speed_kn": 15.42}, "geometry": {"type": "Polygon", "coordinates": [[[9.15, 43.35], [9.25, 43.35], [9.25, 43.45], [9.15, 43.45], [9.15, 43.35]]]}}, {"type": "Feature", "properties": {"habitat": "Pelagos Sanctuary", "hours_fast": 93.0, "hours_total": 317.0, "pct_fast": 1.26, "mean_speed_kn": 14.79}, "geometry": {"type": "Polygon", "coordinates": [[[9.25, 43.35], [9.35, 43.35], [9.35, 43.45], [9.25, 43.45], [9.25, 43.35]]]}}, {"type": "Feature", "properties": {"habitat": "Pelagos Sanctuary", "hours_fast": 559.0, "hours_total": 961.0, "pct_fast": 1.66, "mean_speed_kn": 16.99}, "geometry": {"type": "Polygon", "coordinates": [[[9.35, 43.35], [9.45, 43.35], [9.45, 43.45], [9.35, 43.45], [9.35, 43.35]]]}}, {"type": "Feature", "properties": {"habitat": "Pelagos Sanctuary", "hours_fast": 330.0, "hours_total": 645.0, "pct_fast": 1.09, "mean_speed_kn": 16.42}, "geometry": {"type": "Polygon", "coordinates": [[[9.45, 43.35], [9.55, 43.35], [9.55, 43.45], [9.45, 43.45], [9.45, 43.35]]]}}, {"type": "Feature", "properties": {"habitat": "Pelagos Sanctuary", "hours_fast": 71.0, "hours_total": 179.0, "pct_fast": 0.56, "mean_speed_kn": 15.52}, "geometry": {"type": "Polygon", "coordinates": [[[9.55, 43.35], [9.65, 43.35], [9.65, 43.45], [9.55, 43.45], [9.55, 43.35]]]}}, {"type": "Feature", "properties": {"habitat": "Pelagos Sanctuary", "hours_fast": 202.0, "hours_total": 516.0, "pct_fast": 0.58, "mean_speed_kn": 15.48}, "geometry": {"type": "Polygon", "coordinates": [[[9.65, 43.35], [9.75, 43.35], [9.75, 43.45], [9.65, 43.45], [9.65, 43.35]]]}}, {"type": "Feature", "properties": {"habitat": "Pelagos Sanctuary", "hours_fast": 33.0, "hours_total": 125.0, "pct_fast": 0.8, "mean_speed_kn": 14.54}, "geometry": {"type": "Polygon", "coordinates": [[[9.75, 43.35], [9.85, 43.35], [9.85, 43.45], [9.75, 43.45], [9.75, 43.35]]]}}, {"type": "Feature", "properties": {"habitat": "Pelagos Sanctuary", "hours_fast": 36.0, "hours_total": 113.0, "pct_fast": 0.88, "mean_speed_kn": 14.96}, "geometry": {"type": "Polygon", "coordinates": [[[9.85, 43.35], [9.95, 43.35], [9.95, 43.45], [9.85, 43.45], [9.85, 43.35]]]}}, {"type": "Feature", "properties": {"habitat": "Pelagos Sanctuary", "hours_fast": 61.0, "hours_total": 210.0, "pct_fast": 1.43, "mean_speed_kn": 14.79}, "geometry": {"type": "Polygon", "coordinates": [[[9.95, 43.35], [10.05, 43.35], [10.05, 43.45], [9.95, 43.45], [9.95, 43.35]]]}}, {"type": "Feature", "properties": {"habitat": "Pelagos Sanctuary", "hours_fast": 445.0, "hours_total": 1280.0, "pct_fast": 0.55, "mean_speed_kn": 15.15}, "geometry": {"type": "Polygon", "coordinates": [[[10.05, 43.35], [10.15, 43.35], [10.15, 43.45], [10.05, 43.45], [10.05, 43.35]]]}}, {"type": "Feature", "properties": {"habitat": "Pelagos Sanctuary", "hours_fast": 974.0, "hours_total": 1886.0, "pct_fast": 2.07, "mean_speed_kn": 16.53}, "geometry": {"type": "Polygon", "coordinates": [[[10.15, 43.35], [10.25, 43.35], [10.25, 43.45], [10.15, 43.45], [10.15, 43.35]]]}}, {"type": "Feature", "properties": {"habitat": "Pelagos Sanctuary", "hours_fast": 92.0, "hours_total": 206.0, "pct_fast": 7.77, "mean_speed_kn": 16.43}, "geometry": {"type": "Polygon", "coordinates": [[[10.25, 43.35], [10.35, 43.35], [10.35, 43.45], [10.25, 43.45], [10.25, 43.35]]]}}, {"type": "Feature", "properties": {"habitat": "Pelagos Sanctuary", "hours_fast": 28.0, "hours_total": 84.0, "pct_fast": 4.76, "mean_speed_kn": 15.36}, "geometry": {"type": "Polygon", "coordinates": [[[10.35, 43.35], [10.45, 43.35], [10.45, 43.45], [10.35, 43.45], [10.35, 43.35]]]}}, {"type": "Feature", "properties": {"habitat": "Pelagos Sanctuary", "hours_fast": 1908.0, "hours_total": 6708.0, "pct_fast": 3.04, "mean_speed_kn": 14.86}, "geometry": {"type": "Polygon", "coordinates": [[[6.95, 43.45], [7.05, 43.45], [7.05, 43.55], [6.95, 43.55], [6.95, 43.45]]]}}, {"type": "Feature", "properties": {"habitat": "Pelagos Sanctuary", "hours_fast": 1702.0, "hours_total": 5867.0, "pct_fast": 3.84, "mean_speed_kn": 14.96}, "geometry": {"type": "Polygon", "coordinates": [[[7.05, 43.45], [7.15, 43.45], [7.15, 43.55], [7.05, 43.55], [7.05, 43.45]]]}}, {"type": "Feature", "properties": {"habitat": "Pelagos Sanctuary", "hours_fast": 321.0, "hours_total": 1183.0, "pct_fast": 4.23, "mean_speed_kn": 14.85}, "geometry": {"type": "Polygon", "coordinates": [[[7.15, 43.45], [7.25, 43.45], [7.25, 43.55], [7.15, 43.55], [7.15, 43.45]]]}}, {"type": "Feature", "properties": {"habitat": "Pelagos Sanctuary", "hours_fast": 82.0, "hours_total": 353.0, "pct_fast": 3.4, "mean_speed_kn": 14.5}, "geometry": {"type": "Polygon", "coordinates": [[[7.25, 43.45], [7.35, 43.45], [7.35, 43.55], [7.25, 43.55], [7.25, 43.45]]]}}, {"type": "Feature", "properties": {"habitat": "Pelagos Sanctuary", "hours_fast": 94.0, "hours_total": 333.0, "pct_fast": 1.5, "mean_speed_kn": 14.73}, "geometry": {"type": "Polygon", "coordinates": [[[7.35, 43.45], [7.45, 43.45], [7.45, 43.55], [7.35, 43.55], [7.35, 43.45]]]}}, {"type": "Feature", "properties": {"habitat": "Pelagos Sanctuary", "hours_fast": 152.0, "hours_total": 416.0, "pct_fast": 2.16, "mean_speed_kn": 15.4}, "geometry": {"type": "Polygon", "coordinates": [[[7.45, 43.45], [7.55, 43.45], [7.55, 43.55], [7.45, 43.55], [7.45, 43.45]]]}}, {"type": "Feature", "properties": {"habitat": "Pelagos Sanctuary", "hours_fast": 236.0, "hours_total": 520.0, "pct_fast": 1.54, "mean_speed_kn": 16.02}, "geometry": {"type": "Polygon", "coordinates": [[[7.55, 43.45], [7.65, 43.45], [7.65, 43.55], [7.55, 43.55], [7.55, 43.45]]]}}, {"type": "Feature", "properties": {"habitat": "Pelagos Sanctuary", "hours_fast": 201.0, "hours_total": 580.0, "pct_fast": 0.52, "mean_speed_kn": 15.14}, "geometry": {"type": "Polygon", "coordinates": [[[7.65, 43.45], [7.75, 43.45], [7.75, 43.55], [7.65, 43.55], [7.65, 43.45]]]}}, {"type": "Feature", "properties": {"habitat": "Pelagos Sanctuary", "hours_fast": 207.0, "hours_total": 622.0, "pct_fast": 1.77, "mean_speed_kn": 15.13}, "geometry": {"type": "Polygon", "coordinates": [[[7.75, 43.45], [7.85, 43.45], [7.85, 43.55], [7.75, 43.55], [7.75, 43.45]]]}}, {"type": "Feature", "properties": {"habitat": "Pelagos Sanctuary", "hours_fast": 125.0, "hours_total": 372.0, "pct_fast": 1.88, "mean_speed_kn": 15.16}, "geometry": {"type": "Polygon", "coordinates": [[[7.85, 43.45], [7.95, 43.45], [7.95, 43.55], [7.85, 43.55], [7.85, 43.45]]]}}, {"type": "Feature", "properties": {"habitat": "Pelagos Sanctuary", "hours_fast": 63.0, "hours_total": 231.0, "pct_fast": 2.6, "mean_speed_kn": 14.74}, "geometry": {"type": "Polygon", "coordinates": [[[7.95, 43.45], [8.05, 43.45], [8.05, 43.55], [7.95, 43.55], [7.95, 43.45]]]}}, {"type": "Feature", "properties": {"habitat": "Pelagos Sanctuary", "hours_fast": 47.0, "hours_total": 216.0, "pct_fast": 3.24, "mean_speed_kn": 14.38}, "geometry": {"type": "Polygon", "coordinates": [[[8.05, 43.45], [8.15, 43.45], [8.15, 43.55], [8.05, 43.55], [8.05, 43.45]]]}}, {"type": "Feature", "properties": {"habitat": "Pelagos Sanctuary", "hours_fast": 47.0, "hours_total": 296.0, "pct_fast": 3.04, "mean_speed_kn": 13.92}, "geometry": {"type": "Polygon", "coordinates": [[[8.15, 43.45], [8.25, 43.45], [8.25, 43.55], [8.15, 43.55], [8.15, 43.45]]]}}, {"type": "Feature", "properties": {"habitat": "Pelagos Sanctuary", "hours_fast": 44.0, "hours_total": 307.0, "pct_fast": 1.3, "mean_speed_kn": 13.67}, "geometry": {"type": "Polygon", "coordinates": [[[8.25, 43.45], [8.35, 43.45], [8.35, 43.55], [8.25, 43.55], [8.25, 43.45]]]}}, {"type": "Feature", "properties": {"habitat": "Pelagos Sanctuary", "hours_fast": 48.0, "hours_total": 230.0, "pct_fast": 1.74, "mean_speed_kn": 14.2}, "geometry": {"type": "Polygon", "coordinates": [[[8.35, 43.45], [8.45, 43.45], [8.45, 43.55], [8.35, 43.55], [8.35, 43.45]]]}}, {"type": "Feature", "properties": {"habitat": "Pelagos Sanctuary", "hours_fast": 55.0, "hours_total": 213.0, "pct_fast": 0.94, "mean_speed_kn": 14.51}, "geometry": {"type": "Polygon", "coordinates": [[[8.45, 43.45], [8.55, 43.45], [8.55, 43.55], [8.45, 43.55], [8.45, 43.45]]]}}, {"type": "Feature", "properties": {"habitat": "Pelagos Sanctuary", "hours_fast": 56.0, "hours_total": 188.0, "pct_fast": 1.06, "mean_speed_kn": 14.81}, "geometry": {"type": "Polygon", "coordinates": [[[8.55, 43.45], [8.65, 43.45], [8.65, 43.55], [8.55, 43.55], [8.55, 43.45]]]}}, {"type": "Feature", "properties": {"habitat": "Pelagos Sanctuary", "hours_fast": 241.0, "hours_total": 391.0, "pct_fast": 0.0, "mean_speed_kn": 17.12}, "geometry": {"type": "Polygon", "coordinates": [[[8.65, 43.45], [8.75, 43.45], [8.75, 43.55], [8.65, 43.55], [8.65, 43.45]]]}}, {"type": "Feature", "properties": {"habitat": "Pelagos Sanctuary", "hours_fast": 72.0, "hours_total": 160.0, "pct_fast": 1.25, "mean_speed_kn": 15.97}, "geometry": {"type": "Polygon", "coordinates": [[[8.75, 43.45], [8.85, 43.45], [8.85, 43.55], [8.75, 43.55], [8.75, 43.45]]]}}, {"type": "Feature", "properties": {"habitat": "Pelagos Sanctuary", "hours_fast": 29.0, "hours_total": 107.0, "pct_fast": 2.8, "mean_speed_kn": 14.74}, "geometry": {"type": "Polygon", "coordinates": [[[8.85, 43.45], [8.95, 43.45], [8.95, 43.55], [8.85, 43.55], [8.85, 43.45]]]}}, {"type": "Feature", "properties": {"habitat": "Pelagos Sanctuary", "hours_fast": 27.0, "hours_total": 97.0, "pct_fast": 1.03, "mean_speed_kn": 14.66}, "geometry": {"type": "Polygon", "coordinates": [[[8.95, 43.45], [9.05, 43.45], [9.05, 43.55], [8.95, 43.55], [8.95, 43.45]]]}}, {"type": "Feature", "properties": {"habitat": "Pelagos Sanctuary", "hours_fast": 72.0, "hours_total": 209.0, "pct_fast": 1.44, "mean_speed_kn": 15.19}, "geometry": {"type": "Polygon", "coordinates": [[[9.05, 43.45], [9.15, 43.45], [9.15, 43.55], [9.05, 43.55], [9.05, 43.45]]]}}, {"type": "Feature", "properties": {"habitat": "Pelagos Sanctuary", "hours_fast": 34.0, "hours_total": 225.0, "pct_fast": 0.0, "mean_speed_kn": 13.63}, "geometry": {"type": "Polygon", "coordinates": [[[9.15, 43.45], [9.25, 43.45], [9.25, 43.55], [9.15, 43.55], [9.15, 43.45]]]}}, {"type": "Feature", "properties": {"habitat": "Pelagos Sanctuary", "hours_fast": 146.0, "hours_total": 373.0, "pct_fast": 1.07, "mean_speed_kn": 15.52}, "geometry": {"type": "Polygon", "coordinates": [[[9.25, 43.45], [9.35, 43.45], [9.35, 43.55], [9.25, 43.55], [9.25, 43.45]]]}}, {"type": "Feature", "properties": {"habitat": "Pelagos Sanctuary", "hours_fast": 712.0, "hours_total": 1187.0, "pct_fast": 2.53, "mean_speed_kn": 17.19}, "geometry": {"type": "Polygon", "coordinates": [[[9.35, 43.45], [9.45, 43.45], [9.45, 43.55], [9.35, 43.55], [9.35, 43.45]]]}}, {"type": "Feature", "properties": {"habitat": "Pelagos Sanctuary", "hours_fast": 68.0, "hours_total": 234.0, "pct_fast": 0.43, "mean_speed_kn": 14.71}, "geometry": {"type": "Polygon", "coordinates": [[[9.45, 43.45], [9.55, 43.45], [9.55, 43.55], [9.45, 43.55], [9.45, 43.45]]]}}, {"type": "Feature", "properties": {"habitat": "Pelagos Sanctuary", "hours_fast": 153.0, "hours_total": 343.0, "pct_fast": 0.29, "mean_speed_kn": 15.87}, "geometry": {"type": "Polygon", "coordinates": [[[9.55, 43.45], [9.65, 43.45], [9.65, 43.55], [9.55, 43.55], [9.55, 43.45]]]}}, {"type": "Feature", "properties": {"habitat": "Pelagos Sanctuary", "hours_fast": 158.0, "hours_total": 485.0, "pct_fast": 0.21, "mean_speed_kn": 14.96}, "geometry": {"type": "Polygon", "coordinates": [[[9.65, 43.45], [9.75, 43.45], [9.75, 43.55], [9.65, 43.55], [9.65, 43.45]]]}}, {"type": "Feature", "properties": {"habitat": "Pelagos Sanctuary", "hours_fast": 123.0, "hours_total": 378.0, "pct_fast": 1.85, "mean_speed_kn": 15.08}, "geometry": {"type": "Polygon", "coordinates": [[[9.75, 43.45], [9.85, 43.45], [9.85, 43.55], [9.75, 43.55], [9.75, 43.45]]]}}, {"type": "Feature", "properties": {"habitat": "Pelagos Sanctuary", "hours_fast": 117.0, "hours_total": 395.0, "pct_fast": 1.27, "mean_speed_kn": 14.82}, "geometry": {"type": "Polygon", "coordinates": [[[9.85, 43.45], [9.95, 43.45], [9.95, 43.55], [9.85, 43.55], [9.85, 43.45]]]}}, {"type": "Feature", "properties": {"habitat": "Pelagos Sanctuary", "hours_fast": 246.0, "hours_total": 706.0, "pct_fast": 2.12, "mean_speed_kn": 15.27}, "geometry": {"type": "Polygon", "coordinates": [[[9.95, 43.45], [10.05, 43.45], [10.05, 43.55], [9.95, 43.55], [9.95, 43.45]]]}}, {"type": "Feature", "properties": {"habitat": "Pelagos Sanctuary", "hours_fast": 192.0, "hours_total": 894.0, "pct_fast": 1.12, "mean_speed_kn": 14.19}, "geometry": {"type": "Polygon", "coordinates": [[[10.05, 43.45], [10.15, 43.45], [10.15, 43.55], [10.05, 43.55], [10.05, 43.45]]]}}, {"type": "Feature", "properties": {"habitat": "Pelagos Sanctuary", "hours_fast": 729.0, "hours_total": 2090.0, "pct_fast": 0.57, "mean_speed_kn": 15.16}, "geometry": {"type": "Polygon", "coordinates": [[[10.15, 43.45], [10.25, 43.45], [10.25, 43.55], [10.15, 43.55], [10.15, 43.45]]]}}, {"type": "Feature", "properties": {"habitat": "Pelagos Sanctuary", "hours_fast": 383.0, "hours_total": 1455.0, "pct_fast": 1.03, "mean_speed_kn": 14.55}, "geometry": {"type": "Polygon", "coordinates": [[[10.25, 43.45], [10.35, 43.45], [10.35, 43.55], [10.25, 43.55], [10.25, 43.45]]]}}, {"type": "Feature", "properties": {"habitat": "Pelagos Sanctuary", "hours_fast": 1353.0, "hours_total": 4045.0, "pct_fast": 3.88, "mean_speed_kn": 15.3}, "geometry": {"type": "Polygon", "coordinates": [[[7.15, 43.55], [7.25, 43.55], [7.25, 43.65], [7.15, 43.65], [7.15, 43.55]]]}}, {"type": "Feature", "properties": {"habitat": "Pelagos Sanctuary", "hours_fast": 629.0, "hours_total": 2370.0, "pct_fast": 3.25, "mean_speed_kn": 14.73}, "geometry": {"type": "Polygon", "coordinates": [[[7.25, 43.55], [7.35, 43.55], [7.35, 43.65], [7.25, 43.65], [7.25, 43.55]]]}}, {"type": "Feature", "properties": {"habitat": "Pelagos Sanctuary", "hours_fast": 122.0, "hours_total": 505.0, "pct_fast": 4.36, "mean_speed_kn": 14.64}, "geometry": {"type": "Polygon", "coordinates": [[[7.35, 43.55], [7.45, 43.55], [7.45, 43.65], [7.35, 43.65], [7.35, 43.55]]]}}, {"type": "Feature", "properties": {"habitat": "Pelagos Sanctuary", "hours_fast": 118.0, "hours_total": 433.0, "pct_fast": 3.46, "mean_speed_kn": 14.8}, "geometry": {"type": "Polygon", "coordinates": [[[7.45, 43.55], [7.55, 43.55], [7.55, 43.65], [7.45, 43.65], [7.45, 43.55]]]}}, {"type": "Feature", "properties": {"habitat": "Pelagos Sanctuary", "hours_fast": 101.0, "hours_total": 339.0, "pct_fast": 3.24, "mean_speed_kn": 14.98}, "geometry": {"type": "Polygon", "coordinates": [[[7.55, 43.55], [7.65, 43.55], [7.65, 43.65], [7.55, 43.65], [7.55, 43.55]]]}}, {"type": "Feature", "properties": {"habitat": "Pelagos Sanctuary", "hours_fast": 199.0, "hours_total": 495.0, "pct_fast": 1.21, "mean_speed_kn": 15.61}, "geometry": {"type": "Polygon", "coordinates": [[[7.65, 43.55], [7.75, 43.55], [7.75, 43.65], [7.65, 43.65], [7.65, 43.55]]]}}, {"type": "Feature", "properties": {"habitat": "Pelagos Sanctuary", "hours_fast": 223.0, "hours_total": 571.0, "pct_fast": 1.93, "mean_speed_kn": 15.57}, "geometry": {"type": "Polygon", "coordinates": [[[7.75, 43.55], [7.85, 43.55], [7.85, 43.65], [7.75, 43.65], [7.75, 43.55]]]}}, {"type": "Feature", "properties": {"habitat": "Pelagos Sanctuary", "hours_fast": 198.0, "hours_total": 663.0, "pct_fast": 1.06, "mean_speed_kn": 14.82}, "geometry": {"type": "Polygon", "coordinates": [[[7.85, 43.55], [7.95, 43.55], [7.95, 43.65], [7.85, 43.65], [7.85, 43.55]]]}}, {"type": "Feature", "properties": {"habitat": "Pelagos Sanctuary", "hours_fast": 126.0, "hours_total": 498.0, "pct_fast": 1.61, "mean_speed_kn": 14.52}, "geometry": {"type": "Polygon", "coordinates": [[[7.95, 43.55], [8.05, 43.55], [8.05, 43.65], [7.95, 43.65], [7.95, 43.55]]]}}, {"type": "Feature", "properties": {"habitat": "Pelagos Sanctuary", "hours_fast": 49.0, "hours_total": 218.0, "pct_fast": 0.92, "mean_speed_kn": 14.25}, "geometry": {"type": "Polygon", "coordinates": [[[8.05, 43.55], [8.15, 43.55], [8.15, 43.65], [8.05, 43.65], [8.05, 43.55]]]}}, {"type": "Feature", "properties": {"habitat": "Pelagos Sanctuary", "hours_fast": 46.0, "hours_total": 206.0, "pct_fast": 1.46, "mean_speed_kn": 14.28}, "geometry": {"type": "Polygon", "coordinates": [[[8.15, 43.55], [8.25, 43.55], [8.25, 43.65], [8.15, 43.65], [8.15, 43.55]]]}}, {"type": "Feature", "properties": {"habitat": "Pelagos Sanctuary", "hours_fast": 39.0, "hours_total": 195.0, "pct_fast": 0.0, "mean_speed_kn": 14.0}, "geometry": {"type": "Polygon", "coordinates": [[[8.25, 43.55], [8.35, 43.55], [8.35, 43.65], [8.25, 43.65], [8.25, 43.55]]]}}, {"type": "Feature", "properties": {"habitat": "Pelagos Sanctuary", "hours_fast": 48.0, "hours_total": 276.0, "pct_fast": 0.72, "mean_speed_kn": 13.86}, "geometry": {"type": "Polygon", "coordinates": [[[8.35, 43.55], [8.45, 43.55], [8.45, 43.65], [8.35, 43.65], [8.35, 43.55]]]}}, {"type": "Feature", "properties": {"habitat": "Pelagos Sanctuary", "hours_fast": 37.0, "hours_total": 182.0, "pct_fast": 1.65, "mean_speed_kn": 14.15}, "geometry": {"type": "Polygon", "coordinates": [[[8.45, 43.55], [8.55, 43.55], [8.55, 43.65], [8.45, 43.65], [8.45, 43.55]]]}}, {"type": "Feature", "properties": {"habitat": "Pelagos Sanctuary", "hours_fast": 25.0, "hours_total": 142.0, "pct_fast": 1.41, "mean_speed_kn": 13.93}, "geometry": {"type": "Polygon", "coordinates": [[[8.55, 43.55], [8.65, 43.55], [8.65, 43.65], [8.55, 43.65], [8.55, 43.55]]]}}, {"type": "Feature", "properties": {"habitat": "Pelagos Sanctuary", "hours_fast": 113.0, "hours_total": 236.0, "pct_fast": 0.0, "mean_speed_kn": 16.09}, "geometry": {"type": "Polygon", "coordinates": [[[8.65, 43.55], [8.75, 43.55], [8.75, 43.65], [8.65, 43.65], [8.65, 43.55]]]}}, {"type": "Feature", "properties": {"habitat": "Pelagos Sanctuary", "hours_fast": 212.0, "hours_total": 312.0, "pct_fast": 0.0, "mean_speed_kn": 17.6}, "geometry": {"type": "Polygon", "coordinates": [[[8.75, 43.55], [8.85, 43.55], [8.85, 43.65], [8.75, 43.65], [8.75, 43.55]]]}}, {"type": "Feature", "properties": {"habitat": "Pelagos Sanctuary", "hours_fast": 41.0, "hours_total": 154.0, "pct_fast": 1.3, "mean_speed_kn": 14.59}, "geometry": {"type": "Polygon", "coordinates": [[[8.85, 43.55], [8.95, 43.55], [8.95, 43.65], [8.85, 43.65], [8.85, 43.55]]]}}, {"type": "Feature", "properties": {"habitat": "Pelagos Sanctuary", "hours_fast": 90.0, "hours_total": 268.0, "pct_fast": 0.75, "mean_speed_kn": 15.07}, "geometry": {"type": "Polygon", "coordinates": [[[8.95, 43.55], [9.05, 43.55], [9.05, 43.65], [8.95, 43.65], [8.95, 43.55]]]}}, {"type": "Feature", "properties": {"habitat": "Pelagos Sanctuary", "hours_fast": 89.0, "hours_total": 300.0, "pct_fast": 0.67, "mean_speed_kn": 14.78}, "geometry": {"type": "Polygon", "coordinates": [[[9.05, 43.55], [9.15, 43.55], [9.15, 43.65], [9.05, 43.65], [9.05, 43.55]]]}}, {"type": "Feature", "properties": {"habitat": "Pelagos Sanctuary", "hours_fast": 66.0, "hours_total": 301.0, "pct_fast": 0.33, "mean_speed_kn": 14.17}, "geometry": {"type": "Polygon", "coordinates": [[[9.15, 43.55], [9.25, 43.55], [9.25, 43.65], [9.15, 43.65], [9.15, 43.55]]]}}, {"type": "Feature", "properties": {"habitat": "Pelagos Sanctuary", "hours_fast": 503.0, "hours_total": 781.0, "pct_fast": 3.07, "mean_speed_kn": 17.56}, "geometry": {"type": "Polygon", "coordinates": [[[9.25, 43.55], [9.35, 43.55], [9.35, 43.65], [9.25, 43.65], [9.25, 43.55]]]}}, {"type": "Feature", "properties": {"habitat": "Pelagos Sanctuary", "hours_fast": 321.0, "hours_total": 699.0, "pct_fast": 1.29, "mean_speed_kn": 16.04}, "geometry": {"type": "Polygon", "coordinates": [[[9.35, 43.55], [9.45, 43.55], [9.45, 43.65], [9.35, 43.65], [9.35, 43.55]]]}}, {"type": "Feature", "properties": {"habitat": "Pelagos Sanctuary", "hours_fast": 78.0, "hours_total": 244.0, "pct_fast": 0.41, "mean_speed_kn": 14.93}, "geometry": {"type": "Polygon", "coordinates": [[[9.45, 43.55], [9.55, 43.55], [9.55, 43.65], [9.45, 43.65], [9.45, 43.55]]]}}, {"type": "Feature", "properties": {"habitat": "Pelagos Sanctuary", "hours_fast": 82.0, "hours_total": 228.0, "pct_fast": 1.32, "mean_speed_kn": 15.3}, "geometry": {"type": "Polygon", "coordinates": [[[9.55, 43.55], [9.65, 43.55], [9.65, 43.65], [9.55, 43.65], [9.55, 43.55]]]}}, {"type": "Feature", "properties": {"habitat": "Pelagos Sanctuary", "hours_fast": 90.0, "hours_total": 334.0, "pct_fast": 0.9, "mean_speed_kn": 14.59}, "geometry": {"type": "Polygon", "coordinates": [[[9.65, 43.55], [9.75, 43.55], [9.75, 43.65], [9.65, 43.65], [9.65, 43.55]]]}}, {"type": "Feature", "properties": {"habitat": "Pelagos Sanctuary", "hours_fast": 349.0, "hours_total": 799.0, "pct_fast": 1.0, "mean_speed_kn": 15.85}, "geometry": {"type": "Polygon", "coordinates": [[[9.75, 43.55], [9.85, 43.55], [9.85, 43.65], [9.75, 43.65], [9.75, 43.55]]]}}, {"type": "Feature", "properties": {"habitat": "Pelagos Sanctuary", "hours_fast": 194.0, "hours_total": 421.0, "pct_fast": 2.38, "mean_speed_kn": 16.13}, "geometry": {"type": "Polygon", "coordinates": [[[9.85, 43.55], [9.95, 43.55], [9.95, 43.65], [9.85, 43.65], [9.85, 43.55]]]}}, {"type": "Feature", "properties": {"habitat": "Pelagos Sanctuary", "hours_fast": 153.0, "hours_total": 381.0, "pct_fast": 1.31, "mean_speed_kn": 15.61}, "geometry": {"type": "Polygon", "coordinates": [[[9.95, 43.55], [10.05, 43.55], [10.05, 43.65], [9.95, 43.65], [9.95, 43.55]]]}}, {"type": "Feature", "properties": {"habitat": "Pelagos Sanctuary", "hours_fast": 151.0, "hours_total": 488.0, "pct_fast": 2.25, "mean_speed_kn": 14.99}, "geometry": {"type": "Polygon", "coordinates": [[[10.05, 43.55], [10.15, 43.55], [10.15, 43.65], [10.05, 43.65], [10.05, 43.55]]]}}, {"type": "Feature", "properties": {"habitat": "Pelagos Sanctuary", "hours_fast": 99.0, "hours_total": 239.0, "pct_fast": 5.02, "mean_speed_kn": 15.98}, "geometry": {"type": "Polygon", "coordinates": [[[10.15, 43.55], [10.25, 43.55], [10.25, 43.65], [10.15, 43.65], [10.15, 43.55]]]}}, {"type": "Feature", "properties": {"habitat": "Pelagos Sanctuary", "hours_fast": 1788.0, "hours_total": 5863.0, "pct_fast": 3.22, "mean_speed_kn": 15.03}, "geometry": {"type": "Polygon", "coordinates": [[[7.35, 43.65], [7.45, 43.65], [7.45, 43.75], [7.35, 43.75], [7.35, 43.65]]]}}, {"type": "Feature", "properties": {"habitat": "Pelagos Sanctuary", "hours_fast": 419.0, "hours_total": 1621.0, "pct_fast": 3.08, "mean_speed_kn": 14.67}, "geometry": {"type": "Polygon", "coordinates": [[[7.45, 43.65], [7.55, 43.65], [7.55, 43.75], [7.45, 43.75], [7.45, 43.65]]]}}, {"type": "Feature", "properties": {"habitat": "Pelagos Sanctuary", "hours_fast": 183.0, "hours_total": 910.0, "pct_fast": 3.52, "mean_speed_kn": 14.27}, "geometry": {"type": "Polygon", "coordinates": [[[7.55, 43.65], [7.65, 43.65], [7.65, 43.75], [7.55, 43.75], [7.55, 43.65]]]}}, {"type": "Feature", "properties": {"habitat": "Pelagos Sanctuary", "hours_fast": 91.0, "hours_total": 600.0, "pct_fast": 2.83, "mean_speed_kn": 13.85}, "geometry": {"type": "Polygon", "coordinates": [[[7.65, 43.65], [7.75, 43.65], [7.75, 43.75], [7.65, 43.75], [7.65, 43.65]]]}}, {"type": "Feature", "properties": {"habitat": "Pelagos Sanctuary", "hours_fast": 96.0, "hours_total": 406.0, "pct_fast": 1.23, "mean_speed_kn": 14.37}, "geometry": {"type": "Polygon", "coordinates": [[[7.75, 43.65], [7.85, 43.65], [7.85, 43.75], [7.75, 43.75], [7.75, 43.65]]]}}, {"type": "Feature", "properties": {"habitat": "Pelagos Sanctuary", "hours_fast": 172.0, "hours_total": 453.0, "pct_fast": 1.55, "mean_speed_kn": 15.46}, "geometry": {"type": "Polygon", "coordinates": [[[7.85, 43.65], [7.95, 43.65], [7.95, 43.75], [7.85, 43.75], [7.85, 43.65]]]}}, {"type": "Feature", "properties": {"habitat": "Pelagos Sanctuary", "hours_fast": 231.0, "hours_total": 587.0, "pct_fast": 2.04, "mean_speed_kn": 15.6}, "geometry": {"type": "Polygon", "coordinates": [[[7.95, 43.65], [8.05, 43.65], [8.05, 43.75], [7.95, 43.75], [7.95, 43.65]]]}}, {"type": "Feature", "properties": {"habitat": "Pelagos Sanctuary", "hours_fast": 146.0, "hours_total": 544.0, "pct_fast": 0.92, "mean_speed_kn": 14.58}, "geometry": {"type": "Polygon", "coordinates": [[[8.05, 43.65], [8.15, 43.65], [8.15, 43.75], [8.05, 43.75], [8.05, 43.65]]]}}, {"type": "Feature", "properties": {"habitat": "Pelagos Sanctuary", "hours_fast": 72.0, "hours_total": 290.0, "pct_fast": 2.41, "mean_speed_kn": 14.54}, "geometry": {"type": "Polygon", "coordinates": [[[8.15, 43.65], [8.25, 43.65], [8.25, 43.75], [8.15, 43.75], [8.15, 43.65]]]}}, {"type": "Feature", "properties": {"habitat": "Pelagos Sanctuary", "hours_fast": 54.0, "hours_total": 222.0, "pct_fast": 2.7, "mean_speed_kn": 14.53}, "geometry": {"type": "Polygon", "coordinates": [[[8.25, 43.65], [8.35, 43.65], [8.35, 43.75], [8.25, 43.75], [8.25, 43.65]]]}}, {"type": "Feature", "properties": {"habitat": "Pelagos Sanctuary", "hours_fast": 42.0, "hours_total": 219.0, "pct_fast": 2.28, "mean_speed_kn": 14.11}, "geometry": {"type": "Polygon", "coordinates": [[[8.35, 43.65], [8.45, 43.65], [8.45, 43.75], [8.35, 43.75], [8.35, 43.65]]]}}, {"type": "Feature", "properties": {"habitat": "Pelagos Sanctuary", "hours_fast": 29.0, "hours_total": 180.0, "pct_fast": 1.67, "mean_speed_kn": 13.83}, "geometry": {"type": "Polygon", "coordinates": [[[8.45, 43.65], [8.55, 43.65], [8.55, 43.75], [8.45, 43.75], [8.45, 43.65]]]}}, {"type": "Feature", "properties": {"habitat": "Pelagos Sanctuary", "hours_fast": 26.0, "hours_total": 159.0, "pct_fast": 1.26, "mean_speed_kn": 13.82}, "geometry": {"type": "Polygon", "coordinates": [[[8.55, 43.65], [8.65, 43.65], [8.65, 43.75], [8.55, 43.75], [8.55, 43.65]]]}}, {"type": "Feature", "properties": {"habitat": "Pelagos Sanctuary", "hours_fast": 34.0, "hours_total": 133.0, "pct_fast": 0.0, "mean_speed_kn": 14.42}, "geometry": {"type": "Polygon", "coordinates": [[[8.65, 43.65], [8.75, 43.65], [8.75, 43.75], [8.65, 43.75], [8.65, 43.65]]]}}, {"type": "Feature", "properties": {"habitat": "Pelagos Sanctuary", "hours_fast": 261.0, "hours_total": 330.0, "pct_fast": 0.61, "mean_speed_kn": 18.48}, "geometry": {"type": "Polygon", "coordinates": [[[8.75, 43.65], [8.85, 43.65], [8.85, 43.75], [8.75, 43.75], [8.75, 43.65]]]}}, {"type": "Feature", "properties": {"habitat": "Pelagos Sanctuary", "hours_fast": 25.0, "hours_total": 128.0, "pct_fast": 1.56, "mean_speed_kn": 14.08}, "geometry": {"type": "Polygon", "coordinates": [[[8.85, 43.65], [8.95, 43.65], [8.95, 43.75], [8.85, 43.75], [8.85, 43.65]]]}}, {"type": "Feature", "properties": {"habitat": "Pelagos Sanctuary", "hours_fast": 99.0, "hours_total": 298.0, "pct_fast": 1.68, "mean_speed_kn": 15.12}, "geometry": {"type": "Polygon", "coordinates": [[[8.95, 43.65], [9.05, 43.65], [9.05, 43.75], [8.95, 43.75], [8.95, 43.65]]]}}, {"type": "Feature", "properties": {"habitat": "Pelagos Sanctuary", "hours_fast": 70.0, "hours_total": 266.0, "pct_fast": 0.38, "mean_speed_kn": 14.5}, "geometry": {"type": "Polygon", "coordinates": [[[9.05, 43.65], [9.15, 43.65], [9.15, 43.75], [9.05, 43.75], [9.05, 43.65]]]}}, {"type": "Feature", "properties": {"habitat": "Pelagos Sanctuary", "hours_fast": 144.0, "hours_total": 341.0, "pct_fast": 2.05, "mean_speed_kn": 15.82}, "geometry": {"type": "Polygon", "coordinates": [[[9.15, 43.65], [9.25, 43.65], [9.25, 43.75], [9.15, 43.75], [9.15, 43.65]]]}}, {"type": "Feature", "properties": {"habitat": "Pelagos Sanctuary", "hours_fast": 673.0, "hours_total": 1190.0, "pct_fast": 1.68, "mean_speed_kn": 16.87}, "geometry": {"type": "Polygon", "coordinates": [[[9.25, 43.65], [9.35, 43.65], [9.35, 43.75], [9.25, 43.75], [9.25, 43.65]]]}}, {"type": "Feature", "properties": {"habitat": "Pelagos Sanctuary", "hours_fast": 83.0, "hours_total": 283.0, "pct_fast": 1.06, "mean_speed_kn": 14.78}, "geometry": {"type": "Polygon", "coordinates": [[[9.35, 43.65], [9.45, 43.65], [9.45, 43.75], [9.35, 43.75], [9.35, 43.65]]]}}, {"type": "Feature", "properties": {"habitat": "Pelagos Sanctuary", "hours_fast": 113.0, "hours_total": 320.0, "pct_fast": 0.94, "mean_speed_kn": 15.22}, "geometry": {"type": "Polygon", "coordinates": [[[9.45, 43.65], [9.55, 43.65], [9.55, 43.75], [9.45, 43.75], [9.45, 43.65]]]}}, {"type": "Feature", "properties": {"habitat": "Pelagos Sanctuary", "hours_fast": 142.0, "hours_total": 361.0, "pct_fast": 0.83, "mean_speed_kn": 15.51}, "geometry": {"type": "Polygon", "coordinates": [[[9.55, 43.65], [9.65, 43.65], [9.65, 43.75], [9.55, 43.75], [9.55, 43.65]]]}}, {"type": "Feature", "properties": {"habitat": "Pelagos Sanctuary", "hours_fast": 250.0, "hours_total": 494.0, "pct_fast": 0.81, "mean_speed_kn": 16.36}, "geometry": {"type": "Polygon", "coordinates": [[[9.65, 43.65], [9.75, 43.65], [9.75, 43.75], [9.65, 43.75], [9.65, 43.65]]]}}, {"type": "Feature", "properties": {"habitat": "Pelagos Sanctuary", "hours_fast": 160.0, "hours_total": 530.0, "pct_fast": 2.08, "mean_speed_kn": 14.92}, "geometry": {"type": "Polygon", "coordinates": [[[9.75, 43.65], [9.85, 43.65], [9.85, 43.75], [9.75, 43.75], [9.75, 43.65]]]}}, {"type": "Feature", "properties": {"habitat": "Pelagos Sanctuary", "hours_fast": 98.0, "hours_total": 271.0, "pct_fast": 3.32, "mean_speed_kn": 15.46}, "geometry": {"type": "Polygon", "coordinates": [[[9.85, 43.65], [9.95, 43.65], [9.95, 43.75], [9.85, 43.75], [9.85, 43.65]]]}}, {"type": "Feature", "properties": {"habitat": "Pelagos Sanctuary", "hours_fast": 31.0, "hours_total": 98.0, "pct_fast": 3.06, "mean_speed_kn": 15.1}, "geometry": {"type": "Polygon", "coordinates": [[[9.95, 43.65], [10.05, 43.65], [10.05, 43.75], [9.95, 43.75], [9.95, 43.65]]]}}, {"type": "Feature", "properties": {"habitat": "Pelagos Sanctuary", "hours_fast": 42.0, "hours_total": 222.0, "pct_fast": 2.25, "mean_speed_kn": 14.09}, "geometry": {"type": "Polygon", "coordinates": [[[10.05, 43.65], [10.15, 43.65], [10.15, 43.75], [10.05, 43.75], [10.05, 43.65]]]}}, {"type": "Feature", "properties": {"habitat": "Pelagos Sanctuary", "hours_fast": 35.0, "hours_total": 157.0, "pct_fast": 4.46, "mean_speed_kn": 14.51}, "geometry": {"type": "Polygon", "coordinates": [[[10.15, 43.65], [10.25, 43.65], [10.25, 43.75], [10.15, 43.75], [10.15, 43.65]]]}}, {"type": "Feature", "properties": {"habitat": "Pelagos Sanctuary", "hours_fast": 347.0, "hours_total": 1171.0, "pct_fast": 3.93, "mean_speed_kn": 15.02}, "geometry": {"type": "Polygon", "coordinates": [[[7.75, 43.75], [7.85, 43.75], [7.85, 43.85], [7.75, 43.85], [7.75, 43.75]]]}}, {"type": "Feature", "properties": {"habitat": "Pelagos Sanctuary", "hours_fast": 258.0, "hours_total": 956.0, "pct_fast": 4.08, "mean_speed_kn": 14.83}, "geometry": {"type": "Polygon", "coordinates": [[[7.85, 43.75], [7.95, 43.75], [7.95, 43.85], [7.85, 43.85], [7.85, 43.75]]]}}, {"type": "Feature", "properties": {"habitat": "Pelagos Sanctuary", "hours_fast": 260.0, "hours_total": 855.0, "pct_fast": 3.39, "mean_speed_kn": 15.04}, "geometry": {"type": "Polygon", "coordinates": [[[7.95, 43.75], [8.05, 43.75], [8.05, 43.85], [7.95, 43.85], [7.95, 43.75]]]}}, {"type": "Feature", "properties": {"habitat": "Pelagos Sanctuary", "hours_fast": 251.0, "hours_total": 720.0, "pct_fast": 1.53, "mean_speed_kn": 15.23}, "geometry": {"type": "Polygon", "coordinates": [[[8.05, 43.75], [8.15, 43.75], [8.15, 43.85], [8.05, 43.85], [8.05, 43.75]]]}}, {"type": "Feature", "properties": {"habitat": "Pelagos Sanctuary", "hours_fast": 193.0, "hours_total": 661.0, "pct_fast": 0.91, "mean_speed_kn": 14.76}, "geometry": {"type": "Polygon", "coordinates": [[[8.15, 43.75], [8.25, 43.75], [8.25, 43.85], [8.15, 43.85], [8.15, 43.75]]]}}, {"type": "Feature", "properties": {"habitat": "Pelagos Sanctuary", "hours_fast": 96.0, "hours_total": 444.0, "pct_fast": 0.68, "mean_speed_kn": 14.17}, "geometry": {"type": "Polygon", "coordinates": [[[8.25, 43.75], [8.35, 43.75], [8.35, 43.85], [8.25, 43.85], [8.25, 43.75]]]}}, {"type": "Feature", "properties": {"habitat": "Pelagos Sanctuary", "hours_fast": 75.0, "hours_total": 258.0, "pct_fast": 1.94, "mean_speed_kn": 14.83}, "geometry": {"type": "Polygon", "coordinates": [[[8.35, 43.75], [8.45, 43.75], [8.45, 43.85], [8.35, 43.85], [8.35, 43.75]]]}}, {"type": "Feature", "properties": {"habitat": "Pelagos Sanctuary", "hours_fast": 39.0, "hours_total": 203.0, "pct_fast": 0.99, "mean_speed_kn": 14.01}, "geometry": {"type": "Polygon", "coordinates": [[[8.45, 43.75], [8.55, 43.75], [8.55, 43.85], [8.45, 43.85], [8.45, 43.75]]]}}, {"type": "Feature", "properties": {"habitat": "Pelagos Sanctuary", "hours_fast": 37.0, "hours_total": 232.0, "pct_fast": 1.72, "mean_speed_kn": 13.83}, "geometry": {"type": "Polygon", "coordinates": [[[8.55, 43.75], [8.65, 43.75], [8.65, 43.85], [8.55, 43.85], [8.55, 43.75]]]}}, {"type": "Feature", "properties": {"habitat": "Pelagos Sanctuary", "hours_fast": 27.0, "hours_total": 179.0, "pct_fast": 0.56, "mean_speed_kn": 13.67}, "geometry": {"type": "Polygon", "coordinates": [[[8.65, 43.75], [8.75, 43.75], [8.75, 43.85], [8.65, 43.85], [8.65, 43.75]]]}}, {"type": "Feature", "properties": {"habitat": "Pelagos Sanctuary", "hours_fast": 256.0, "hours_total": 377.0, "pct_fast": 0.0, "mean_speed_kn": 17.59}, "geometry": {"type": "Polygon", "coordinates": [[[8.75, 43.75], [8.85, 43.75], [8.85, 43.85], [8.75, 43.85], [8.75, 43.75]]]}}, {"type": "Feature", "properties": {"habitat": "Pelagos Sanctuary", "hours_fast": 102.0, "hours_total": 318.0, "pct_fast": 2.2, "mean_speed_kn": 15.07}, "geometry": {"type": "Polygon", "coordinates": [[[8.85, 43.75], [8.95, 43.75], [8.95, 43.85], [8.85, 43.85], [8.85, 43.75]]]}}, {"type": "Feature", "properties": {"habitat": "Pelagos Sanctuary", "hours_fast": 48.0, "hours_total": 212.0, "pct_fast": 1.89, "mean_speed_kn": 14.34}, "geometry": {"type": "Polygon", "coordinates": [[[8.95, 43.75], [9.05, 43.75], [9.05, 43.85], [8.95, 43.85], [8.95, 43.75]]]}}, {"type": "Feature", "properties": {"habitat": "Pelagos Sanctuary", "hours_fast": 39.0, "hours_total": 187.0, "pct_fast": 2.14, "mean_speed_kn": 14.22}, "geometry": {"type": "Polygon", "coordinates": [[[9.05, 43.75], [9.15, 43.75], [9.15, 43.85], [9.05, 43.85], [9.05, 43.75]]]}}, {"type": "Feature", "properties": {"habitat": "Pelagos Sanctuary", "hours_fast": 557.0, "hours_total": 886.0, "pct_fast": 1.69, "mean_speed_kn": 17.34}, "geometry": {"type": "Polygon", "coordinates": [[[9.15, 43.75], [9.25, 43.75], [9.25, 43.85], [9.15, 43.85], [9.15, 43.75]]]}}, {"type": "Feature", "properties": {"habitat": "Pelagos Sanctuary", "hours_fast": 310.0, "hours_total": 657.0, "pct_fast": 1.83, "mean_speed_kn": 16.18}, "geometry": {"type": "Polygon", "coordinates": [[[9.25, 43.75], [9.35, 43.75], [9.35, 43.85], [9.25, 43.85], [9.25, 43.75]]]}}, {"type": "Feature", "properties": {"habitat": "Pelagos Sanctuary", "hours_fast": 189.0, "hours_total": 469.0, "pct_fast": 0.21, "mean_speed_kn": 15.54}, "geometry": {"type": "Polygon", "coordinates": [[[9.35, 43.75], [9.45, 43.75], [9.45, 43.85], [9.35, 43.85], [9.35, 43.75]]]}}, {"type": "Feature", "properties": {"habitat": "Pelagos Sanctuary", "hours_fast": 168.0, "hours_total": 421.0, "pct_fast": 1.66, "mean_speed_kn": 15.62}, "geometry": {"type": "Polygon", "coordinates": [[[9.45, 43.75], [9.55, 43.75], [9.55, 43.85], [9.45, 43.85], [9.45, 43.75]]]}}, {"type": "Feature", "properties": {"habitat": "Pelagos Sanctuary", "hours_fast": 153.0, "hours_total": 403.0, "pct_fast": 1.49, "mean_speed_kn": 15.46}, "geometry": {"type": "Polygon", "coordinates": [[[9.55, 43.75], [9.65, 43.75], [9.65, 43.85], [9.55, 43.85], [9.55, 43.75]]]}}, {"type": "Feature", "properties": {"habitat": "Pelagos Sanctuary", "hours_fast": 80.0, "hours_total": 276.0, "pct_fast": 2.9, "mean_speed_kn": 14.89}, "geometry": {"type": "Polygon", "coordinates": [[[9.65, 43.75], [9.75, 43.75], [9.75, 43.85], [9.65, 43.85], [9.65, 43.75]]]}}, {"type": "Feature", "properties": {"habitat": "Pelagos Sanctuary", "hours_fast": 91.0, "hours_total": 378.0, "pct_fast": 1.32, "mean_speed_kn": 14.4}, "geometry": {"type": "Polygon", "coordinates": [[[9.75, 43.75], [9.85, 43.75], [9.85, 43.85], [9.75, 43.85], [9.75, 43.75]]]}}, {"type": "Feature", "properties": {"habitat": "Pelagos Sanctuary", "hours_fast": 128.0, "hours_total": 433.0, "pct_fast": 1.39, "mean_speed_kn": 14.82}, "geometry": {"type": "Polygon", "coordinates": [[[9.85, 43.75], [9.95, 43.75], [9.95, 43.85], [9.85, 43.85], [9.85, 43.75]]]}}, {"type": "Feature", "properties": {"habitat": "Pelagos Sanctuary", "hours_fast": 91.0, "hours_total": 325.0, "pct_fast": 2.77, "mean_speed_kn": 14.81}, "geometry": {"type": "Polygon", "coordinates": [[[9.95, 43.75], [10.05, 43.75], [10.05, 43.85], [9.95, 43.85], [9.95, 43.75]]]}}, {"type": "Feature", "properties": {"habitat": "Pelagos Sanctuary", "hours_fast": 42.0, "hours_total": 186.0, "pct_fast": 2.69, "mean_speed_kn": 14.4}, "geometry": {"type": "Polygon", "coordinates": [[[10.05, 43.75], [10.15, 43.75], [10.15, 43.85], [10.05, 43.85], [10.05, 43.75]]]}}, {"type": "Feature", "properties": {"habitat": "Pelagos Sanctuary", "hours_fast": 49.0, "hours_total": 167.0, "pct_fast": 3.59, "mean_speed_kn": 14.97}, "geometry": {"type": "Polygon", "coordinates": [[[10.15, 43.75], [10.25, 43.75], [10.25, 43.85], [10.15, 43.85], [10.15, 43.75]]]}}, {"type": "Feature", "properties": {"habitat": "Pelagos Sanctuary", "hours_fast": 209.0, "hours_total": 661.0, "pct_fast": 5.6, "mean_speed_kn": 15.29}, "geometry": {"type": "Polygon", "coordinates": [[[8.05, 43.85], [8.15, 43.85], [8.15, 43.95], [8.05, 43.95], [8.05, 43.85]]]}}, {"type": "Feature", "properties": {"habitat": "Pelagos Sanctuary", "hours_fast": 307.0, "hours_total": 866.0, "pct_fast": 4.04, "mean_speed_kn": 15.46}, "geometry": {"type": "Polygon", "coordinates": [[[8.15, 43.85], [8.25, 43.85], [8.25, 43.95], [8.15, 43.95], [8.15, 43.85]]]}}, {"type": "Feature", "properties": {"habitat": "Pelagos Sanctuary", "hours_fast": 273.0, "hours_total": 840.0, "pct_fast": 1.19, "mean_speed_kn": 15.03}, "geometry": {"type": "Polygon", "coordinates": [[[8.25, 43.85], [8.35, 43.85], [8.35, 43.95], [8.25, 43.95], [8.25, 43.85]]]}}, {"type": "Feature", "properties": {"habitat": "Pelagos Sanctuary", "hours_fast": 127.0, "hours_total": 518.0, "pct_fast": 0.39, "mean_speed_kn": 14.37}, "geometry": {"type": "Polygon", "coordinates": [[[8.35, 43.85], [8.45, 43.85], [8.45, 43.95], [8.35, 43.95], [8.35, 43.85]]]}}, {"type": "Feature", "properties": {"habitat": "Pelagos Sanctuary", "hours_fast": 69.0, "hours_total": 318.0, "pct_fast": 1.26, "mean_speed_kn": 14.22}, "geometry": {"type": "Polygon", "coordinates": [[[8.45, 43.85], [8.55, 43.85], [8.55, 43.95], [8.45, 43.95], [8.45, 43.85]]]}}, {"type": "Feature", "properties": {"habitat": "Pelagos Sanctuary", "hours_fast": 50.0, "hours_total": 221.0, "pct_fast": 1.81, "mean_speed_kn": 14.33}, "geometry": {"type": "Polygon", "coordinates": [[[8.55, 43.85], [8.65, 43.85], [8.65, 43.95], [8.55, 43.95], [8.55, 43.85]]]}}, {"type": "Feature", "properties": {"habitat": "Pelagos Sanctuary", "hours_fast": 40.0, "hours_total": 242.0, "pct_fast": 1.24, "mean_speed_kn": 13.83}, "geometry": {"type": "Polygon", "coordinates": [[[8.65, 43.85], [8.75, 43.85], [8.75, 43.95], [8.65, 43.95], [8.65, 43.85]]]}}, {"type": "Feature", "properties": {"habitat": "Pelagos Sanctuary", "hours_fast": 282.0, "hours_total": 537.0, "pct_fast": 1.12, "mean_speed_kn": 16.52}, "geometry": {"type": "Polygon", "coordinates": [[[8.75, 43.85], [8.85, 43.85], [8.85, 43.95], [8.75, 43.95], [8.75, 43.85]]]}}, {"type": "Feature", "properties": {"habitat": "Pelagos Sanctuary", "hours_fast": 165.0, "hours_total": 346.0, "pct_fast": 2.6, "mean_speed_kn": 16.27}, "geometry": {"type": "Polygon", "coordinates": [[[8.85, 43.85], [8.95, 43.85], [8.95, 43.95], [8.85, 43.95], [8.85, 43.85]]]}}, {"type": "Feature", "properties": {"habitat": "Pelagos Sanctuary", "hours_fast": 51.0, "hours_total": 262.0, "pct_fast": 3.82, "mean_speed_kn": 14.25}, "geometry": {"type": "Polygon", "coordinates": [[[8.95, 43.85], [9.05, 43.85], [9.05, 43.95], [8.95, 43.95], [8.95, 43.85]]]}}, {"type": "Feature", "properties": {"habitat": "Pelagos Sanctuary", "hours_fast": 100.0, "hours_total": 310.0, "pct_fast": 2.26, "mean_speed_kn": 15.09}, "geometry": {"type": "Polygon", "coordinates": [[[9.05, 43.85], [9.15, 43.85], [9.15, 43.95], [9.05, 43.95], [9.05, 43.85]]]}}, {"type": "Feature", "properties": {"habitat": "Pelagos Sanctuary", "hours_fast": 784.0, "hours_total": 1357.0, "pct_fast": 0.96, "mean_speed_kn": 16.9}, "geometry": {"type": "Polygon", "coordinates": [[[9.15, 43.85], [9.25, 43.85], [9.25, 43.95], [9.15, 43.95], [9.15, 43.85]]]}}, {"type": "Feature", "properties": {"habitat": "Pelagos Sanctuary", "hours_fast": 224.0, "hours_total": 433.0, "pct_fast": 2.08, "mean_speed_kn": 16.54}, "geometry": {"type": "Polygon", "coordinates": [[[9.25, 43.85], [9.35, 43.85], [9.35, 43.95], [9.25, 43.95], [9.25, 43.85]]]}}, {"type": "Feature", "properties": {"habitat": "Pelagos Sanctuary", "hours_fast": 124.0, "hours_total": 277.0, "pct_fast": 3.25, "mean_speed_kn": 16.1}, "geometry": {"type": "Polygon", "coordinates": [[[9.35, 43.85], [9.45, 43.85], [9.45, 43.95], [9.35, 43.95], [9.35, 43.85]]]}}, {"type": "Feature", "properties": {"habitat": "Pelagos Sanctuary", "hours_fast": 149.0, "hours_total": 361.0, "pct_fast": 2.49, "mean_speed_kn": 15.78}, "geometry": {"type": "Polygon", "coordinates": [[[9.45, 43.85], [9.55, 43.85], [9.55, 43.95], [9.45, 43.95], [9.45, 43.85]]]}}, {"type": "Feature", "properties": {"habitat": "Pelagos Sanctuary", "hours_fast": 72.0, "hours_total": 261.0, "pct_fast": 1.15, "mean_speed_kn": 14.66}, "geometry": {"type": "Polygon", "coordinates": [[[9.55, 43.85], [9.65, 43.85], [9.65, 43.95], [9.55, 43.95], [9.55, 43.85]]]}}, {"type": "Feature", "properties": {"habitat": "Pelagos Sanctuary", "hours_fast": 81.0, "hours_total": 304.0, "pct_fast": 1.32, "mean_speed_kn": 14.6}, "geometry": {"type": "Polygon", "coordinates": [[[9.65, 43.85], [9.75, 43.85], [9.75, 43.95], [9.65, 43.95], [9.65, 43.85]]]}}, {"type": "Feature", "properties": {"habitat": "Pelagos Sanctuary", "hours_fast": 87.0, "hours_total": 349.0, "pct_fast": 2.87, "mean_speed_kn": 14.58}, "geometry": {"type": "Polygon", "coordinates": [[[9.75, 43.85], [9.85, 43.85], [9.85, 43.95], [9.75, 43.95], [9.75, 43.85]]]}}, {"type": "Feature", "properties": {"habitat": "Pelagos Sanctuary", "hours_fast": 103.0, "hours_total": 495.0, "pct_fast": 2.02, "mean_speed_kn": 14.21}, "geometry": {"type": "Polygon", "coordinates": [[[9.85, 43.85], [9.95, 43.85], [9.95, 43.95], [9.85, 43.95], [9.85, 43.85]]]}}, {"type": "Feature", "properties": {"habitat": "Pelagos Sanctuary", "hours_fast": 113.0, "hours_total": 407.0, "pct_fast": 1.72, "mean_speed_kn": 14.71}, "geometry": {"type": "Polygon", "coordinates": [[[9.95, 43.85], [10.05, 43.85], [10.05, 43.95], [9.95, 43.95], [9.95, 43.85]]]}}, {"type": "Feature", "properties": {"habitat": "Pelagos Sanctuary", "hours_fast": 62.0, "hours_total": 236.0, "pct_fast": 4.66, "mean_speed_kn": 14.82}, "geometry": {"type": "Polygon", "coordinates": [[[10.05, 43.85], [10.15, 43.85], [10.15, 43.95], [10.05, 43.95], [10.05, 43.85]]]}}, {"type": "Feature", "properties": {"habitat": "Pelagos Sanctuary", "hours_fast": 134.0, "hours_total": 423.0, "pct_fast": 5.91, "mean_speed_kn": 15.32}, "geometry": {"type": "Polygon", "coordinates": [[[10.15, 43.85], [10.25, 43.85], [10.25, 43.95], [10.15, 43.95], [10.15, 43.85]]]}}, {"type": "Feature", "properties": {"habitat": "Pelagos Sanctuary", "hours_fast": 120.0, "hours_total": 350.0, "pct_fast": 6.86, "mean_speed_kn": 15.59}, "geometry": {"type": "Polygon", "coordinates": [[[8.15, 43.95], [8.25, 43.95], [8.25, 44.05], [8.15, 44.05], [8.15, 43.95]]]}}, {"type": "Feature", "properties": {"habitat": "Pelagos Sanctuary", "hours_fast": 225.0, "hours_total": 559.0, "pct_fast": 4.29, "mean_speed_kn": 15.84}, "geometry": {"type": "Polygon", "coordinates": [[[8.25, 43.95], [8.35, 43.95], [8.35, 44.05], [8.25, 44.05], [8.25, 43.95]]]}}, {"type": "Feature", "properties": {"habitat": "Pelagos Sanctuary", "hours_fast": 270.0, "hours_total": 833.0, "pct_fast": 1.32, "mean_speed_kn": 15.03}, "geometry": {"type": "Polygon", "coordinates": [[[8.35, 43.95], [8.45, 43.95], [8.45, 44.05], [8.35, 44.05], [8.35, 43.95]]]}}, {"type": "Feature", "properties": {"habitat": "Pelagos Sanctuary", "hours_fast": 212.0, "hours_total": 782.0, "pct_fast": 1.92, "mean_speed_kn": 14.68}, "geometry": {"type": "Polygon", "coordinates": [[[8.45, 43.95], [8.55, 43.95], [8.55, 44.05], [8.45, 44.05], [8.45, 43.95]]]}}, {"type": "Feature", "properties": {"habitat": "Pelagos Sanctuary", "hours_fast": 107.0, "hours_total": 436.0, "pct_fast": 1.38, "mean_speed_kn": 14.44}, "geometry": {"type": "Polygon", "coordinates": [[[8.55, 43.95], [8.65, 43.95], [8.65, 44.05], [8.55, 44.05], [8.55, 43.95]]]}}, {"type": "Feature", "properties": {"habitat": "Pelagos Sanctuary", "hours_fast": 113.0, "hours_total": 371.0, "pct_fast": 0.0, "mean_speed_kn": 14.78}, "geometry": {"type": "Polygon", "coordinates": [[[8.65, 43.95], [8.75, 43.95], [8.75, 44.05], [8.65, 44.05], [8.65, 43.95]]]}}, {"type": "Feature", "properties": {"habitat": "Pelagos Sanctuary", "hours_fast": 107.0, "hours_total": 401.0, "pct_fast": 0.75, "mean_speed_kn": 14.56}, "geometry": {"type": "Polygon", "coordinates": [[[8.75, 43.95], [8.85, 43.95], [8.85, 44.05], [8.75, 44.05], [8.75, 43.95]]]}}, {"type": "Feature", "properties": {"habitat": "Pelagos Sanctuary", "hours_fast": 267.0, "hours_total": 473.0, "pct_fast": 0.63, "mean_speed_kn": 16.78}, "geometry": {"type": "Polygon", "coordinates": [[[8.85, 43.95], [8.95, 43.95], [8.95, 44.05], [8.85, 44.05], [8.85, 43.95]]]}}, {"type": "Feature", "properties": {"habitat": "Pelagos Sanctuary", "hours_fast": 67.0, "hours_total": 252.0, "pct_fast": 1.59, "mean_speed_kn": 14.61}, "geometry": {"type": "Polygon", "coordinates": [[[8.95, 43.95], [9.05, 43.95], [9.05, 44.05], [8.95, 44.05], [8.95, 43.95]]]}}, {"type": "Feature", "properties": {"habitat": "Pelagos Sanctuary", "hours_fast": 635.0, "hours_total": 1022.0, "pct_fast": 1.86, "mean_speed_kn": 17.3}, "geometry": {"type": "Polygon", "coordinates": [[[9.05, 43.95], [9.15, 43.95], [9.15, 44.05], [9.05, 44.05], [9.05, 43.95]]]}}, {"type": "Feature", "properties": {"habitat": "Pelagos Sanctuary", "hours_fast": 444.0, "hours_total": 755.0, "pct_fast": 1.72, "mean_speed_kn": 17.04}, "geometry": {"type": "Polygon", "coordinates": [[[9.15, 43.95], [9.25, 43.95], [9.25, 44.05], [9.15, 44.05], [9.15, 43.95]]]}}, {"type": "Feature", "properties": {"habitat": "Pelagos Sanctuary", "hours_fast": 112.0, "hours_total": 292.0, "pct_fast": 2.74, "mean_speed_kn": 15.58}, "geometry": {"type": "Polygon", "coordinates": [[[9.25, 43.95], [9.35, 43.95], [9.35, 44.05], [9.25, 44.05], [9.25, 43.95]]]}}, {"type": "Feature", "properties": {"habitat": "Pelagos Sanctuary", "hours_fast": 129.0, "hours_total": 346.0, "pct_fast": 2.02, "mean_speed_kn": 15.45}, "geometry": {"type": "Polygon", "coordinates": [[[9.35, 43.95], [9.45, 43.95], [9.45, 44.05], [9.35, 44.05], [9.35, 43.95]]]}}, {"type": "Feature", "properties": {"habitat": "Pelagos Sanctuary", "hours_fast": 61.0, "hours_total": 259.0, "pct_fast": 3.86, "mean_speed_kn": 14.56}, "geometry": {"type": "Polygon", "coordinates": [[[9.45, 43.95], [9.55, 43.95], [9.55, 44.05], [9.45, 44.05], [9.45, 43.95]]]}}, {"type": "Feature", "properties": {"habitat": "Pelagos Sanctuary", "hours_fast": 61.0, "hours_total": 264.0, "pct_fast": 3.41, "mean_speed_kn": 14.49}, "geometry": {"type": "Polygon", "coordinates": [[[9.55, 43.95], [9.65, 43.95], [9.65, 44.05], [9.55, 44.05], [9.55, 43.95]]]}}, {"type": "Feature", "properties": {"habitat": "Pelagos Sanctuary", "hours_fast": 78.0, "hours_total": 392.0, "pct_fast": 3.06, "mean_speed_kn": 14.22}, "geometry": {"type": "Polygon", "coordinates": [[[9.65, 43.95], [9.75, 43.95], [9.75, 44.05], [9.65, 44.05], [9.65, 43.95]]]}}, {"type": "Feature", "properties": {"habitat": "Pelagos Sanctuary", "hours_fast": 238.0, "hours_total": 1155.0, "pct_fast": 2.16, "mean_speed_kn": 14.21}, "geometry": {"type": "Polygon", "coordinates": [[[9.75, 43.95], [9.85, 43.95], [9.85, 44.05], [9.75, 44.05], [9.75, 43.95]]]}}, {"type": "Feature", "properties": {"habitat": "Pelagos Sanctuary", "hours_fast": 210.0, "hours_total": 1034.0, "pct_fast": 1.64, "mean_speed_kn": 14.15}, "geometry": {"type": "Polygon", "coordinates": [[[9.85, 43.95], [9.95, 43.95], [9.95, 44.05], [9.85, 44.05], [9.85, 43.95]]]}}, {"type": "Feature", "properties": {"habitat": "Pelagos Sanctuary", "hours_fast": 158.0, "hours_total": 620.0, "pct_fast": 6.61, "mean_speed_kn": 14.91}, "geometry": {"type": "Polygon", "coordinates": [[[9.95, 43.95], [10.05, 43.95], [10.05, 44.05], [9.95, 44.05], [9.95, 43.95]]]}}, {"type": "Feature", "properties": {"habitat": "Pelagos Sanctuary", "hours_fast": 95.0, "hours_total": 251.0, "pct_fast": 12.75, "mean_speed_kn": 16.29}, "geometry": {"type": "Polygon", "coordinates": [[[10.05, 43.95], [10.15, 43.95], [10.15, 44.05], [10.05, 44.05], [10.05, 43.95]]]}}, {"type": "Feature", "properties": {"habitat": "Pelagos Sanctuary", "hours_fast": 90.0, "hours_total": 299.0, "pct_fast": 5.35, "mean_speed_kn": 15.16}, "geometry": {"type": "Polygon", "coordinates": [[[8.25, 44.05], [8.35, 44.05], [8.35, 44.15], [8.25, 44.15], [8.25, 44.05]]]}}, {"type": "Feature", "properties": {"habitat": "Pelagos Sanctuary", "hours_fast": 182.0, "hours_total": 449.0, "pct_fast": 2.0, "mean_speed_kn": 15.69}, "geometry": {"type": "Polygon", "coordinates": [[[8.35, 44.05], [8.45, 44.05], [8.45, 44.15], [8.35, 44.15], [8.35, 44.05]]]}}, {"type": "Feature", "properties": {"habitat": "Pelagos Sanctuary", "hours_fast": 146.0, "hours_total": 539.0, "pct_fast": 1.67, "mean_speed_kn": 14.66}, "geometry": {"type": "Polygon", "coordinates": [[[8.45, 44.05], [8.55, 44.05], [8.55, 44.15], [8.45, 44.15], [8.45, 44.05]]]}}, {"type": "Feature", "properties": {"habitat": "Pelagos Sanctuary", "hours_fast": 213.0, "hours_total": 732.0, "pct_fast": 1.64, "mean_speed_kn": 14.81}, "geometry": {"type": "Polygon", "coordinates": [[[8.55, 44.05], [8.65, 44.05], [8.65, 44.15], [8.55, 44.15], [8.55, 44.05]]]}}, {"type": "Feature", "properties": {"habitat": "Pelagos Sanctuary", "hours_fast": 238.0, "hours_total": 844.0, "pct_fast": 1.9, "mean_speed_kn": 14.76}, "geometry": {"type": "Polygon", "coordinates": [[[8.65, 44.05], [8.75, 44.05], [8.75, 44.15], [8.65, 44.15], [8.65, 44.05]]]}}, {"type": "Feature", "properties": {"habitat": "Pelagos Sanctuary", "hours_fast": 142.0, "hours_total": 550.0, "pct_fast": 2.55, "mean_speed_kn": 14.63}, "geometry": {"type": "Polygon", "coordinates": [[[8.75, 44.05], [8.85, 44.05], [8.85, 44.15], [8.75, 44.15], [8.75, 44.05]]]}}, {"type": "Feature", "properties": {"habitat": "Pelagos Sanctuary", "hours_fast": 384.0, "hours_total": 767.0, "pct_fast": 0.26, "mean_speed_kn": 16.27}, "geometry": {"type": "Polygon", "coordinates": [[[8.85, 44.05], [8.95, 44.05], [8.95, 44.15], [8.85, 44.15], [8.85, 44.05]]]}}, {"type": "Feature", "properties": {"habitat": "Pelagos Sanctuary", "hours_fast": 150.0, "hours_total": 435.0, "pct_fast": 1.61, "mean_speed_kn": 15.21}, "geometry": {"type": "Polygon", "coordinates": [[[8.95, 44.05], [9.05, 44.05], [9.05, 44.15], [8.95, 44.15], [8.95, 44.05]]]}}, {"type": "Feature", "properties": {"habitat": "Pelagos Sanctuary", "hours_fast": 846.0, "hours_total": 1348.0, "pct_fast": 0.82, "mean_speed_kn": 17.27}, "geometry": {"type": "Polygon", "coordinates": [[[9.05, 44.05], [9.15, 44.05], [9.15, 44.15], [9.05, 44.15], [9.05, 44.05]]]}}, {"type": "Feature", "properties": {"habitat": "Pelagos Sanctuary", "hours_fast": 184.0, "hours_total": 400.0, "pct_fast": 1.0, "mean_speed_kn": 16.02}, "geometry": {"type": "Polygon", "coordinates": [[[9.15, 44.05], [9.25, 44.05], [9.25, 44.15], [9.15, 44.15], [9.15, 44.05]]]}}, {"type": "Feature", "properties": {"habitat": "Pelagos Sanctuary", "hours_fast": 108.0, "hours_total": 311.0, "pct_fast": 3.22, "mean_speed_kn": 15.35}, "geometry": {"type": "Polygon", "coordinates": [[[9.25, 44.05], [9.35, 44.05], [9.35, 44.15], [9.25, 44.15], [9.25, 44.05]]]}}, {"type": "Feature", "properties": {"habitat": "Pelagos Sanctuary", "hours_fast": 53.0, "hours_total": 247.0, "pct_fast": 4.45, "mean_speed_kn": 14.44}, "geometry": {"type": "Polygon", "coordinates": [[[9.35, 44.05], [9.45, 44.05], [9.45, 44.15], [9.35, 44.15], [9.35, 44.05]]]}}, {"type": "Feature", "properties": {"habitat": "Pelagos Sanctuary", "hours_fast": 59.0, "hours_total": 242.0, "pct_fast": 3.72, "mean_speed_kn": 14.61}, "geometry": {"type": "Polygon", "coordinates": [[[9.45, 44.05], [9.55, 44.05], [9.55, 44.15], [9.45, 44.15], [9.45, 44.05]]]}}, {"type": "Feature", "properties": {"habitat": "Pelagos Sanctuary", "hours_fast": 285.0, "hours_total": 890.0, "pct_fast": 3.15, "mean_speed_kn": 15.14}, "geometry": {"type": "Polygon", "coordinates": [[[9.55, 44.05], [9.65, 44.05], [9.65, 44.15], [9.55, 44.15], [9.55, 44.05]]]}}, {"type": "Feature", "properties": {"habitat": "Pelagos Sanctuary", "hours_fast": 369.0, "hours_total": 2596.0, "pct_fast": 0.73, "mean_speed_kn": 13.62}, "geometry": {"type": "Polygon", "coordinates": [[[9.65, 44.05], [9.75, 44.05], [9.75, 44.15], [9.65, 44.15], [9.65, 44.05]]]}}, {"type": "Feature", "properties": {"habitat": "Pelagos Sanctuary", "hours_fast": 209.0, "hours_total": 609.0, "pct_fast": 1.97, "mean_speed_kn": 15.22}, "geometry": {"type": "Polygon", "coordinates": [[[8.45, 44.15], [8.55, 44.15], [8.55, 44.25], [8.45, 44.25], [8.45, 44.15]]]}}, {"type": "Feature", "properties": {"habitat": "Pelagos Sanctuary", "hours_fast": 142.0, "hours_total": 525.0, "pct_fast": 2.48, "mean_speed_kn": 14.71}, "geometry": {"type": "Polygon", "coordinates": [[[8.55, 44.15], [8.65, 44.15], [8.65, 44.25], [8.55, 44.25], [8.55, 44.15]]]}}, {"type": "Feature", "properties": {"habitat": "Pelagos Sanctuary", "hours_fast": 224.0, "hours_total": 593.0, "pct_fast": 1.52, "mean_speed_kn": 15.45}, "geometry": {"type": "Polygon", "coordinates": [[[8.65, 44.15], [8.75, 44.15], [8.75, 44.25], [8.65, 44.25], [8.65, 44.15]]]}}, {"type": "Feature", "properties": {"habitat": "Pelagos Sanctuary", "hours_fast": 248.0, "hours_total": 852.0, "pct_fast": 1.06, "mean_speed_kn": 14.76}, "geometry": {"type": "Polygon", "coordinates": [[[8.75, 44.15], [8.85, 44.15], [8.85, 44.25], [8.75, 44.25], [8.75, 44.15]]]}}, {"type": "Feature", "properties": {"habitat": "Pelagos Sanctuary", "hours_fast": 325.0, "hours_total": 1003.0, "pct_fast": 1.4, "mean_speed_kn": 15.03}, "geometry": {"type": "Polygon", "coordinates": [[[8.85, 44.15], [8.95, 44.15], [8.95, 44.25], [8.85, 44.25], [8.85, 44.15]]]}}, {"type": "Feature", "properties": {"habitat": "Pelagos Sanctuary", "hours_fast": 576.0, "hours_total": 1318.0, "pct_fast": 1.06, "mean_speed_kn": 15.86}, "geometry": {"type": "Polygon", "coordinates": [[[8.95, 44.15], [9.05, 44.15], [9.05, 44.25], [8.95, 44.25], [8.95, 44.15]]]}}, {"type": "Feature", "properties": {"habitat": "Pelagos Sanctuary", "hours_fast": 417.0, "hours_total": 993.0, "pct_fast": 0.91, "mean_speed_kn": 15.72}, "geometry": {"type": "Polygon", "coordinates": [[[9.05, 44.15], [9.15, 44.15], [9.15, 44.25], [9.05, 44.25], [9.05, 44.15]]]}}, {"type": "Feature", "properties": {"habitat": "Pelagos Sanctuary", "hours_fast": 76.0, "hours_total": 250.0, "pct_fast": 0.8, "mean_speed_kn": 14.84}, "geometry": {"type": "Polygon", "coordinates": [[[9.15, 44.15], [9.25, 44.15], [9.25, 44.25], [9.15, 44.25], [9.15, 44.15]]]}}, {"type": "Feature", "properties": {"habitat": "Pelagos Sanctuary", "hours_fast": 60.0, "hours_total": 275.0, "pct_fast": 1.82, "mean_speed_kn": 14.27}, "geometry": {"type": "Polygon", "coordinates": [[[9.25, 44.15], [9.35, 44.15], [9.35, 44.25], [9.25, 44.25], [9.25, 44.15]]]}}, {"type": "Feature", "properties": {"habitat": "Pelagos Sanctuary", "hours_fast": 177.0, "hours_total": 510.0, "pct_fast": 5.49, "mean_speed_kn": 15.51}, "geometry": {"type": "Polygon", "coordinates": [[[9.35, 44.15], [9.45, 44.15], [9.45, 44.25], [9.35, 44.25], [9.35, 44.15]]]}}, {"type": "Feature", "properties": {"habitat": "Pelagos Sanctuary", "hours_fast": 255.0, "hours_total": 601.0, "pct_fast": 4.99, "mean_speed_kn": 16.06}, "geometry": {"type": "Polygon", "coordinates": [[[9.45, 44.15], [9.55, 44.15], [9.55, 44.25], [9.45, 44.25], [9.45, 44.15]]]}}, {"type": "Feature", "properties": {"habitat": "Pelagos Sanctuary", "hours_fast": 239.0, "hours_total": 757.0, "pct_fast": 3.04, "mean_speed_kn": 15.1}, "geometry": {"type": "Polygon", "coordinates": [[[8.45, 44.25], [8.55, 44.25], [8.55, 44.35], [8.45, 44.35], [8.45, 44.25]]]}}, {"type": "Feature", "properties": {"habitat": "Pelagos Sanctuary", "hours_fast": 126.0, "hours_total": 353.0, "pct_fast": 4.25, "mean_speed_kn": 15.5}, "geometry": {"type": "Polygon", "coordinates": [[[8.55, 44.25], [8.65, 44.25], [8.65, 44.35], [8.55, 44.35], [8.55, 44.25]]]}}, {"type": "Feature", "properties": {"habitat": "Pelagos Sanctuary", "hours_fast": 83.0, "hours_total": 358.0, "pct_fast": 1.96, "mean_speed_kn": 14.39}, "geometry": {"type": "Polygon", "coordinates": [[[8.65, 44.25], [8.75, 44.25], [8.75, 44.35], [8.65, 44.35], [8.65, 44.25]]]}}, {"type": "Feature", "properties": {"habitat": "Pelagos Sanctuary", "hours_fast": 63.0, "hours_total": 451.0, "pct_fast": 2.0, "mean_speed_kn": 13.7}, "geometry": {"type": "Polygon", "coordinates": [[[8.75, 44.25], [8.85, 44.25], [8.85, 44.35], [8.75, 44.35], [8.75, 44.25]]]}}, {"type": "Feature", "properties": {"habitat": "Pelagos Sanctuary", "hours_fast": 135.0, "hours_total": 625.0, "pct_fast": 0.96, "mean_speed_kn": 14.19}, "geometry": {"type": "Polygon", "coordinates": [[[8.85, 44.25], [8.95, 44.25], [8.95, 44.35], [8.85, 44.35], [8.85, 44.25]]]}}, {"type": "Feature", "properties": {"habitat": "Pelagos Sanctuary", "hours_fast": 643.0, "hours_total": 1629.0, "pct_fast": 1.04, "mean_speed_kn": 15.54}, "geometry": {"type": "Polygon", "coordinates": [[[8.95, 44.25], [9.05, 44.25], [9.05, 44.35], [8.95, 44.35], [8.95, 44.25]]]}}, {"type": "Feature", "properties": {"habitat": "Pelagos Sanctuary", "hours_fast": 182.0, "hours_total": 780.0, "pct_fast": 1.79, "mean_speed_kn": 14.38}, "geometry": {"type": "Polygon", "coordinates": [[[9.05, 44.25], [9.15, 44.25], [9.15, 44.35], [9.05, 44.35], [9.05, 44.25]]]}}, {"type": "Feature", "properties": {"habitat": "Pelagos Sanctuary", "hours_fast": 628.0, "hours_total": 2313.0, "pct_fast": 2.33, "mean_speed_kn": 14.71}, "geometry": {"type": "Polygon", "coordinates": [[[9.15, 44.25], [9.25, 44.25], [9.25, 44.35], [9.15, 44.35], [9.15, 44.25]]]}}, {"type": "Feature", "properties": {"habitat": "Pelagos Sanctuary", "hours_fast": 240.0, "hours_total": 801.0, "pct_fast": 3.5, "mean_speed_kn": 15.01}, "geometry": {"type": "Polygon", "coordinates": [[[9.25, 44.25], [9.35, 44.25], [9.35, 44.35], [9.25, 44.35], [9.25, 44.25]]]}}, {"type": "Feature", "properties": {"habitat": "Pelagos Sanctuary", "hours_fast": 47.0, "hours_total": 183.0, "pct_fast": 8.2, "mean_speed_kn": 15.04}, "geometry": {"type": "Polygon", "coordinates": [[[8.65, 44.35], [8.75, 44.35], [8.75, 44.45], [8.65, 44.45], [8.65, 44.35]]]}}, {"type": "Feature", "properties": {"habitat": "Pelagos Sanctuary", "hours_fast": 209.0, "hours_total": 914.0, "pct_fast": 10.61, "mean_speed_kn": 15.01}, "geometry": {"type": "Polygon", "coordinates": [[[8.75, 44.35], [8.85, 44.35], [8.85, 44.45], [8.75, 44.45], [8.75, 44.35]]]}}, {"type": "Feature", "properties": {"habitat": "Pelagos Sanctuary", "hours_fast": 489.0, "hours_total": 2344.0, "pct_fast": 3.33, "mean_speed_kn": 14.31}, "geometry": {"type": "Polygon", "coordinates": [[[8.85, 44.35], [8.95, 44.35], [8.95, 44.45], [8.85, 44.45], [8.85, 44.35]]]}}]}