{"type": "FeatureCollection", "name": "whale_tracks_PLACEHOLDER", "description": "SYNTHETIC placeholder tracks - not real tagging data", "crs": {"type": "name", "properties": {"name": "urn:ogc:def:crs:OGC:1.3:CRS84"}}, "features": [{"type": "Feature", "properties": {"type": "track", "placeholder": true, "whale_id": "MED-01", "species": "Fin whale", "segment_name": "MED-01 (Fin whale)", "start_time": "2021-04-12T00:00:00Z", "end_time": "2021-08-18T00:00:00Z", "track_days": 128, "home_range_km": 346, "animation_mode": "uniform", "coordinateProperties": {"times": [1618185600000, 1618207200000, 1618228800000, 1618250400000, 1618272000000, 1618293600000, 1618315200000, 1618336800000, 1618358400000, 1618380000000, 1618401600000, 1618423200000, 1618444800000, 1618466400000, 1618488000000, 1618509600000, 1618531200000, 1618552800000, 1618574400000, 1618596000000, 1618617600000, 1618639200000, 1618660800000, 1618682400000, 1618704000000, 1618725600000, 1618747200000, 1618768800000, 1618790400000, 1618812000000, 1618833600000, 1618855200000, 1618876800000, 1618898400000, 1618920000000, 1618941600000, 1618963200000, 1618984800000, 1619006400000, 1619028000000, 1619049600000, 1619071200000, 1619092800000, 1619114400000, 1619136000000, 1619157600000, 1619179200000, 1619200800000, 1619222400000, 1619244000000, 1619265600000, 1619287200000, 1619308800000, 1619330400000, 1619352000000, 1619373600000, 1619395200000, 1619416800000, 1619438400000, 1619460000000, 1619481600000, 1619503200000, 1619524800000, 1619546400000, 1619568000000, 1619589600000, 1619611200000, 1619632800000, 1619654400000, 1619676000000, 1619697600000, 1619719200000, 1619740800000, 1619762400000, 1619784000000, 1619805600000, 1619827200000, 1619848800000, 1619870400000, 1619892000000, 1619913600000, 1619935200000, 1619956800000, 1619978400000, 1620000000000, 1620021600000, 1620043200000, 1620064800000, 1620086400000, 1620108000000, 1620129600000, 1620151200000, 1620172800000, 1620194400000, 1620216000000, 1620237600000, 1620259200000, 1620280800000, 1620302400000, 1620324000000, 1620345600000, 1620367200000, 1620388800000, 1620410400000, 1620432000000, 1620453600000, 1620475200000, 1620496800000, 1620518400000, 1620540000000, 1620561600000, 1620583200000, 1620604800000, 1620626400000, 1620648000000, 1620669600000, 1620691200000, 1620712800000, 1620734400000, 1620756000000, 1620777600000, 1620799200000, 1620820800000, 1620842400000, 1620864000000, 1620885600000, 1620907200000, 1620928800000, 1620950400000, 1620972000000, 1620993600000, 1621015200000, 1621036800000, 1621058400000, 1621080000000, 1621101600000, 1621123200000, 1621144800000, 1621166400000, 1621188000000, 1621209600000, 1621231200000, 1621252800000, 1621274400000, 1621296000000, 1621317600000, 1621339200000, 1621360800000, 1621382400000, 1621404000000, 1621425600000, 1621447200000, 1621468800000, 1621490400000, 1621512000000, 1621533600000, 1621555200000, 1621576800000, 1621598400000, 1621620000000, 1621641600000, 1621663200000, 1621684800000, 1621706400000, 1621728000000, 1621749600000, 1621771200000, 1621792800000, 1621814400000, 1621836000000, 1621857600000, 1621879200000, 1621900800000, 1621922400000, 1621944000000, 1621965600000, 1621987200000, 1622008800000, 1622030400000, 1622052000000, 1622073600000, 1622095200000, 1622116800000, 1622138400000, 1622160000000, 1622181600000, 1622203200000, 1622224800000, 1622246400000, 1622268000000, 1622289600000, 1622311200000, 1622332800000, 1622354400000, 1622376000000, 1622397600000, 1622419200000, 1622440800000, 1622462400000, 1622484000000, 1622505600000, 1622527200000, 1622548800000, 1622570400000, 1622592000000, 1622613600000, 1622635200000, 1622656800000, 1622678400000, 1622700000000, 1622721600000, 1622743200000, 1622764800000, 1622786400000, 1622808000000, 1622829600000, 1622851200000, 1622872800000, 1622894400000, 1622916000000, 1622937600000, 1622959200000, 1622980800000, 1623002400000, 1623024000000, 1623045600000, 1623067200000, 1623088800000, 1623110400000, 1623132000000, 1623153600000, 1623175200000, 1623196800000, 1623218400000, 1623240000000, 1623261600000, 1623283200000, 1623304800000, 1623326400000, 1623348000000, 1623369600000, 1623391200000, 1623412800000, 1623434400000, 1623456000000, 1623477600000, 1623499200000, 1623520800000, 1623542400000, 1623564000000, 1623585600000, 1623607200000, 1623628800000, 1623650400000, 1623672000000, 1623693600000, 1623715200000, 1623736800000, 1623758400000, 1623780000000, 1623801600000, 1623823200000, 1623844800000, 1623866400000, 1623888000000, 1623909600000, 1623931200000, 1623952800000, 1623974400000, 1623996000000, 1624017600000, 1624039200000, 1624060800000, 1624082400000, 1624104000000, 1624125600000, 1624147200000, 1624168800000, 1624190400000, 1624212000000, 1624233600000, 1624255200000, 1624276800000, 1624298400000, 1624320000000, 1624341600000, 1624363200000, 1624384800000, 1624406400000, 1624428000000, 1624449600000, 1624471200000, 1624492800000, 1624514400000, 1624536000000, 1624557600000, 1624579200000, 1624600800000, 1624622400000, 1624644000000, 1624665600000, 1624687200000, 1624708800000, 1624730400000, 1624752000000, 1624773600000, 1624795200000, 1624816800000, 1624838400000, 1624860000000, 1624881600000, 1624903200000, 1624924800000, 1624946400000, 1624968000000, 1624989600000, 1625011200000, 1625032800000, 1625054400000, 1625076000000, 1625097600000, 1625119200000, 1625140800000, 1625162400000, 1625184000000, 1625205600000, 1625227200000, 1625248800000, 1625270400000, 1625292000000, 1625313600000, 1625335200000, 1625356800000, 1625378400000, 1625400000000, 1625421600000, 1625443200000, 1625464800000, 1625486400000, 1625508000000, 1625529600000, 1625551200000, 1625572800000, 1625594400000, 1625616000000, 1625637600000, 1625659200000, 1625680800000, 1625702400000, 1625724000000, 1625745600000, 1625767200000, 1625788800000, 1625810400000, 1625832000000, 1625853600000, 1625875200000, 1625896800000, 1625918400000, 1625940000000, 1625961600000, 1625983200000, 1626004800000, 1626026400000, 1626048000000, 1626069600000, 1626091200000, 1626112800000, 1626134400000, 1626156000000, 1626177600000, 1626199200000, 1626220800000, 1626242400000, 1626264000000, 1626285600000, 1626307200000, 1626328800000, 1626350400000, 1626372000000, 1626393600000, 1626415200000, 1626436800000, 1626458400000, 1626480000000, 1626501600000, 1626523200000, 1626544800000, 1626566400000, 1626588000000, 1626609600000, 1626631200000, 1626652800000, 1626674400000, 1626696000000, 1626717600000, 1626739200000, 1626760800000, 1626782400000, 1626804000000, 1626825600000, 1626847200000, 1626868800000, 1626890400000, 1626912000000, 1626933600000, 1626955200000, 1626976800000, 1626998400000, 1627020000000, 1627041600000, 1627063200000, 1627084800000, 1627106400000, 1627128000000, 1627149600000, 1627171200000, 1627192800000, 1627214400000, 1627236000000, 1627257600000, 1627279200000, 1627300800000, 1627322400000, 1627344000000, 1627365600000, 1627387200000, 1627408800000, 1627430400000, 1627452000000, 1627473600000, 1627495200000, 1627516800000, 1627538400000, 1627560000000, 1627581600000, 1627603200000, 1627624800000, 1627646400000, 1627668000000, 1627689600000, 1627711200000, 1627732800000, 1627754400000, 1627776000000, 1627797600000, 1627819200000, 1627840800000, 1627862400000, 1627884000000, 1627905600000, 1627927200000, 1627948800000, 1627970400000, 1627992000000, 1628013600000, 1628035200000, 1628056800000, 1628078400000, 1628100000000, 1628121600000, 1628143200000, 1628164800000, 1628186400000, 1628208000000, 1628229600000, 1628251200000, 1628272800000, 1628294400000, 1628316000000, 1628337600000, 1628359200000, 1628380800000, 1628402400000, 1628424000000, 1628445600000, 1628467200000, 1628488800000, 1628510400000, 1628532000000, 1628553600000, 1628575200000, 1628596800000, 1628618400000, 1628640000000, 1628661600000, 1628683200000, 1628704800000, 1628726400000, 1628748000000, 1628769600000, 1628791200000, 1628812800000, 1628834400000, 1628856000000, 1628877600000, 1628899200000, 1628920800000, 1628942400000, 1628964000000, 1628985600000, 1629007200000, 1629028800000, 1629050400000, 1629072000000, 1629093600000, 1629115200000, 1629136800000, 1629158400000, 1629180000000, 1629201600000, 1629223200000, 1629244800000], "courses": [138.1, 129.4, 120.8, 95.1, 104.3, 70.2, 136.0, 144.5, 128.3, 109.6, 83.6, 90.1, 108.8, 77.8, 131.9, 136.5, 153.4, 112.3, 97.6, 123.0, 22.0, 72.8, 62.0, 191.3, 209.9, 222.7, 225.4, 264.7, 256.9, 281.0, 289.4, 272.0, 260.3, 279.3, 224.3, 207.3, 150.0, 121.1, 172.1, 173.6, 107.7, 199.8, 248.2, 261.9, 49.5, 121.5, 173.6, 239.9, 189.7, 234.8, 55.6, 23.2, 7.9, 1.4, 36.9, 354.2, 331.5, 312.8, 314.4, 317.7, 297.2, 33.3, 52.2, 60.0, 34.6, 47.6, 68.8, 59.3, 76.1, 53.6, 264.1, 274.8, 258.8, 262.9, 252.3, 233.2, 188.2, 162.3, 199.8, 213.0, 191.8, 193.8, 234.2, 276.3, 230.1, 216.3, 230.6, 245.9, 255.1, 190.0, 177.6, 200.9, 212.3, 169.9, 130.4, 135.4, 146.3, 126.6, 80.2, 10.4, 5.0, 345.8, 318.9, 5.0, 36.3, 78.1, 29.5, 340.6, 336.2, 28.7, 38.0, 84.0, 93.0, 62.3, 85.2, 61.3, 53.1, 113.9, 98.4, 82.0, 48.2, 34.4, 24.5, 31.4, 136.3, 161.5, 154.8, 196.0, 163.6, 166.2, 223.5, 257.1, 252.2, 247.0, 212.4, 206.2, 181.3, 205.0, 206.3, 226.6, 271.6, 296.9, 330.1, 327.1, 108.3, 76.8, 49.4, 9.6, 329.6, 311.3, 324.7, 352.1, 12.5, 13.6, 34.3, 6.0, 336.6, 349.3, 11.4, 18.5, 27.5, 45.2, 8.3, 345.6, 19.1, 25.2, 16.1, 310.0, 319.0, 339.5, 308.2, 84.2, 64.8, 257.2, 312.9, 140.4, 169.2, 237.2, 249.7, 284.9, 272.8, 262.1, 284.3, 276.4, 287.2, 223.2, 236.1, 224.2, 221.6, 249.1, 243.2, 226.9, 277.0, 253.1, 251.4, 257.4, 243.5, 182.3, 154.5, 135.2, 189.8, 184.6, 146.4, 136.5, 127.8, 154.1, 160.9, 165.8, 160.4, 162.4, 168.2, 197.0, 227.2, 260.5, 179.4, 156.5, 144.9, 118.3, 121.3, 72.0, 73.8, 65.2, 40.0, 36.0, 24.5, 49.6, 91.9, 101.2, 105.8, 89.6, 289.2, 293.0, 331.9, 288.5, 263.4, 274.4, 299.4, 265.1, 187.3, 196.4, 222.8, 213.6, 269.2, 333.6, 14.3, 333.1, 327.2, 0.0, 332.3, 316.2, 303.4, 299.0, 318.6, 302.8, 333.6, 3.8, 44.6, 347.8, 342.9, 308.5, 312.9, 324.5, 321.5, 322.7, 341.8, 344.7, 14.1, 329.2, 357.5, 177.0, 220.4, 222.0, 194.7, 197.2, 207.8, 186.6, 213.8, 268.4, 78.8, 85.8, 53.5, 29.1, 2.7, 6.6, 2.5, 340.6, 324.9, 330.3, 53.3, 151.9, 124.1, 116.9, 110.7, 102.9, 115.4, 108.8, 166.8, 147.4, 170.0, 180.6, 203.0, 204.0, 214.0, 230.7, 235.1, 277.2, 310.0, 351.4, 56.9, 35.4, 12.3, 337.1, 331.1, 302.9, 322.3, 339.4, 331.5, 322.9, 107.3, 169.5, 168.2, 193.9, 181.8, 221.4, 231.6, 214.8, 282.5, 315.7, 332.9, 31.5, 28.9, 1.3, 0.8, 172.1, 150.1, 202.7, 248.8, 212.1, 111.1, 112.1, 125.4, 144.7, 160.6, 157.9, 126.1, 147.3, 114.7, 84.1, 93.0, 83.9, 66.9, 44.1, 53.2, 37.3, 53.1, 17.5, 341.5, 355.5, 34.8, 37.1, 52.7, 7.9, 7.8, 160.6, 185.3, 229.1, 212.9, 233.7, 262.0, 293.3, 302.3, 331.3, 308.9, 335.1, 340.1, 311.4, 313.3, 171.3, 151.8, 186.7, 180.3, 141.4, 120.9, 96.1, 91.6, 99.1, 106.1, 127.8, 122.8, 115.8, 127.8, 95.7, 36.9, 21.1, 44.6, 49.3, 18.5, 336.7, 274.7, 255.0, 258.7, 249.3, 261.8, 346.4, 313.9, 318.2, 286.7, 257.9, 259.9, 237.5, 224.8, 196.1, 231.3, 199.3, 237.5, 250.4, 199.9, 226.2, 231.0, 231.4, 178.3, 172.8, 165.0, 123.2, 86.5, 101.8, 127.9, 104.3, 151.0, 177.7, 139.9, 147.3, 149.9, 112.3, 61.1, 40.4, 56.4, 40.2, 10.8, 327.4, 317.0, 5.6, 354.4, 307.2, 277.3, 249.7, 282.4, 268.1, 278.4, 260.5, 203.7, 174.4, 157.6, 134.2, 146.0, 155.0, 174.3, 155.7, 164.4, 141.9, 133.8, 136.9, 93.5, 124.1, 138.5, 89.2, 75.7, 74.3, 70.5, 55.9, 39.9, 50.8, 54.7, 39.4, 321.8, 318.7, 295.5, 318.9, 334.0, 343.9, 3.5, 25.3, 302.0, 313.9, 334.8, 326.6, 307.2, 336.3, 319.4, 287.1, 294.1, 293.0, 312.0, 333.8, 300.1, 281.1, 299.4, 289.9, 286.4, 317.4, 313.8, 302.9, 285.6, 310.6, 336.3, 320.9, 143.4, 192.5, 230.5, 269.4, 297.3, 75.9, 75.9]}}, "geometry": {"type": "LineString", "coordinates": [[7.6, 43.3], [7.74183, 43.18447], [7.9239, 43.07503], [8.04442, 43.02237], [8.20523, 43.01182], [8.40055, 42.97518], [8.7168, 43.0581], [8.96406, 42.87017], [9.08131, 42.74949], [9.18608, 42.68856], [9.45442, 42.61789], [9.77381, 42.64386], [10.01773, 42.6432], [10.16352, 42.60666], [10.34758, 42.63567], [10.57581, 42.48458], [10.76011, 42.34072], [10.9038, 42.12758], [11.18156, 42.04251], [11.51756, 42.00868], [11.66048, 41.93951], [11.75487, 42.11302], [11.90818, 42.14815], [12.03508, 42.19805], [11.96501, 41.9362], [11.88882, 41.83755], [11.7585, 41.73218], [11.65296, 41.65442], [11.31921, 41.63094], [11.01427, 41.57728], [10.80414, 41.60752], [10.60575, 41.65955], [10.28611, 41.66724], [10.07692, 41.64021], [9.75531, 41.67916], [9.52106, 41.49931], [9.40267, 41.3267], [9.54479, 41.14128], [9.84578, 41.00372], [9.87881, 40.82329], [9.90888, 40.61847], [10.0793, 40.57699], [10.01189, 40.43419], [9.687, 40.33466], [9.5515, 40.31989], [9.812, 40.48855], [10.05711, 40.37365], [10.07271, 40.26809], [9.89706, 40.19031], [9.85344, 39.99515], [9.70868, 39.91685], [9.87827, 40.00574], [9.99789, 40.21885], [10.03357, 40.41472], [10.03958, 40.59943], [10.23403, 40.79522], [10.20803, 40.98984], [10.06028, 41.19428], [9.83644, 41.34982], [9.59743, 41.52464], [9.38853, 41.69578], [9.26392, 41.74354], [9.42779, 41.92888], [9.55765, 42.00365], [9.85073, 42.1289], [10.05141, 42.34359], [10.15674, 42.41464], [10.28372, 42.45089], [10.55606, 42.56944], [10.85056, 42.62264], [10.98429, 42.69495], [10.84706, 42.68437], [10.58088, 42.70066], [10.40766, 42.67539], [10.22428, 42.65846], [9.86811, 42.57434], [9.67328, 42.46651], [9.6266, 42.22674], [9.68862, 42.08246], [9.59017, 41.87836], [9.47041, 41.74069], [9.44194, 41.63851], [9.38071, 41.45228], [9.2486, 41.38062], [9.00206, 41.40079], [8.84162, 41.29989], [8.6334, 41.08588], [8.41731, 40.95163], [8.08243, 40.83796], [7.77853, 40.77634], [7.73634, 40.59412], [7.74692, 40.39892], [7.64718, 40.19962], [7.51583, 40.04075], [7.56658, 39.82142], [7.66645, 39.75606], [7.77474, 39.67154], [7.87062, 39.56076], [8.01033, 39.48066], [8.15903, 39.50046], [8.22224, 39.76556], [8.25088, 40.01716], [8.17176, 40.25535], [7.93322, 40.46293], [7.94555, 40.5698], [8.08229, 40.71083], [8.43114, 40.76588], [8.55663, 40.93332], [8.44552, 41.17101], [8.34178, 41.34765], [8.40758, 41.43785], [8.49416, 41.52083], [8.85127, 41.54855], [8.98396, 41.54322], [9.25204, 41.64792], [9.55375, 41.66648], [9.80333, 41.76807], [9.91466, 41.83021], [10.25506, 41.71715], [10.45868, 41.69441], [10.80742, 41.73051], [11.05555, 41.89563], [11.16694, 42.01643], [11.22911, 42.1175], [11.32746, 42.23671], [11.4631, 42.1312], [11.58132, 41.86779], [11.7013, 41.67731], [11.62884, 41.48764], [11.67927, 41.35897], [11.76351, 41.10014], [11.58783, 40.96041], [11.32022, 40.9137], [11.1255, 40.86628], [10.83709, 40.7733], [10.72497, 40.63919], [10.58895, 40.42875], [10.58397, 40.26119], [10.45965, 40.0566], [10.35239, 39.88991], [10.18824, 39.77052], [9.99987, 39.77439], [9.82545, 39.84215], [9.75239, 39.93973], [9.5691, 40.15632], [9.70428, 40.12201], [10.01201, 40.17665], [10.18774, 40.29147], [10.23375, 40.49776], [10.12726, 40.63521], [9.98895, 40.72735], [9.80057, 40.92816], [9.76043, 41.14476], [9.81064, 41.31519], [9.86022, 41.46865], [10.05177, 41.67858], [10.08258, 41.89649], [9.93451, 42.15054], [9.88585, 42.34097], [9.9306, 42.50476], [9.97948, 42.61252], [10.12225, 42.81383], [10.30487, 42.94648], [10.33002, 43.07191], [10.28487, 43.19995], [10.35359, 43.34397], [10.44964, 43.49218], [10.51485, 43.65584], [10.26988, 43.80406], [10.08385, 43.9582], [10.00338, 44.11262], [9.87734, 44.18362], [10.08372, 44.19846], [10.42392, 44.31246], [10.13848, 44.26552], [9.93554, 44.40008], [10.13092, 44.23061], [10.1612, 44.11644], [9.96542, 44.02545], [9.67348, 43.94743], [9.42861, 43.99397], [9.16663, 44.00305], [8.9658, 43.98275], [8.6093, 44.04734], [8.29706, 44.07196], [8.12751, 44.10951], [7.87919, 43.91898], [7.64591, 43.80548], [7.38816, 43.61319], [7.17795, 43.44111], [6.85023, 43.34972], [6.57432, 43.24784], [6.32239, 43.07512], [6.03886, 43.10015], [5.85008, 43.058], [5.69194, 43.01906], [5.47044, 42.98263], [5.26709, 42.90828], [5.25205, 42.62991], [5.31786, 42.52822], [5.42907, 42.44562], [5.39728, 42.3089], [5.38004, 42.15058], [5.56033, 41.94866], [5.73404, 41.812], [5.99403, 41.66079], [6.14211, 41.43179], [6.24074, 41.21783], [6.32344, 40.97085], [6.41864, 40.76882], [6.48416, 40.6124], [6.51982, 40.48266], [6.43209, 40.2631], [6.27952, 40.15508], [5.9782, 40.11615], [5.9815, 39.85414], [6.10342, 39.63816], [6.23421, 39.49427], [6.3521, 39.44527], [6.61288, 39.32222], [6.94979, 39.40625], [7.1364, 39.44808], [7.34204, 39.52133], [7.43904, 39.61039], [7.56566, 39.74435], [7.64936, 39.88547], [7.82328, 39.99855], [8.03256, 39.99306], [8.25199, 39.95946], [8.41804, 39.92327], [8.54723, 39.92388], [8.38012, 39.96842], [8.25636, 40.0086], [8.16356, 40.14162], [7.88226, 40.2132], [7.71442, 40.19827], [7.52226, 40.20941], [7.39052, 40.2659], [7.17618, 40.25164], [7.14689, 40.0759], [7.08428, 39.91273], [6.99163, 39.83594], [6.88135, 39.70803], [6.70382, 39.70587], [6.58385, 39.89103], [6.6165, 39.98933], [6.52616, 40.12523], [6.3309, 40.35585], [6.33094, 40.45512], [6.17266, 40.68406], [6.04715, 40.78296], [5.82227, 40.89495], [5.55776, 41.00536], [5.43414, 41.1109], [5.26632, 41.19204], [5.11246, 41.42435], [5.12487, 41.56469], [5.29562, 41.69405], [5.21929, 41.9555], [5.17984, 42.05086], [4.97951, 42.1686], [4.7131, 42.35136], [4.60158, 42.46662], [4.38102, 42.6702], [4.25444, 42.79198], [4.15105, 43.02122], [4.09354, 43.17439], [4.16305, 43.37606], [4.03194, 43.53541], [4.01919, 43.74483], [4.03895, 43.47288], [3.86527, 43.32443], [3.73064, 43.21527], [3.65358, 42.9999], [3.59454, 42.85983], [3.47245, 42.68943], [3.43311, 42.4374], [3.2708, 42.25794], [3.06759, 42.25358], [3.21598, 42.2752], [3.56222, 42.29343], [3.75903, 42.40079], [3.85503, 42.52781], [3.86477, 42.68213], [3.90285, 42.92299], [3.91757, 43.17358], [3.82414, 43.36684], [3.73053, 43.4635], [3.6125, 43.61351], [3.72499, 43.67411], [3.8753, 43.46959], [4.04724, 43.38476], [4.33745, 43.27726], [4.48204, 43.23738], [4.81703, 43.18091], [5.04655, 43.101], [5.26076, 43.04741], [5.3254, 42.84545], [5.42435, 42.73165], [5.47172, 42.53449], [5.46827, 42.27682], [5.32228, 42.02151], [5.23553, 41.87674], [5.04021, 41.66037], [4.82698, 41.52962], [4.66358, 41.44418], [4.52745, 41.4569], [4.29022, 41.60542], [4.23913, 41.85567], [4.53891, 42.00061], [4.71414, 42.18311], [4.76431, 42.35344], [4.65364, 42.54683], [4.48402, 42.77186], [4.18926, 42.91108], [3.98035, 43.10847], [3.92333, 43.21891], [3.74191, 43.46144], [3.63166, 43.5671], [3.91699, 43.50237], [3.98188, 43.24764], [4.03676, 43.05593], [3.96355, 42.83929], [3.95883, 42.72811], [3.85158, 42.63872], [3.63947, 42.51446], [3.42847, 42.29007], [3.13639, 42.33773], [2.99719, 42.44288], [2.91374, 42.56284], [3.09124, 42.77546], [3.24076, 42.97342], [3.24391, 43.07393], [3.24661, 43.22059], [3.27822, 43.05512], [3.39095, 42.91168], [3.2675, 42.69512], [3.10585, 42.64892], [3.00641, 42.53221], [3.20437, 42.47571], [3.51459, 42.38241], [3.73239, 42.26748], [3.86448, 42.12908], [3.93159, 41.98724], [4.07248, 41.72804], [4.22275, 41.64595], [4.29499, 41.56181], [4.48636, 41.49573], [4.80567, 41.52009], [4.9552, 41.51414], [5.24887, 41.53745], [5.38484, 41.58071], [5.6199, 41.76135], [5.86739, 41.89884], [6.0905, 42.11581], [6.3761, 42.27392], [6.44966, 42.44623], [6.37414, 42.61234], [6.34557, 42.87999], [6.53741, 43.08111], [6.6658, 43.20458], [6.82488, 43.29272], [6.85357, 43.44343], [6.88378, 43.60333], [6.98821, 43.38755], [6.96207, 43.18392], [6.69617, 43.01522], [6.51022, 42.80455], [6.20556, 42.63949], [5.98412, 42.61641], [5.76748, 42.68484], [5.49404, 42.8115], [5.3288, 43.03178], [5.18807, 43.11446], [5.10281, 43.24806], [5.03148, 43.39107], [4.79339, 43.5429], [4.6492, 43.64098], [4.67338, 43.5269], [4.85147, 43.28508], [4.8198, 43.08883], [4.81801, 42.83409], [4.91315, 42.74663], [5.23206, 42.60594], [5.49959, 42.58442], [5.86077, 42.57639], [6.05188, 42.55373], [6.34404, 42.49133], [6.60246, 42.34276], [6.86329, 42.21802], [7.14913, 42.11538], [7.37119, 41.98708], [7.61992, 41.96849], [7.81946, 42.16504], [7.90754, 42.33385], [8.1072, 42.48314], [8.38539, 42.65848], [8.47361, 42.85161], [8.40632, 42.96586], [8.19466, 42.97852], [8.05552, 42.95108], [7.81159, 42.91497], [7.55206, 42.84287], [7.23621, 42.80896], [7.19017, 42.94849], [6.98109, 43.09532], [6.87957, 43.17804], [6.67811, 43.22193], [6.4215, 43.18169], [6.10212, 43.1397], [5.84558, 43.02012], [5.5864, 42.82851], [5.48711, 42.57503], [5.25182, 42.43543], [5.19839, 42.32246], [5.02094, 42.23866], [4.75797, 42.16893], [4.68152, 42.01197], [4.43049, 41.83213], [4.27861, 41.74017], [4.04283, 41.59928], [4.05127, 41.38796], [4.0776, 41.23184], [4.13023, 41.08366], [4.25918, 41.02], [4.46865, 41.02937], [4.62431, 41.00481], [4.77079, 40.91855], [4.96456, 40.88102], [5.07159, 40.7346], [5.07846, 40.60474], [5.2064, 40.48893], [5.33088, 40.34088], [5.43889, 40.19839], [5.63422, 40.13698], [5.94361, 40.26691], [6.11076, 40.41651], [6.32289, 40.52336], [6.46632, 40.6521], [6.5283, 40.89822], [6.43931, 41.00304], [6.24565, 41.15939], [6.27827, 41.40677], [6.26535, 41.50485], [6.04087, 41.63213], [5.90259, 41.64521], [5.74136, 41.60044], [5.38514, 41.6582], [5.15951, 41.65241], [4.9816, 41.67185], [4.7724, 41.64538], [4.65406, 41.44326], [4.67394, 41.28988], [4.74986, 41.15127], [4.88151, 41.05451], [5.01203, 40.9084], [5.11482, 40.74115], [5.1327, 40.60493], [5.27629, 40.36254], [5.36107, 40.1306], [5.53557, 39.96004], [5.63062, 39.8901], [5.7716, 39.77429], [6.12612, 39.75705], [6.31879, 39.65664], [6.53471, 39.46772], [6.78781, 39.47022], [7.0441, 39.5205], [7.35913, 39.58832], [7.6385, 39.66405], [7.92125, 39.8108], [8.04086, 39.92063], [8.23047, 40.03895], [8.341, 40.09878], [8.52507, 40.26947], [8.36392, 40.42515], [8.1494, 40.61025], [7.96231, 40.67764], [7.8759, 40.75265], [7.81657, 40.84458], [7.73915, 41.04673], [7.76131, 41.31839], [7.87311, 41.49527], [7.71838, 41.56743], [7.5143, 41.71386], [7.44511, 41.82355], [7.33632, 41.94615], [7.11922, 42.06828], [7.03656, 42.20779], [6.93588, 42.29467], [6.73898, 42.33922], [6.5321, 42.40749], [6.27683, 42.48723], [6.15548, 42.56759], [6.09421, 42.65905], [5.76422, 42.79874], [5.56123, 42.82779], [5.43469, 42.87992], [5.28818, 42.91858], [5.14084, 42.9503], [5.01553, 43.0499], [4.75302, 43.23316], [4.53153, 43.33731], [4.39156, 43.3657], [4.13775, 43.52342], [4.07741, 43.62303], [3.97956, 43.70991], [4.10644, 43.586], [4.06294, 43.44314], [3.78714, 43.27719], [3.50414, 43.27486], [3.34444, 43.33482], [3.61241, 43.38347]]}}, {"type": "Feature", "properties": {"type": "track", "placeholder": true, "whale_id": "MED-02", "species": "Fin whale", "segment_name": "MED-02 (Fin whale)", "start_time": "2021-06-03T00:00:00Z", "end_time": "2021-09-07T00:00:00Z", "track_days": 96, "home_range_km": 297, "animation_mode": "uniform", "coordinateProperties": {"times": [1622678400000, 1622700000000, 1622721600000, 1622743200000, 1622764800000, 1622786400000, 1622808000000, 1622829600000, 1622851200000, 1622872800000, 1622894400000, 1622916000000, 1622937600000, 1622959200000, 1622980800000, 1623002400000, 1623024000000, 1623045600000, 1623067200000, 1623088800000, 1623110400000, 1623132000000, 1623153600000, 1623175200000, 1623196800000, 1623218400000, 1623240000000, 1623261600000, 1623283200000, 1623304800000, 1623326400000, 1623348000000, 1623369600000, 1623391200000, 1623412800000, 1623434400000, 1623456000000, 1623477600000, 1623499200000, 1623520800000, 1623542400000, 1623564000000, 1623585600000, 1623607200000, 1623628800000, 1623650400000, 1623672000000, 1623693600000, 1623715200000, 1623736800000, 1623758400000, 1623780000000, 1623801600000, 1623823200000, 1623844800000, 1623866400000, 1623888000000, 1623909600000, 1623931200000, 1623952800000, 1623974400000, 1623996000000, 1624017600000, 1624039200000, 1624060800000, 1624082400000, 1624104000000, 1624125600000, 1624147200000, 1624168800000, 1624190400000, 1624212000000, 1624233600000, 1624255200000, 1624276800000, 1624298400000, 1624320000000, 1624341600000, 1624363200000, 1624384800000, 1624406400000, 1624428000000, 1624449600000, 1624471200000, 1624492800000, 1624514400000, 1624536000000, 1624557600000, 1624579200000, 1624600800000, 1624622400000, 1624644000000, 1624665600000, 1624687200000, 1624708800000, 1624730400000, 1624752000000, 1624773600000, 1624795200000, 1624816800000, 1624838400000, 1624860000000, 1624881600000, 1624903200000, 1624924800000, 1624946400000, 1624968000000, 1624989600000, 1625011200000, 1625032800000, 1625054400000, 1625076000000, 1625097600000, 1625119200000, 1625140800000, 1625162400000, 1625184000000, 1625205600000, 1625227200000, 1625248800000, 1625270400000, 1625292000000, 1625313600000, 1625335200000, 1625356800000, 1625378400000, 1625400000000, 1625421600000, 1625443200000, 1625464800000, 1625486400000, 1625508000000, 1625529600000, 1625551200000, 1625572800000, 1625594400000, 1625616000000, 1625637600000, 1625659200000, 1625680800000, 1625702400000, 1625724000000, 1625745600000, 1625767200000, 1625788800000, 1625810400000, 1625832000000, 1625853600000, 1625875200000, 1625896800000, 1625918400000, 1625940000000, 1625961600000, 1625983200000, 1626004800000, 1626026400000, 1626048000000, 1626069600000, 1626091200000, 1626112800000, 1626134400000, 1626156000000, 1626177600000, 1626199200000, 1626220800000, 1626242400000, 1626264000000, 1626285600000, 1626307200000, 1626328800000, 1626350400000, 1626372000000, 1626393600000, 1626415200000, 1626436800000, 1626458400000, 1626480000000, 1626501600000, 1626523200000, 1626544800000, 1626566400000, 1626588000000, 1626609600000, 1626631200000, 1626652800000, 1626674400000, 1626696000000, 1626717600000, 1626739200000, 1626760800000, 1626782400000, 1626804000000, 1626825600000, 1626847200000, 1626868800000, 1626890400000, 1626912000000, 1626933600000, 1626955200000, 1626976800000, 1626998400000, 1627020000000, 1627041600000, 1627063200000, 1627084800000, 1627106400000, 1627128000000, 1627149600000, 1627171200000, 1627192800000, 1627214400000, 1627236000000, 1627257600000, 1627279200000, 1627300800000, 1627322400000, 1627344000000, 1627365600000, 1627387200000, 1627408800000, 1627430400000, 1627452000000, 1627473600000, 1627495200000, 1627516800000, 1627538400000, 1627560000000, 1627581600000, 1627603200000, 1627624800000, 1627646400000, 1627668000000, 1627689600000, 1627711200000, 1627732800000, 1627754400000, 1627776000000, 1627797600000, 1627819200000, 1627840800000, 1627862400000, 1627884000000, 1627905600000, 1627927200000, 1627948800000, 1627970400000, 1627992000000, 1628013600000, 1628035200000, 1628056800000, 1628078400000, 1628100000000, 1628121600000, 1628143200000, 1628164800000, 1628186400000, 1628208000000, 1628229600000, 1628251200000, 1628272800000, 1628294400000, 1628316000000, 1628337600000, 1628359200000, 1628380800000, 1628402400000, 1628424000000, 1628445600000, 1628467200000, 1628488800000, 1628510400000, 1628532000000, 1628553600000, 1628575200000, 1628596800000, 1628618400000, 1628640000000, 1628661600000, 1628683200000, 1628704800000, 1628726400000, 1628748000000, 1628769600000, 1628791200000, 1628812800000, 1628834400000, 1628856000000, 1628877600000, 1628899200000, 1628920800000, 1628942400000, 1628964000000, 1628985600000, 1629007200000, 1629028800000, 1629050400000, 1629072000000, 1629093600000, 1629115200000, 1629136800000, 1629158400000, 1629180000000, 1629201600000, 1629223200000, 1629244800000, 1629266400000, 1629288000000, 1629309600000, 1629331200000, 1629352800000, 1629374400000, 1629396000000, 1629417600000, 1629439200000, 1629460800000, 1629482400000, 1629504000000, 1629525600000, 1629547200000, 1629568800000, 1629590400000, 1629612000000, 1629633600000, 1629655200000, 1629676800000, 1629698400000, 1629720000000, 1629741600000, 1629763200000, 1629784800000, 1629806400000, 1629828000000, 1629849600000, 1629871200000, 1629892800000, 1629914400000, 1629936000000, 1629957600000, 1629979200000, 1630000800000, 1630022400000, 1630044000000, 1630065600000, 1630087200000, 1630108800000, 1630130400000, 1630152000000, 1630173600000, 1630195200000, 1630216800000, 1630238400000, 1630260000000, 1630281600000, 1630303200000, 1630324800000, 1630346400000, 1630368000000, 1630389600000, 1630411200000, 1630432800000, 1630454400000, 1630476000000, 1630497600000, 1630519200000, 1630540800000, 1630562400000, 1630584000000, 1630605600000, 1630627200000, 1630648800000, 1630670400000, 1630692000000, 1630713600000, 1630735200000, 1630756800000, 1630778400000, 1630800000000, 1630821600000, 1630843200000, 1630864800000, 1630886400000, 1630908000000, 1630929600000, 1630951200000, 1630972800000], "courses": [80.0, 44.9, 62.9, 60.5, 65.4, 32.3, 9.0, 8.2, 1.0, 348.4, 291.7, 319.9, 279.2, 270.2, 218.7, 179.9, 197.1, 182.0, 194.0, 221.8, 168.3, 171.5, 193.3, 215.1, 237.8, 189.6, 216.3, 198.0, 208.3, 247.4, 254.0, 268.8, 217.6, 256.0, 325.3, 341.5, 33.3, 79.8, 37.7, 52.4, 17.6, 353.7, 6.0, 41.1, 80.5, 87.2, 78.6, 75.3, 135.8, 154.1, 145.4, 146.7, 131.7, 117.3, 137.9, 170.1, 172.3, 208.9, 232.6, 233.6, 234.1, 244.4, 252.3, 248.2, 302.2, 287.7, 278.5, 246.6, 270.0, 273.7, 257.6, 280.2, 283.9, 313.2, 332.1, 4.6, 15.6, 8.6, 11.6, 23.4, 359.3, 336.3, 321.9, 308.5, 253.2, 214.1, 196.2, 169.7, 145.3, 165.6, 149.0, 101.8, 85.0, 137.8, 78.3, 75.5, 121.5, 73.2, 101.8, 114.5, 110.7, 148.3, 168.0, 182.6, 143.3, 120.4, 74.1, 55.1, 40.0, 19.2, 351.3, 343.9, 12.0, 304.7, 305.6, 11.0, 77.7, 62.6, 50.0, 38.7, 68.4, 46.4, 34.4, 359.4, 340.6, 294.9, 195.5, 202.7, 190.2, 175.3, 182.8, 209.3, 227.3, 219.1, 209.7, 230.2, 274.6, 259.1, 279.7, 290.9, 271.3, 245.3, 262.2, 263.4, 244.5, 204.5, 233.9, 207.2, 193.9, 180.6, 157.9, 138.9, 155.5, 92.6, 74.7, 129.7, 100.4, 83.3, 57.3, 77.1, 76.8, 123.2, 79.8, 108.8, 93.7, 81.2, 33.5, 18.8, 33.4, 11.0, 331.1, 307.6, 277.1, 5.8, 72.7, 140.2, 175.6, 146.2, 126.3, 225.8, 221.7, 206.1, 199.7, 180.5, 227.8, 221.7, 232.8, 209.3, 204.8, 205.4, 207.3, 120.6, 69.6, 100.1, 63.7, 72.4, 140.6, 305.8, 312.0, 268.0, 254.5, 287.4, 308.0, 283.9, 331.9, 310.3, 316.0, 322.4, 279.9, 290.5, 296.3, 303.7, 266.8, 198.6, 202.4, 176.2, 166.5, 151.1, 104.9, 109.0, 48.4, 6.7, 6.4, 333.7, 343.3, 323.6, 340.0, 278.8, 302.1, 260.8, 259.4, 210.6, 194.1, 157.7, 124.6, 74.3, 55.2, 53.3, 53.3, 44.0, 50.1, 88.4, 76.2, 54.5, 70.6, 62.3, 52.0, 44.5, 78.7, 95.6, 115.5, 96.4, 115.7, 56.8, 138.2, 151.7, 65.9, 99.6, 131.7, 116.2, 146.8, 199.3, 183.9, 171.1, 168.4, 217.2, 251.5, 77.2, 67.3, 95.1, 69.9, 46.4, 19.7, 37.6, 335.4, 23.0, 66.3, 65.6, 35.2, 338.4, 275.9, 264.5, 256.5, 235.4, 235.7, 223.1, 244.2, 266.5, 329.5, 348.2, 30.0, 26.3, 78.6, 64.4, 101.6, 120.0, 49.5, 57.3, 44.4, 357.0, 288.6, 290.3, 286.3, 277.2, 282.5, 343.6, 353.2, 14.3, 47.9, 69.3, 50.7, 74.8, 282.5, 289.9, 354.5, 317.2, 331.0, 343.6, 200.6, 174.9, 136.1, 130.4, 122.1, 166.2, 168.6, 182.8, 155.1, 132.0, 178.1, 150.9, 175.5, 206.2, 199.2, 255.3, 256.4, 197.2, 208.3, 207.9, 176.9, 113.6, 93.5, 124.5, 108.4, 96.7, 74.7, 117.4, 159.9, 202.3, 236.8, 258.5, 272.9, 246.5, 229.4, 224.7, 11.5, 9.6, 2.5, 43.7, 50.7, 101.8, 85.2, 133.1, 82.8, 89.2, 62.0, 81.1, 44.8, 14.4, 354.7, 313.3, 288.7, 307.8, 300.2, 306.1, 329.8, 320.4, 343.5, 349.4, 334.0, 15.3, 16.1, 9.8, 13.4, 291.4, 291.4]}}, "geometry": {"type": "LineString", "coordinates": [[8.4, 42.6], [8.54348, 42.61848], [8.77491, 42.78852], [8.89731, 42.83436], [9.14505, 42.93688], [9.3788, 43.01478], [9.54068, 43.20155], [9.58451, 43.4025], [9.61767, 43.56895], [9.62431, 43.84053], [9.58265, 43.9871], [9.30403, 44.06639], [9.10346, 44.23679], [8.74732, 44.27745], [8.39138, 44.27769], [8.28792, 44.18491], [8.2883, 44.06271], [8.18292, 43.81545], [8.1754, 43.65974], [8.10643, 43.45927], [7.97108, 43.34929], [8.00915, 43.21483], [8.0315, 43.10585], [7.9615, 42.88832], [7.79087, 42.70986], [7.6473, 42.6432], [7.586, 42.3753], [7.38175, 42.16884], [7.28716, 41.95284], [7.10994, 41.70738], [6.80878, 41.61306], [6.47083, 41.54027], [6.17141, 41.5352], [5.98206, 41.35079], [5.67709, 41.2934], [5.51646, 41.46728], [5.41111, 41.70274], [5.59492, 41.91111], [5.74046, 41.93059], [5.93655, 42.11844], [6.197, 42.26648], [6.27037, 42.43699], [6.23778, 42.65303], [6.25941, 42.80513], [6.47602, 42.98635], [6.62195, 43.00408], [6.99133, 43.01652], [7.2222, 43.05038], [7.41339, 43.08684], [7.52173, 43.00528], [7.63887, 42.82867], [7.75022, 42.70988], [7.91566, 42.52421], [8.03174, 42.44786], [8.3622, 42.32104], [8.456, 42.24419], [8.50508, 42.03632], [8.52639, 41.91902], [8.38884, 41.73292], [8.13984, 41.59001], [7.99438, 41.50961], [7.72389, 41.36257], [7.52585, 41.29108], [7.22572, 41.21861], [7.02651, 41.15838], [6.78226, 41.27377], [6.48687, 41.34398], [6.19986, 41.37578], [5.91992, 41.28453], [5.60389, 41.28416], [5.26793, 41.29987], [5.1248, 41.27605], [4.89791, 41.30646], [4.62122, 41.35769], [4.52146, 41.42795], [4.44924, 41.53001], [4.4705, 41.72713], [4.56602, 41.98078], [4.61788, 42.23533], [4.68879, 42.48939], [4.81185, 42.69846], [4.80924, 42.85788], [4.67279, 43.08479], [4.54153, 43.20689], [4.34972, 43.31791], [4.00696, 43.24218], [3.80578, 43.02497], [3.71024, 42.78364], [3.7409, 42.65899], [3.85625, 42.53626], [3.92585, 42.33567], [4.03718, 42.19846], [4.34747, 42.15009], [4.60592, 42.16663], [4.72757, 42.06687], [5.08109, 42.12058], [5.35362, 42.17257], [5.65234, 42.03623], [5.87259, 42.08542], [6.0627, 42.05571], [6.22213, 42.00163], [6.39987, 41.95163], [6.47723, 41.85841], [6.53303, 41.66229], [6.52612, 41.54789], [6.65011, 41.42297], [6.83373, 41.34195], [7.04934, 41.38787], [7.18941, 41.46107], [7.31764, 41.57526], [7.42187, 41.79818], [7.38792, 41.96406], [7.31275, 42.1576], [7.36864, 42.35264], [7.19921, 42.43908], [6.95437, 42.56785], [6.9981, 42.73333], [7.34192, 42.78804], [7.52676, 42.85827], [7.81529, 43.03479], [7.94959, 43.15721], [8.2287, 43.23745], [8.35447, 43.32442], [8.47912, 43.4565], [8.47696, 43.60446], [8.36466, 43.83453], [8.05464, 43.93796], [7.96153, 43.69566], [7.81412, 43.43996], [7.79036, 43.34372], [7.81643, 43.11115], [7.80438, 42.92926], [7.68972, 42.77918], [7.46518, 42.62641], [7.34774, 42.51995], [7.2632, 42.41051], [6.99342, 42.24377], [6.81508, 42.2543], [6.61011, 42.22496], [6.46314, 42.24341], [6.29434, 42.29105], [6.07154, 42.29454], [5.9374, 42.24882], [5.7117, 42.22556], [5.52636, 42.20944], [5.34458, 42.14496], [5.22188, 41.94429], [5.11514, 41.8864], [5.01349, 41.7386], [4.94111, 41.51939], [4.93823, 41.32665], [5.00174, 41.20891], [5.11815, 41.10813], [5.25883, 40.87465], [5.48098, 40.86689], [5.72948, 40.91803], [5.85131, 40.84136], [6.08141, 40.80921], [6.22507, 40.82187], [6.40654, 40.90967], [6.73784, 40.96658], [6.99122, 41.01117], [7.26644, 40.87484], [7.49693, 40.90605], [7.78346, 40.83192], [7.93481, 40.82443], [8.2397, 40.85991], [8.34657, 40.98189], [8.43758, 41.18343], [8.55331, 41.31534], [8.61939, 41.57013], [8.47779, 41.76173], [8.30872, 41.85855], [8.1425, 41.8739], [8.16895, 42.06657], [8.49805, 42.14219], [8.59996, 42.05132], [8.62629, 41.79498], [8.73512, 41.67371], [8.88018, 41.59379], [8.77231, 41.51517], [8.5725, 41.34681], [8.43113, 41.12965], [8.31745, 40.88923], [8.31472, 40.64197], [8.13901, 40.52068], [8.03198, 40.42932], [7.90044, 40.35329], [7.79773, 40.21369], [7.70397, 40.05835], [7.61426, 39.91371], [7.48333, 39.71856], [7.61364, 39.65915], [7.9376, 39.75118], [8.15227, 39.72159], [8.4015, 39.81584], [8.53136, 39.84742], [8.63611, 39.74916], [8.34623, 39.90928], [8.22215, 39.99469], [7.90131, 39.98552], [7.68584, 39.9394], [7.43885, 39.99846], [7.31947, 40.06974], [7.10947, 40.10915], [7.03833, 40.21108], [6.89246, 40.30527], [6.63749, 40.50576], [6.50989, 40.63151], [6.21879, 40.66963], [6.07113, 40.7113], [5.76112, 40.82684], [5.53927, 40.93821], [5.27981, 40.92696], [5.17891, 40.69925], [5.11868, 40.58837], [5.14098, 40.33125], [5.18441, 40.19308], [5.26909, 40.07555], [5.56944, 40.01394], [5.86545, 39.93561], [6.10578, 40.09873], [6.14734, 40.36868], [6.16337, 40.47777], [6.04457, 40.66], [5.99085, 40.79551], [5.86978, 40.91962], [5.79045, 41.08407], [5.48564, 41.11925], [5.3091, 41.20242], [5.03084, 41.16804], [4.74291, 41.1271], [4.59147, 40.93388], [4.50667, 40.6779], [4.59438, 40.51567], [4.73184, 40.44348], [5.02067, 40.50489], [5.315, 40.6597], [5.421, 40.71963], [5.63818, 40.84204], [5.88681, 41.03593], [6.04019, 41.1324], [6.32451, 41.13786], [6.47948, 41.16645], [6.63493, 41.24958], [6.76189, 41.28318], [7.06553, 41.40224], [7.34885, 41.5678], [7.47937, 41.66683], [7.72614, 41.70335], [8.00871, 41.68218], [8.3178, 41.57158], [8.55751, 41.55119], [8.7229, 41.49144], [8.92068, 41.58794], [9.15384, 41.39179], [9.30444, 41.18153], [9.54214, 41.26115], [9.78276, 41.2302], [10.02701, 41.06584], [10.16016, 41.01635], [10.27801, 40.87993], [10.2191, 40.75229], [10.20613, 40.60668], [10.25974, 40.34471], [10.32639, 40.09724], [10.15728, 39.92624], [9.81946, 39.83875], [10.02819, 39.87482], [10.17425, 39.92167], [10.38717, 39.90679], [10.50969, 39.9411], [10.68449, 40.06816], [10.78619, 40.28506], [10.91792, 40.4151], [10.78389, 40.63725], [10.91087, 40.86344], [11.08087, 40.91973], [11.39968, 41.02849], [11.50398, 41.13969], [11.3814, 41.37145], [11.15517, 41.38887], [10.87001, 41.36773], [10.57034, 41.31336], [10.43191, 41.24148], [10.27643, 41.16165], [10.03617, 40.96727], [9.7725, 40.87074], [9.58285, 40.86192], [9.49842, 40.96995], [9.4691, 41.07576], [9.59647, 41.24158], [9.71927, 41.42768], [9.89229, 41.45379], [10.10031, 41.52828], [10.25125, 41.50508], [10.54585, 41.37718], [10.82705, 41.55666], [11.0622, 41.66899], [11.18339, 41.76114], [11.16687, 41.99845], [10.82952, 42.08235], [10.57922, 42.15061], [10.37782, 42.19394], [10.13893, 42.21612], [9.95131, 42.24685], [9.84887, 42.50297], [9.80713, 42.75849], [9.89296, 43.00416], [10.03478, 43.09755], [10.20625, 43.14463], [10.35873, 43.2353], [10.50972, 43.26515], [10.25033, 43.30667], [9.92221, 43.39251], [9.88597, 43.66512], [9.76473, 43.75974], [9.60577, 43.96621], [9.52281, 44.16837], [9.4732, 44.0734], [9.50528, 43.81523], [9.70458, 43.66499], [9.94167, 43.51865], [10.11784, 43.43836], [10.20267, 43.18577], [10.2687, 42.94507], [10.258, 42.78423], [10.38168, 42.58794], [10.65169, 42.40784], [10.65675, 42.29221], [10.83897, 42.04883], [10.85382, 41.90809], [10.69972, 41.67394], [10.62331, 41.50962], [10.30381, 41.44644], [10.00424, 41.39151], [9.93643, 41.22659], [9.86518, 41.12701], [9.72615, 40.9287], [9.73548, 40.79977], [10.03436, 40.70021], [10.19282, 40.69279], [10.30855, 40.6323], [10.6144, 40.55476], [10.86386, 40.53237], [11.01671, 40.56398], [11.16087, 40.50715], [11.23588, 40.35126], [11.13823, 40.16927], [10.95535, 40.07751], [10.69692, 40.03692], [10.44851, 40.04633], [10.13788, 39.94217], [9.90282, 39.78698], [9.73609, 39.65709], [9.8002, 39.89833], [9.82774, 40.0233], [9.83645, 40.17632], [10.04391, 40.34177], [10.20797, 40.44398], [10.4894, 40.39874], [10.65791, 40.40931], [10.8724, 40.25584], [11.19045, 40.28619], [11.36207, 40.28797], [11.49087, 40.34018], [11.82616, 40.37958], [11.94736, 40.47226], [11.99183, 40.60411], [11.97017, 40.77973], [11.86245, 40.85641], [11.52249, 40.94299], [11.27483, 41.08743], [10.96211, 41.22408], [10.76807, 41.33028], [10.62076, 41.51939], [10.4481, 41.67511], [10.34689, 41.92942], [10.31066, 42.07264], [10.19356, 42.25027], [10.28747, 42.50253], [10.32763, 42.60523], [10.35124, 42.70552], [10.38723, 42.81613], [10.12237, 42.89186]]}}, {"type": "Feature", "properties": {"type": "track", "placeholder": true, "whale_id": "MED-03", "species": "Sperm whale", "segment_name": "MED-03 (Sperm whale)", "start_time": "2021-07-21T00:00:00Z", "end_time": "2021-12-09T00:00:00Z", "track_days": 141, "home_range_km": 248, "animation_mode": "uniform", "coordinateProperties": {"times": [1626825600000, 1626847200000, 1626868800000, 1626890400000, 1626912000000, 1626933600000, 1626955200000, 1626976800000, 1626998400000, 1627020000000, 1627041600000, 1627063200000, 1627084800000, 1627106400000, 1627128000000, 1627149600000, 1627171200000, 1627192800000, 1627214400000, 1627236000000, 1627257600000, 1627279200000, 1627300800000, 1627322400000, 1627344000000, 1627365600000, 1627387200000, 1627408800000, 1627430400000, 1627452000000, 1627473600000, 1627495200000, 1627516800000, 1627538400000, 1627560000000, 1627581600000, 1627603200000, 1627624800000, 1627646400000, 1627668000000, 1627689600000, 1627711200000, 1627732800000, 1627754400000, 1627776000000, 1627797600000, 1627819200000, 1627840800000, 1627862400000, 1627884000000, 1627905600000, 1627927200000, 1627948800000, 1627970400000, 1627992000000, 1628013600000, 1628035200000, 1628056800000, 1628078400000, 1628100000000, 1628121600000, 1628143200000, 1628164800000, 1628186400000, 1628208000000, 1628229600000, 1628251200000, 1628272800000, 1628294400000, 1628316000000, 1628337600000, 1628359200000, 1628380800000, 1628402400000, 1628424000000, 1628445600000, 1628467200000, 1628488800000, 1628510400000, 1628532000000, 1628553600000, 1628575200000, 1628596800000, 1628618400000, 1628640000000, 1628661600000, 1628683200000, 1628704800000, 1628726400000, 1628748000000, 1628769600000, 1628791200000, 1628812800000, 1628834400000, 1628856000000, 1628877600000, 1628899200000, 1628920800000, 1628942400000, 1628964000000, 1628985600000, 1629007200000, 1629028800000, 1629050400000, 1629072000000, 1629093600000, 1629115200000, 1629136800000, 1629158400000, 1629180000000, 1629201600000, 1629223200000, 1629244800000, 1629266400000, 1629288000000, 1629309600000, 1629331200000, 1629352800000, 1629374400000, 1629396000000, 1629417600000, 1629439200000, 1629460800000, 1629482400000, 1629504000000, 1629525600000, 1629547200000, 1629568800000, 1629590400000, 1629612000000, 1629633600000, 1629655200000, 1629676800000, 1629698400000, 1629720000000, 1629741600000, 1629763200000, 1629784800000, 1629806400000, 1629828000000, 1629849600000, 1629871200000, 1629892800000, 1629914400000, 1629936000000, 1629957600000, 1629979200000, 1630000800000, 1630022400000, 1630044000000, 1630065600000, 1630087200000, 1630108800000, 1630130400000, 1630152000000, 1630173600000, 1630195200000, 1630216800000, 1630238400000, 1630260000000, 1630281600000, 1630303200000, 1630324800000, 1630346400000, 1630368000000, 1630389600000, 1630411200000, 1630432800000, 1630454400000, 1630476000000, 1630497600000, 1630519200000, 1630540800000, 1630562400000, 1630584000000, 1630605600000, 1630627200000, 1630648800000, 1630670400000, 1630692000000, 1630713600000, 1630735200000, 1630756800000, 1630778400000, 1630800000000, 1630821600000, 1630843200000, 1630864800000, 1630886400000, 1630908000000, 1630929600000, 1630951200000, 1630972800000, 1630994400000, 1631016000000, 1631037600000, 1631059200000, 1631080800000, 1631102400000, 1631124000000, 1631145600000, 1631167200000, 1631188800000, 1631210400000, 1631232000000, 1631253600000, 1631275200000, 1631296800000, 1631318400000, 1631340000000, 1631361600000, 1631383200000, 1631404800000, 1631426400000, 1631448000000, 1631469600000, 1631491200000, 1631512800000, 1631534400000, 1631556000000, 1631577600000, 1631599200000, 1631620800000, 1631642400000, 1631664000000, 1631685600000, 1631707200000, 1631728800000, 1631750400000, 1631772000000, 1631793600000, 1631815200000, 1631836800000, 1631858400000, 1631880000000, 1631901600000, 1631923200000, 1631944800000, 1631966400000, 1631988000000, 1632009600000, 1632031200000, 1632052800000, 1632074400000, 1632096000000, 1632117600000, 1632139200000, 1632160800000, 1632182400000, 1632204000000, 1632225600000, 1632247200000, 1632268800000, 1632290400000, 1632312000000, 1632333600000, 1632355200000, 1632376800000, 1632398400000, 1632420000000, 1632441600000, 1632463200000, 1632484800000, 1632506400000, 1632528000000, 1632549600000, 1632571200000, 1632592800000, 1632614400000, 1632636000000, 1632657600000, 1632679200000, 1632700800000, 1632722400000, 1632744000000, 1632765600000, 1632787200000, 1632808800000, 1632830400000, 1632852000000, 1632873600000, 1632895200000, 1632916800000, 1632938400000, 1632960000000, 1632981600000, 1633003200000, 1633024800000, 1633046400000, 1633068000000, 1633089600000, 1633111200000, 1633132800000, 1633154400000, 1633176000000, 1633197600000, 1633219200000, 1633240800000, 1633262400000, 1633284000000, 1633305600000, 1633327200000, 1633348800000, 1633370400000, 1633392000000, 1633413600000, 1633435200000, 1633456800000, 1633478400000, 1633500000000, 1633521600000, 1633543200000, 1633564800000, 1633586400000, 1633608000000, 1633629600000, 1633651200000, 1633672800000, 1633694400000, 1633716000000, 1633737600000, 1633759200000, 1633780800000, 1633802400000, 1633824000000, 1633845600000, 1633867200000, 1633888800000, 1633910400000, 1633932000000, 1633953600000, 1633975200000, 1633996800000, 1634018400000, 1634040000000, 1634061600000, 1634083200000, 1634104800000, 1634126400000, 1634148000000, 1634169600000, 1634191200000, 1634212800000, 1634234400000, 1634256000000, 1634277600000, 1634299200000, 1634320800000, 1634342400000, 1634364000000, 1634385600000, 1634407200000, 1634428800000, 1634450400000, 1634472000000, 1634493600000, 1634515200000, 1634536800000, 1634558400000, 1634580000000, 1634601600000, 1634623200000, 1634644800000, 1634666400000, 1634688000000, 1634709600000, 1634731200000, 1634752800000, 1634774400000, 1634796000000, 1634817600000, 1634839200000, 1634860800000, 1634882400000, 1634904000000, 1634925600000, 1634947200000, 1634968800000, 1634990400000, 1635012000000, 1635033600000, 1635055200000, 1635076800000, 1635098400000, 1635120000000, 1635141600000, 1635163200000, 1635184800000, 1635206400000, 1635228000000, 1635249600000, 1635271200000, 1635292800000, 1635314400000, 1635336000000, 1635357600000, 1635379200000, 1635400800000, 1635422400000, 1635444000000, 1635465600000, 1635487200000, 1635508800000, 1635530400000, 1635552000000, 1635573600000, 1635595200000, 1635616800000, 1635638400000, 1635660000000, 1635681600000, 1635703200000, 1635724800000, 1635746400000, 1635768000000, 1635789600000, 1635811200000, 1635832800000, 1635854400000, 1635876000000, 1635897600000, 1635919200000, 1635940800000, 1635962400000, 1635984000000, 1636005600000, 1636027200000, 1636048800000, 1636070400000, 1636092000000, 1636113600000, 1636135200000, 1636156800000, 1636178400000, 1636200000000, 1636221600000, 1636243200000, 1636264800000, 1636286400000, 1636308000000, 1636329600000, 1636351200000, 1636372800000, 1636394400000, 1636416000000, 1636437600000, 1636459200000, 1636480800000, 1636502400000, 1636524000000, 1636545600000, 1636567200000, 1636588800000, 1636610400000, 1636632000000, 1636653600000, 1636675200000, 1636696800000, 1636718400000, 1636740000000, 1636761600000, 1636783200000, 1636804800000, 1636826400000, 1636848000000, 1636869600000, 1636891200000, 1636912800000, 1636934400000, 1636956000000, 1636977600000, 1636999200000, 1637020800000, 1637042400000, 1637064000000, 1637085600000, 1637107200000, 1637128800000, 1637150400000, 1637172000000, 1637193600000, 1637215200000, 1637236800000, 1637258400000, 1637280000000, 1637301600000, 1637323200000, 1637344800000, 1637366400000, 1637388000000, 1637409600000, 1637431200000, 1637452800000, 1637474400000, 1637496000000, 1637517600000, 1637539200000, 1637560800000, 1637582400000, 1637604000000, 1637625600000, 1637647200000, 1637668800000, 1637690400000, 1637712000000, 1637733600000, 1637755200000, 1637776800000, 1637798400000, 1637820000000, 1637841600000, 1637863200000, 1637884800000, 1637906400000, 1637928000000, 1637949600000, 1637971200000, 1637992800000, 1638014400000, 1638036000000, 1638057600000, 1638079200000, 1638100800000, 1638122400000, 1638144000000, 1638165600000, 1638187200000, 1638208800000, 1638230400000, 1638252000000, 1638273600000, 1638295200000, 1638316800000, 1638338400000, 1638360000000, 1638381600000, 1638403200000, 1638424800000, 1638446400000, 1638468000000, 1638489600000, 1638511200000, 1638532800000, 1638554400000, 1638576000000, 1638597600000, 1638619200000, 1638640800000, 1638662400000, 1638684000000, 1638705600000, 1638727200000, 1638748800000, 1638770400000, 1638792000000, 1638813600000, 1638835200000, 1638856800000, 1638878400000, 1638900000000, 1638921600000, 1638943200000, 1638964800000, 1638986400000, 1639008000000], "courses": [36.5, 22.6, 25.8, 295.7, 290.9, 312.8, 333.5, 289.3, 255.6, 263.5, 261.1, 295.9, 292.3, 241.2, 220.8, 198.0, 207.5, 177.2, 157.6, 176.6, 143.4, 115.8, 153.5, 166.1, 170.8, 242.2, 254.5, 276.3, 261.1, 271.6, 308.7, 325.0, 317.7, 23.0, 46.6, 50.6, 42.1, 59.7, 63.6, 58.7, 94.0, 61.7, 57.8, 68.4, 49.0, 73.2, 14.8, 43.3, 120.6, 214.5, 232.6, 277.2, 275.7, 283.4, 262.3, 281.7, 291.9, 306.2, 298.7, 270.6, 269.7, 246.9, 235.7, 197.4, 171.9, 172.0, 137.5, 133.3, 113.7, 91.6, 52.9, 49.0, 59.8, 111.9, 98.1, 54.8, 70.7, 62.1, 67.1, 63.0, 51.4, 173.1, 119.1, 146.8, 167.4, 144.9, 124.0, 134.1, 135.2, 167.4, 163.6, 133.7, 188.1, 197.1, 283.8, 282.4, 301.3, 0.0, 76.8, 46.8, 50.0, 44.2, 18.7, 358.3, 55.8, 24.0, 319.2, 311.7, 322.1, 278.6, 243.9, 216.0, 216.7, 242.3, 241.1, 262.2, 281.7, 26.8, 328.0, 310.3, 323.5, 294.5, 253.7, 238.6, 161.1, 143.6, 127.5, 149.5, 143.4, 136.9, 170.6, 185.6, 213.3, 252.2, 257.5, 274.0, 242.8, 190.7, 148.6, 110.9, 90.2, 113.5, 127.4, 155.9, 114.8, 120.4, 116.2, 103.5, 76.5, 77.0, 58.3, 54.9, 64.4, 29.5, 1.8, 359.7, 282.8, 229.4, 233.9, 171.8, 178.9, 195.4, 110.9, 64.0, 55.0, 27.4, 346.9, 342.6, 343.6, 324.6, 338.9, 35.4, 17.3, 20.2, 22.9, 356.9, 338.9, 359.6, 3.2, 333.8, 307.6, 347.9, 32.9, 0.7, 16.5, 47.4, 45.9, 22.6, 23.0, 109.4, 128.0, 154.7, 172.6, 219.5, 223.6, 242.1, 235.6, 263.0, 275.6, 327.5, 1.5, 4.2, 355.3, 338.2, 266.6, 225.9, 191.9, 156.5, 164.1, 152.0, 157.0, 175.7, 162.1, 144.8, 125.8, 114.9, 129.4, 110.3, 99.1, 58.3, 72.8, 60.0, 37.3, 337.5, 308.6, 331.7, 287.0, 313.1, 316.5, 291.2, 331.7, 318.0, 324.9, 315.8, 297.5, 272.0, 289.6, 260.7, 308.6, 289.8, 292.5, 303.4, 308.7, 257.9, 297.1, 212.2, 207.1, 215.1, 186.3, 200.6, 198.9, 186.5, 205.3, 179.0, 210.8, 183.8, 174.3, 191.7, 219.5, 166.8, 179.2, 203.9, 179.1, 201.3, 207.6, 208.5, 253.1, 285.9, 291.4, 272.0, 254.7, 188.3, 173.7, 166.3, 142.9, 137.2, 99.2, 67.9, 57.1, 93.5, 100.1, 124.8, 102.4, 93.9, 63.3, 45.5, 41.8, 61.2, 23.8, 29.5, 30.4, 75.9, 106.5, 122.0, 118.5, 156.8, 92.8, 61.6, 37.6, 10.7, 340.5, 11.3, 30.0, 31.3, 39.2, 354.5, 321.7, 317.9, 337.9, 320.3, 289.7, 288.9, 271.7, 235.2, 254.6, 271.5, 253.4, 291.1, 307.6, 280.2, 293.4, 296.8, 0.3, 21.0, 53.0, 151.3, 272.3, 271.9, 317.1, 327.3, 293.8, 285.0, 287.2, 267.7, 275.4, 198.1, 232.4, 273.2, 281.0, 256.8, 242.7, 227.6, 214.8, 165.1, 162.3, 206.4, 178.5, 113.8, 104.8, 91.9, 124.0, 132.4, 136.2, 143.0, 103.5, 143.5, 120.9, 89.4, 159.2, 113.4, 99.8, 92.3, 45.9, 54.0, 35.3, 47.1, 43.8, 64.0, 75.1, 95.7, 96.1, 113.9, 112.8, 119.3, 117.3, 85.7, 89.6, 117.3, 62.3, 26.1, 26.3, 337.8, 318.9, 298.1, 276.9, 253.0, 265.7, 249.0, 254.5, 280.1, 326.3, 325.3, 280.6, 260.9, 257.5, 285.2, 300.3, 315.2, 328.0, 333.4, 1.8, 347.8, 41.9, 21.5, 5.9, 21.6, 340.0, 286.8, 228.8, 180.0, 151.6, 163.3, 153.2, 128.8, 141.5, 110.7, 158.8, 178.4, 167.5, 123.6, 127.8, 110.2, 63.5, 63.4, 78.0, 65.7, 81.1, 82.2, 91.2, 92.0, 42.6, 68.8, 96.9, 71.9, 37.2, 27.9, 11.7, 356.2, 338.5, 275.4, 295.9, 306.8, 290.3, 287.8, 260.6, 238.4, 233.2, 256.0, 358.2, 66.6, 112.4, 87.9, 95.6, 69.8, 70.5, 2.8, 104.6, 122.2, 149.1, 160.7, 161.2, 189.1, 202.8, 213.4, 236.6, 196.9, 170.7, 112.2, 151.2, 159.5, 193.0, 192.4, 195.0, 223.6, 219.0, 229.8, 253.5, 228.4, 297.9, 281.9, 294.9, 286.3, 252.2, 223.5, 248.7, 240.8, 255.5, 243.7, 226.7, 190.9, 180.1, 175.6, 186.3, 163.6, 122.5, 151.9, 116.3, 127.4, 206.1, 109.7, 93.6, 53.6, 30.5, 345.9, 350.4, 346.7, 308.2, 249.0, 251.6, 280.8, 244.1, 215.4, 222.7, 224.0, 243.2, 285.6, 271.6, 276.8, 323.2, 30.9, 21.4, 28.2, 55.0, 108.6, 154.7, 196.1, 211.6, 217.7, 242.8, 258.0, 276.6, 306.9, 312.5, 346.0, 344.6, 341.2, 341.8, 355.2, 347.3, 329.2, 306.7, 317.3, 280.3, 290.0, 210.6, 153.4, 100.8, 125.2, 138.7, 103.2, 87.6, 50.2, 49.7, 59.5, 95.7, 115.7, 143.9, 146.0, 83.0, 121.2, 130.9, 106.5, 131.7, 127.0, 127.0]}}, "geometry": {"type": "LineString", "coordinates": [[21.8, 36.4], [21.92489, 36.53578], [21.98169, 36.64541], [22.11093, 36.85948], [21.91314, 36.93554], [21.66321, 37.0116], [21.48439, 37.14361], [21.4002, 37.27804], [21.18556, 37.33754], [21.06312, 37.31242], [20.83968, 37.29195], [20.70724, 37.27534], [20.5402, 37.33984], [20.38093, 37.39169], [20.24203, 37.33097], [20.09656, 37.19673], [20.00121, 36.96163], [19.91434, 36.82782], [19.92939, 36.58426], [20.04709, 36.35454], [20.05786, 36.20683], [20.18797, 36.06532], [20.35701, 35.99897], [20.42555, 35.88741], [20.46515, 35.7574], [20.51608, 35.50128], [20.31491, 35.41472], [20.09312, 35.36441], [19.80911, 35.38966], [19.65214, 35.36957], [19.46912, 35.37352], [19.23195, 35.52783], [19.07309, 35.7122], [18.91887, 35.8493], [19.02473, 36.05075], [19.15154, 36.14767], [19.25452, 36.21589], [19.42606, 36.36855], [19.67795, 36.48677], [19.80851, 36.53866], [19.94467, 36.6051], [20.18561, 36.59141], [20.43036, 36.69688], [20.60156, 36.78319], [20.72807, 36.82313], [20.92273, 36.95815], [21.2314, 37.03193], [21.31557, 37.28593], [21.44839, 37.39771], [21.59274, 37.32984], [21.47958, 37.19879], [21.34371, 37.11575], [21.1398, 37.13609], [20.97645, 37.14902], [20.82769, 37.17714], [20.50377, 37.14181], [20.21117, 37.18966], [19.93171, 37.2785], [19.78488, 37.36393], [19.47569, 37.49801], [19.1769, 37.50015], [19.02645, 37.49951], [18.81567, 37.428], [18.58093, 37.30041], [18.4846, 37.05463], [18.53163, 36.78955], [18.56067, 36.62283], [18.78992, 36.42106], [19.01177, 36.25255], [19.21192, 36.18136], [19.38656, 36.17735], [19.48956, 36.2402], [19.69231, 36.382], [19.9867, 36.5195], [20.23803, 36.43788], [20.47021, 36.41098], [20.65418, 36.51531], [20.77204, 36.54848], [20.98944, 36.64061], [21.25248, 36.72941], [21.54846, 36.84978], [21.69816, 36.94523], [21.72429, 36.772], [21.87055, 36.70675], [22.01643, 36.52751], [22.08551, 36.27927], [22.20073, 36.14701], [22.48449, 35.99209], [22.71884, 35.80743], [22.91006, 35.65092], [22.96189, 35.46204], [23.01966, 35.30167], [23.24203, 35.12784], [23.20093, 34.88947], [23.16521, 34.79399], [22.92643, 34.84205], [22.72298, 34.87851], [22.46431, 35.00686], [22.46449, 35.27109], [22.70867, 35.3176], [22.8338, 35.41345], [22.93241, 35.48077], [23.10127, 35.62159], [23.14898, 35.73587], [23.14036, 35.97481], [23.27039, 36.04631], [23.34533, 36.18205], [23.2641, 36.25782], [23.1413, 36.34582], [22.97441, 36.51818], [22.76331, 36.5437], [22.60027, 36.47942], [22.50551, 36.37444], [22.38036, 36.23882], [22.15686, 36.14393], [21.9184, 36.03745], [21.5844, 35.99978], [21.33974, 36.04039], [21.45214, 36.22015], [21.34439, 36.35906], [21.21843, 36.4449], [21.08495, 36.58982], [20.84122, 36.67878], [20.6391, 36.63104], [20.36354, 36.49541], [20.4575, 36.2736], [20.59196, 36.12647], [20.79833, 35.99812], [20.96603, 35.76661], [21.15188, 35.56315], [21.2819, 35.4497], [21.3116, 35.30351], [21.29951, 35.20239], [21.18469, 35.05938], [20.98011, 35.00552], [20.75068, 34.96356], [20.49886, 34.97782], [20.22657, 34.86249], [20.19842, 34.74059], [20.29621, 34.60868], [20.51898, 34.53838], [20.79691, 34.53741], [21.0471, 34.44754], [21.30126, 34.28653], [21.36604, 34.16641], [21.58055, 34.08415], [21.86926, 33.9432], [21.98072, 33.89763], [22.2763, 33.83839], [22.49963, 33.88275], [22.82444, 33.94455], [23.07568, 34.0729], [23.25505, 34.17703], [23.52341, 34.28307], [23.61505, 34.41677], [23.61885, 34.51448], [23.61743, 34.75446], [23.49582, 34.77713], [23.31404, 34.64883], [23.13873, 34.54344], [23.18457, 34.28157], [23.18829, 34.12309], [23.11394, 33.89951], [23.38568, 33.81302], [23.62513, 33.90969], [23.84492, 34.03714], [23.91025, 34.14129], [23.84611, 34.36803], [23.74785, 34.62563], [23.65401, 34.88715], [23.5456, 35.01185], [23.48212, 35.14647], [23.60295, 35.2852], [23.7043, 35.54984], [23.78132, 35.72002], [23.8377, 35.8281], [23.82965, 35.94668], [23.78002, 36.05073], [23.77812, 36.29111], [23.79136, 36.4792], [23.71811, 36.59868], [23.615, 36.66222], [23.55913, 36.87034], [23.64293, 36.97372], [23.64625, 37.18623], [23.69097, 37.30595], [23.92265, 37.47473], [24.11333, 37.62087], [24.23311, 37.84764], [24.336, 38.03894], [24.61805, 37.96009], [24.83974, 37.82309], [24.94831, 37.64118], [24.96856, 37.51777], [24.78788, 37.34312], [24.56996, 37.16031], [24.29835, 37.04516], [24.10067, 36.9368], [23.95859, 36.92282], [23.63167, 36.94821], [23.4782, 37.13983], [23.48643, 37.3836], [23.50737, 37.60959], [23.4828, 37.84591], [23.42498, 37.9599], [23.28841, 37.95334], [23.12255, 37.82612], [23.05659, 37.57887], [23.1509, 37.40631], [23.20293, 37.26079], [23.33616, 37.06062], [23.43148, 36.88107], [23.44352, 36.75256], [23.5183, 36.56604], [23.64095, 36.42582], [23.74943, 36.36283], [23.88698, 36.31131], [24.00832, 36.23074], [24.27231, 36.15161], [24.46429, 36.1266], [24.74185, 36.2645], [24.8631, 36.29471], [25.11139, 36.40992], [25.20311, 36.5067], [25.12666, 36.65473], [25.00684, 36.73129], [24.85543, 36.9559], [24.65481, 37.00479], [24.45194, 37.15611], [24.36183, 37.23174], [24.13556, 37.3013], [23.97595, 37.5365], [23.84869, 37.64823], [23.77717, 37.72883], [23.67913, 37.80841], [23.36998, 37.93497], [23.0677, 37.94272], [22.84293, 38.00562], [22.67111, 37.98343], [22.43756, 38.12986], [22.28267, 38.1736], [22.15936, 38.21366], [22.03971, 38.27556], [21.93288, 38.34266], [21.70701, 38.30437], [21.49851, 38.38786], [21.42045, 38.29065], [21.32134, 38.13805], [21.22442, 38.02947], [21.19118, 37.79149], [21.09417, 37.58672], [21.00132, 37.37129], [20.9805, 37.22589], [20.86146, 37.02442], [20.86496, 36.85978], [20.75106, 36.70639], [20.74247, 36.60338], [20.77611, 36.3319], [20.72123, 36.11791], [20.63784, 36.03616], [20.68249, 35.88186], [20.68641, 35.6466], [20.58113, 35.4531], [20.58581, 35.20094], [20.53653, 35.09747], [20.44668, 34.9565], [20.34833, 34.80785], [20.05487, 34.73406], [19.89888, 34.77048], [19.76475, 34.81364], [19.59715, 34.81828], [19.39475, 34.7727], [19.34822, 34.50879], [19.36859, 34.35596], [19.42369, 34.16933], [19.51242, 34.07217], [19.61744, 33.97822], [19.83985, 33.94811], [20.03162, 34.0124], [20.24873, 34.12851], [20.57404, 34.11183], [20.82813, 34.07409], [21.10016, 33.91693], [21.24485, 33.89037], [21.45766, 33.87826], [21.65677, 33.96106], [21.85417, 34.1213], [22.04483, 34.2974], [22.16406, 34.35138], [22.22394, 34.46305], [22.33332, 34.62212], [22.39615, 34.71007], [22.66923, 34.76609], [22.80478, 34.73308], [23.0849, 34.58888], [23.2688, 34.50644], [23.35818, 34.33432], [23.61492, 34.32385], [23.91075, 34.4556], [23.98514, 34.53521], [24.02654, 34.71466], [23.95869, 34.87177], [24.00092, 35.04487], [24.1066, 35.19458], [24.28142, 35.42891], [24.49884, 35.6457], [24.46593, 35.92393], [24.29825, 36.09556], [24.1696, 36.21021], [24.05498, 36.43779], [23.84907, 36.63691], [23.60737, 36.7062], [23.39567, 36.76392], [23.10497, 36.77032], [22.88322, 36.64634], [22.68058, 36.60135], [22.47754, 36.60548], [22.35466, 36.57596], [22.23278, 36.61357], [22.12208, 36.6818], [21.95731, 36.70544], [21.64158, 36.8145], [21.356, 36.92961], [21.35703, 37.11102], [21.4734, 37.35195], [21.6426, 37.45297], [21.74916, 37.29794], [21.50415, 37.3055], [21.20073, 37.31306], [21.05323, 37.43899], [20.87474, 37.6586], [20.70567, 37.71739], [20.46177, 37.76887], [20.26094, 37.81777], [19.98726, 37.80868], [19.78572, 37.82353], [19.67652, 37.55816], [19.51542, 37.4595], [19.30636, 37.46845], [19.06514, 37.50527], [18.88501, 37.47158], [18.74149, 37.41278], [18.57419, 37.2913], [18.38345, 37.0725], [18.44951, 36.8742], [18.512, 36.71703], [18.43847, 36.59814], [18.44289, 36.4626], [18.74034, 36.35646], [19.00834, 36.29903], [19.1427, 36.29542], [19.35674, 36.17857], [19.53284, 36.04831], [19.69947, 35.90754], [19.89452, 35.69742], [20.08001, 35.66101], [20.24072, 35.48396], [20.4796, 35.36723], [20.62447, 35.36846], [20.73817, 35.12326], [20.90795, 35.06309], [21.09134, 35.03711], [21.37482, 35.02735], [21.52927, 35.14946], [21.66679, 35.23086], [21.86562, 35.45919], [22.01587, 35.57262], [22.15637, 35.69149], [22.46462, 35.81292], [22.68377, 35.85984], [22.91948, 35.84056], [23.11911, 35.82314], [23.28061, 35.76489], [23.45799, 35.70424], [23.64241, 35.61986], [23.80821, 35.5501], [23.94762, 35.55857], [24.20588, 35.55992], [24.33462, 35.50587], [24.50937, 35.58036], [24.64611, 35.80656], [24.72631, 35.93802], [24.61534, 36.15698], [24.49768, 36.26568], [24.21007, 36.38887], [24.04534, 36.40478], [23.73622, 36.32825], [23.54803, 36.31659], [23.24197, 36.22165], [22.97934, 36.16273], [22.83521, 36.18328], [22.66821, 36.38501], [22.55966, 36.51113], [22.35152, 36.5422], [22.08465, 36.50766], [21.77397, 36.45174], [21.63369, 36.48235], [21.46951, 36.55933], [21.23887, 36.74514], [21.11074, 36.90916], [20.96054, 37.14844], [20.96963, 37.3738], [20.93305, 37.50792], [21.05904, 37.61925], [21.12911, 37.75989], [21.16563, 38.03782], [21.23463, 38.17502], [21.12812, 38.40407], [20.97694, 38.43963], [20.72822, 38.26818], [20.72819, 38.10677], [20.89257, 37.86616], [20.95922, 37.68989], [21.06772, 37.51944], [21.16878, 37.45497], [21.34397, 37.27969], [21.56864, 37.21176], [21.66042, 37.02248], [21.66663, 36.84373], [21.69571, 36.7387], [21.86499, 36.64819], [22.04454, 36.53599], [22.1712, 36.49839], [22.3387, 36.5654], [22.63208, 36.68305], [22.77917, 36.70802], [22.99993, 36.78747], [23.16038, 36.80759], [23.42967, 36.8368], [23.67824, 36.83247], [23.87397, 36.8268], [23.9564, 36.89842], [24.16711, 36.96355], [24.51288, 36.92979], [24.76051, 36.9943], [24.91609, 37.15773], [25.01638, 37.30832], [25.05266, 37.4477], [25.03849, 37.61465], [24.98561, 37.72108], [24.69196, 37.74265], [24.43144, 37.84214], [24.27815, 37.93238], [24.07545, 37.99142], [23.86744, 38.04389], [23.56001, 38.00317], [23.38605, 37.91861], [23.20447, 37.81132], [23.05468, 37.78176], [23.04808, 37.94774], [23.29068, 38.03019], [23.43596, 37.9828], [23.76416, 37.99168], [23.91734, 37.97965], [24.06806, 38.02325], [24.27995, 38.08199], [24.29507, 38.32415], [24.61713, 38.25765], [24.7476, 38.19288], [24.85462, 38.05178], [24.93236, 37.87663], [25.02195, 37.66837], [24.99797, 37.55029], [24.93952, 37.43981], [24.82458, 37.30113], [24.57276, 37.16853], [24.5019, 36.98165], [24.54384, 36.77701], [24.86016, 36.67314], [24.94333, 36.55138], [24.98638, 36.45857], [24.92337, 36.23844], [24.89611, 36.13807], [24.84553, 35.98514], [24.6686, 35.8342], [24.52222, 35.68745], [24.39014, 35.59656], [24.21966, 35.55528], [24.11654, 35.48077], [23.89749, 35.57478], [23.65537, 35.61594], [23.3577, 35.72788], [23.07674, 35.79427], [22.94691, 35.76033], [22.8114, 35.64416], [22.64036, 35.58978], [22.48333, 35.5182], [22.21821, 35.46203], [22.09417, 35.4121], [21.89759, 35.26089], [21.84461, 35.03505], [21.84413, 34.88082], [21.85851, 34.7271], [21.82586, 34.48364], [21.87014, 34.35925], [22.11284, 34.2314], [22.23244, 34.04559], [22.47094, 33.94758], [22.64495, 33.83677], [22.54011, 33.65823], [22.73811, 33.59894], [23.02408, 33.58383], [23.20318, 33.69349], [23.2651, 33.78072], [23.19712, 34.00467], [23.15816, 34.19496], [23.08893, 34.43644], [22.91517, 34.54876], [22.77314, 34.50365], [22.52488, 34.4353], [22.32594, 34.46634], [22.11436, 34.38133], [21.95844, 34.19971], [21.86579, 34.11648], [21.64931, 33.93053], [21.54019, 33.88468], [21.42373, 33.91159], [21.22014, 33.91628], [21.07721, 33.93041], [20.9356, 34.08689], [21.00678, 34.18527], [21.06713, 34.31262], [21.14992, 34.43974], [21.33094, 34.54402], [21.51135, 34.49375], [21.58588, 34.36343], [21.50251, 34.12496], [21.35815, 33.92985], [21.19717, 33.75655], [20.94765, 33.64942], [20.69669, 33.60465], [20.37835, 33.63504], [20.26959, 33.70302], [20.07121, 33.85357], [20.01224, 34.05011], [19.92618, 34.30759], [19.84855, 34.49574], [19.75536, 34.7287], [19.72722, 35.00432], [19.66131, 35.24285], [19.48762, 35.48012], [19.32041, 35.5812], [19.18735, 35.69827], [18.984, 35.72817], [18.684, 35.81643], [18.51589, 35.58544], [18.59196, 35.46186], [18.84881, 35.4216], [19.08249, 35.28695], [19.26932, 35.11266], [19.53298, 35.06156], [19.73145, 35.06812], [19.85773, 35.15421], [19.98713, 35.24388], [20.11122, 35.30355], [20.25399, 35.29193], [20.51942, 35.18718], [20.59328, 35.10425], [20.74059, 34.92531], [20.89525, 34.94071], [21.15948, 34.809], [21.25386, 34.74188], [21.39063, 34.70849], [21.5282, 34.60738], [21.6434, 34.53574]]}}, {"type": "Feature", "properties": {"type": "track", "placeholder": true, "whale_id": "MED-04", "species": "Fin whale", "segment_name": "MED-04 (Fin whale)", "start_time": "2021-09-08T00:00:00Z", "end_time": "2021-12-29T00:00:00Z", "track_days": 112, "home_range_km": 314, "animation_mode": "uniform", "coordinateProperties": {"times": [1631059200000, 1631080800000, 1631102400000, 1631124000000, 1631145600000, 1631167200000, 1631188800000, 1631210400000, 1631232000000, 1631253600000, 1631275200000, 1631296800000, 1631318400000, 1631340000000, 1631361600000, 1631383200000, 1631404800000, 1631426400000, 1631448000000, 1631469600000, 1631491200000, 1631512800000, 1631534400000, 1631556000000, 1631577600000, 1631599200000, 1631620800000, 1631642400000, 1631664000000, 1631685600000, 1631707200000, 1631728800000, 1631750400000, 1631772000000, 1631793600000, 1631815200000, 1631836800000, 1631858400000, 1631880000000, 1631901600000, 1631923200000, 1631944800000, 1631966400000, 1631988000000, 1632009600000, 1632031200000, 1632052800000, 1632074400000, 1632096000000, 1632117600000, 1632139200000, 1632160800000, 1632182400000, 1632204000000, 1632225600000, 1632247200000, 1632268800000, 1632290400000, 1632312000000, 1632333600000, 1632355200000, 1632376800000, 1632398400000, 1632420000000, 1632441600000, 1632463200000, 1632484800000, 1632506400000, 1632528000000, 1632549600000, 1632571200000, 1632592800000, 1632614400000, 1632636000000, 1632657600000, 1632679200000, 1632700800000, 1632722400000, 1632744000000, 1632765600000, 1632787200000, 1632808800000, 1632830400000, 1632852000000, 1632873600000, 1632895200000, 1632916800000, 1632938400000, 1632960000000, 1632981600000, 1633003200000, 1633024800000, 1633046400000, 1633068000000, 1633089600000, 1633111200000, 1633132800000, 1633154400000, 1633176000000, 1633197600000, 1633219200000, 1633240800000, 1633262400000, 1633284000000, 1633305600000, 1633327200000, 1633348800000, 1633370400000, 1633392000000, 1633413600000, 1633435200000, 1633456800000, 1633478400000, 1633500000000, 1633521600000, 1633543200000, 1633564800000, 1633586400000, 1633608000000, 1633629600000, 1633651200000, 1633672800000, 1633694400000, 1633716000000, 1633737600000, 1633759200000, 1633780800000, 1633802400000, 1633824000000, 1633845600000, 1633867200000, 1633888800000, 1633910400000, 1633932000000, 1633953600000, 1633975200000, 1633996800000, 1634018400000, 1634040000000, 1634061600000, 1634083200000, 1634104800000, 1634126400000, 1634148000000, 1634169600000, 1634191200000, 1634212800000, 1634234400000, 1634256000000, 1634277600000, 1634299200000, 1634320800000, 1634342400000, 1634364000000, 1634385600000, 1634407200000, 1634428800000, 1634450400000, 1634472000000, 1634493600000, 1634515200000, 1634536800000, 1634558400000, 1634580000000, 1634601600000, 1634623200000, 1634644800000, 1634666400000, 1634688000000, 1634709600000, 1634731200000, 1634752800000, 1634774400000, 1634796000000, 1634817600000, 1634839200000, 1634860800000, 1634882400000, 1634904000000, 1634925600000, 1634947200000, 1634968800000, 1634990400000, 1635012000000, 1635033600000, 1635055200000, 1635076800000, 1635098400000, 1635120000000, 1635141600000, 1635163200000, 1635184800000, 1635206400000, 1635228000000, 1635249600000, 1635271200000, 1635292800000, 1635314400000, 1635336000000, 1635357600000, 1635379200000, 1635400800000, 1635422400000, 1635444000000, 1635465600000, 1635487200000, 1635508800000, 1635530400000, 1635552000000, 1635573600000, 1635595200000, 1635616800000, 1635638400000, 1635660000000, 1635681600000, 1635703200000, 1635724800000, 1635746400000, 1635768000000, 1635789600000, 1635811200000, 1635832800000, 1635854400000, 1635876000000, 1635897600000, 1635919200000, 1635940800000, 1635962400000, 1635984000000, 1636005600000, 1636027200000, 1636048800000, 1636070400000, 1636092000000, 1636113600000, 1636135200000, 1636156800000, 1636178400000, 1636200000000, 1636221600000, 1636243200000, 1636264800000, 1636286400000, 1636308000000, 1636329600000, 1636351200000, 1636372800000, 1636394400000, 1636416000000, 1636437600000, 1636459200000, 1636480800000, 1636502400000, 1636524000000, 1636545600000, 1636567200000, 1636588800000, 1636610400000, 1636632000000, 1636653600000, 1636675200000, 1636696800000, 1636718400000, 1636740000000, 1636761600000, 1636783200000, 1636804800000, 1636826400000, 1636848000000, 1636869600000, 1636891200000, 1636912800000, 1636934400000, 1636956000000, 1636977600000, 1636999200000, 1637020800000, 1637042400000, 1637064000000, 1637085600000, 1637107200000, 1637128800000, 1637150400000, 1637172000000, 1637193600000, 1637215200000, 1637236800000, 1637258400000, 1637280000000, 1637301600000, 1637323200000, 1637344800000, 1637366400000, 1637388000000, 1637409600000, 1637431200000, 1637452800000, 1637474400000, 1637496000000, 1637517600000, 1637539200000, 1637560800000, 1637582400000, 1637604000000, 1637625600000, 1637647200000, 1637668800000, 1637690400000, 1637712000000, 1637733600000, 1637755200000, 1637776800000, 1637798400000, 1637820000000, 1637841600000, 1637863200000, 1637884800000, 1637906400000, 1637928000000, 1637949600000, 1637971200000, 1637992800000, 1638014400000, 1638036000000, 1638057600000, 1638079200000, 1638100800000, 1638122400000, 1638144000000, 1638165600000, 1638187200000, 1638208800000, 1638230400000, 1638252000000, 1638273600000, 1638295200000, 1638316800000, 1638338400000, 1638360000000, 1638381600000, 1638403200000, 1638424800000, 1638446400000, 1638468000000, 1638489600000, 1638511200000, 1638532800000, 1638554400000, 1638576000000, 1638597600000, 1638619200000, 1638640800000, 1638662400000, 1638684000000, 1638705600000, 1638727200000, 1638748800000, 1638770400000, 1638792000000, 1638813600000, 1638835200000, 1638856800000, 1638878400000, 1638900000000, 1638921600000, 1638943200000, 1638964800000, 1638986400000, 1639008000000, 1639029600000, 1639051200000, 1639072800000, 1639094400000, 1639116000000, 1639137600000, 1639159200000, 1639180800000, 1639202400000, 1639224000000, 1639245600000, 1639267200000, 1639288800000, 1639310400000, 1639332000000, 1639353600000, 1639375200000, 1639396800000, 1639418400000, 1639440000000, 1639461600000, 1639483200000, 1639504800000, 1639526400000, 1639548000000, 1639569600000, 1639591200000, 1639612800000, 1639634400000, 1639656000000, 1639677600000, 1639699200000, 1639720800000, 1639742400000, 1639764000000, 1639785600000, 1639807200000, 1639828800000, 1639850400000, 1639872000000, 1639893600000, 1639915200000, 1639936800000, 1639958400000, 1639980000000, 1640001600000, 1640023200000, 1640044800000, 1640066400000, 1640088000000, 1640109600000, 1640131200000, 1640152800000, 1640174400000, 1640196000000, 1640217600000, 1640239200000, 1640260800000, 1640282400000, 1640304000000, 1640325600000, 1640347200000, 1640368800000, 1640390400000, 1640412000000, 1640433600000, 1640455200000, 1640476800000, 1640498400000, 1640520000000, 1640541600000, 1640563200000, 1640584800000, 1640606400000, 1640628000000, 1640649600000, 1640671200000, 1640692800000, 1640714400000, 1640736000000], "courses": [259.7, 209.8, 230.9, 208.8, 185.0, 139.7, 209.7, 220.3, 239.5, 274.1, 313.4, 320.2, 355.4, 2.3, 40.0, 63.7, 20.5, 346.7, 43.3, 53.0, 79.8, 102.3, 125.2, 126.1, 73.0, 24.4, 21.8, 33.5, 44.3, 15.3, 36.6, 27.8, 19.5, 18.5, 16.7, 29.8, 7.2, 4.0, 15.6, 45.8, 85.5, 72.4, 135.1, 121.2, 135.6, 143.7, 186.0, 219.6, 217.4, 250.2, 231.0, 233.4, 243.4, 250.9, 255.4, 256.2, 281.9, 268.8, 240.7, 237.9, 239.7, 246.7, 226.1, 229.3, 184.3, 166.1, 123.1, 93.9, 106.6, 152.2, 118.3, 166.2, 163.3, 136.7, 196.7, 200.9, 220.0, 221.4, 270.0, 247.2, 235.2, 234.1, 278.3, 242.0, 230.2, 249.7, 203.0, 170.7, 209.3, 206.6, 188.9, 146.4, 255.3, 294.9, 323.3, 358.2, 17.4, 32.2, 39.9, 48.3, 24.5, 55.6, 77.3, 64.9, 55.3, 67.5, 32.7, 29.2, 303.0, 337.0, 278.9, 254.3, 247.2, 248.6, 224.5, 266.2, 284.4, 308.5, 1.8, 353.7, 350.3, 24.4, 47.3, 67.3, 14.0, 258.3, 204.3, 189.3, 218.7, 187.7, 193.0, 224.5, 216.3, 167.0, 113.4, 112.1, 148.9, 171.1, 178.9, 167.5, 128.4, 125.7, 148.9, 159.3, 159.9, 165.5, 153.1, 129.8, 152.8, 158.4, 145.3, 125.8, 79.9, 53.5, 53.3, 71.2, 57.9, 359.9, 18.0, 36.6, 52.2, 80.7, 137.6, 129.5, 102.8, 105.8, 94.1, 107.0, 193.3, 219.4, 238.5, 298.6, 279.2, 290.4, 283.7, 331.4, 306.6, 306.5, 333.1, 317.5, 317.2, 353.0, 338.4, 331.7, 345.8, 22.9, 49.8, 36.1, 42.9, 35.8, 39.5, 39.7, 35.6, 36.6, 25.8, 12.1, 21.7, 3.0, 29.4, 34.6, 62.7, 87.5, 152.4, 192.7, 187.3, 178.5, 159.6, 189.1, 227.8, 176.0, 156.0, 192.7, 243.4, 248.3, 286.7, 272.1, 233.1, 212.3, 213.5, 195.0, 181.5, 149.6, 181.2, 183.4, 185.2, 214.9, 242.6, 206.2, 151.7, 151.3, 83.7, 24.2, 30.9, 72.2, 76.1, 82.8, 69.0, 27.3, 43.3, 34.2, 29.9, 48.0, 94.7, 56.1, 54.1, 29.3, 340.0, 36.5, 56.0, 63.9, 58.7, 13.3, 10.9, 346.9, 329.7, 336.6, 347.2, 322.5, 345.4, 344.7, 4.6, 336.4, 266.9, 301.9, 336.0, 304.8, 265.9, 340.1, 275.8, 299.2, 277.7, 275.0, 264.0, 222.3, 218.4, 270.7, 300.6, 281.7, 251.4, 89.8, 219.3, 312.2, 93.6, 87.4, 47.3, 29.7, 70.2, 52.5, 47.3, 56.2, 75.6, 80.3, 92.3, 49.9, 61.9, 76.6, 102.0, 111.5, 105.8, 108.0, 149.4, 227.5, 216.7, 243.7, 225.7, 243.0, 288.3, 269.2, 317.4, 326.4, 8.1, 3.3, 18.4, 53.8, 5.7, 337.1, 273.6, 266.3, 290.2, 271.5, 244.5, 213.0, 196.9, 227.4, 253.0, 250.8, 192.6, 175.8, 183.2, 149.3, 126.3, 142.6, 188.9, 204.6, 198.9, 204.1, 193.5, 211.3, 185.1, 187.5, 185.9, 245.0, 248.0, 258.3, 265.9, 230.2, 204.8, 226.3, 242.6, 254.3, 276.2, 314.7, 301.3, 332.9, 311.5, 297.1, 316.8, 21.0, 22.3, 52.2, 29.1, 4.7, 79.0, 42.0, 68.1, 87.5, 91.7, 93.5, 87.9, 72.9, 49.3, 72.0, 72.1, 88.4, 77.6, 88.9, 80.1, 85.0, 118.4, 178.1, 144.6, 93.0, 100.8, 117.6, 102.5, 110.3, 111.8, 70.1, 59.1, 32.1, 336.8, 318.5, 327.2, 311.2, 306.8, 280.5, 248.8, 236.4, 255.5, 260.1, 274.2, 271.7, 301.0, 309.2, 312.5, 16.7, 339.5, 0.7, 25.9, 347.9, 315.7, 312.1, 278.4, 296.7, 169.4, 150.3, 156.6, 195.6, 196.7, 184.5, 168.5, 111.8, 161.1, 157.7, 151.4, 143.7, 127.4, 143.6, 106.9, 51.5, 20.7, 20.5, 67.8, 88.4, 82.8, 80.5, 79.8, 121.0, 128.4, 113.8, 150.1, 158.2, 198.8, 198.1, 190.6, 167.8, 166.5, 202.6, 202.6]}}, "geometry": {"type": "LineString", "coordinates": [[2.9, 40.4], [2.58775, 40.35619], [2.47597, 40.207], [2.25155, 40.06732], [2.13285, 39.90171], [2.11737, 39.76495], [2.26636, 39.6297], [2.08847, 39.38876], [1.95363, 39.26573], [1.72259, 39.15988], [1.58071, 39.16773], [1.38528, 39.31065], [1.18448, 39.49632], [1.15825, 39.74842], [1.16636, 39.90092], [1.25287, 39.97987], [1.44769, 40.05333], [1.50186, 40.16424], [1.45427, 40.31824], [1.60945, 40.44356], [1.83291, 40.57109], [2.04381, 40.59977], [2.26975, 40.56222], [2.54045, 40.41656], [2.73573, 40.30774], [3.04623, 40.37976], [3.14081, 40.53826], [3.26412, 40.77124], [3.45858, 40.99298], [3.61412, 41.1128], [3.71017, 41.37566], [3.84466, 41.51106], [3.92619, 41.62663], [4.04585, 41.87837], [4.13262, 42.07037], [4.17163, 42.16704], [4.30918, 42.34434], [4.35212, 42.59285], [4.36165, 42.69378], [4.44181, 42.90453], [4.62804, 43.03688], [4.86832, 43.0503], [5.19528, 43.12539], [5.46327, 42.92803], [5.63751, 42.85056], [5.84887, 42.69156], [6.04161, 42.49775], [6.01816, 42.33365], [5.85489, 42.18735], [5.69398, 42.03098], [5.37308, 41.94438], [5.13572, 41.8011], [4.94355, 41.69446], [4.62461, 41.57455], [4.42899, 41.52367], [4.19543, 41.4778], [3.85099, 41.41372], [3.7197, 41.43432], [3.53627, 41.43126], [3.24157, 41.30641], [3.04062, 41.21149], [2.86711, 41.13498], [2.74093, 41.09401], [2.58336, 40.97946], [2.37251, 40.8423], [2.34994, 40.61562], [2.42138, 40.39575], [2.68741, 40.26321], [2.82299, 40.25613], [2.95314, 40.22648], [3.04991, 40.08598], [3.19799, 40.02476], [3.24642, 39.87356], [3.3054, 39.72188], [3.42101, 39.62733], [3.37674, 39.51355], [3.28227, 39.32174], [3.06995, 39.12515], [2.92948, 39.00136], [2.79943, 39.00134], [2.47952, 38.89606], [2.28915, 38.79277], [2.15167, 38.71494], [1.84718, 38.74919], [1.64038, 38.66304], [1.50107, 38.57226], [1.30403, 38.51504], [1.17384, 38.27471], [1.20264, 38.13658], [1.07383, 37.95585], [0.98605, 37.81709], [0.93573, 37.56132], [1.10661, 37.35693], [0.92937, 37.31979], [0.75654, 37.38355], [0.55065, 37.60204], [0.54073, 37.85334], [0.61888, 38.04949], [0.77025, 38.2384], [0.99207, 38.44617], [1.21986, 38.60437], [1.33383, 38.79892], [1.50202, 38.88847], [1.80286, 38.9409], [2.05086, 39.03102], [2.32023, 39.1752], [2.60217, 39.26547], [2.77404, 39.47196], [2.87893, 39.6165], [2.58197, 39.76455], [2.44422, 40.01347], [2.12437, 40.05157], [1.97129, 40.01845], [1.84204, 39.97684], [1.5335, 39.88345], [1.32316, 39.71835], [1.16196, 39.71007], [0.88992, 39.76342], [0.68551, 39.88789], [0.69602, 40.14658], [0.66299, 40.37407], [0.60881, 40.61429], [0.75561, 40.85938], [0.88094, 40.94672], [1.08537, 41.01092], [1.12202, 41.12203], [0.95162, 41.09537], [0.80807, 40.85519], [0.77024, 40.68066], [0.54794, 40.46924], [0.50073, 40.20216], [0.44123, 40.00477], [0.28383, 39.88163], [0.14262, 39.73385], [0.21667, 39.48722], [0.44125, 39.41197], [0.65278, 39.34537], [0.78792, 39.17177], [0.81702, 39.0277], [0.82381, 38.74776], [0.8757, 38.565], [1.07264, 38.44239], [1.2117, 38.36389], [1.31192, 38.23336], [1.39745, 38.05552], [1.47402, 37.89016], [1.50867, 37.78456], [1.60788, 37.62965], [1.79314, 37.50702], [1.86266, 37.39943], [1.98543, 37.15197], [2.0575, 37.06893], [2.24157, 36.96259], [2.53975, 37.00466], [2.79841, 37.15683], [3.00012, 37.27632], [3.12589, 37.31029], [3.23015, 37.36215], [3.22994, 37.47148], [3.30157, 37.64618], [3.4771, 37.83268], [3.72385, 37.98349], [3.85906, 38.00093], [4.08387, 37.80651], [4.23735, 37.7064], [4.40524, 37.67613], [4.65975, 37.61896], [4.89558, 37.60547], [5.12854, 37.54888], [5.06234, 37.32535], [4.95037, 37.2169], [4.70217, 37.09527], [4.40308, 37.22477], [4.2669, 37.24229], [3.95008, 37.33572], [3.62725, 37.39794], [3.46075, 37.63965], [3.35642, 37.70098], [3.20969, 37.7866], [3.12792, 37.91357], [3.00493, 38.01943], [2.89337, 38.11401], [2.86772, 38.27804], [2.78575, 38.44032], [2.69733, 38.5686], [2.63006, 38.77652], [2.76798, 39.03025], [2.86755, 39.09554], [3.04458, 39.28337], [3.1346, 39.35828], [3.30808, 39.54394], [3.46712, 39.69218], [3.66497, 39.87483], [3.83561, 40.05714], [3.98883, 40.21444], [4.07005, 40.34237], [4.13391, 40.5689], [4.26621, 40.8205], [4.28167, 41.04349], [4.36106, 41.14957], [4.47573, 41.2744], [4.74899, 41.37969], [5.12114, 41.39141], [5.22993, 41.23503], [5.17225, 41.04186], [5.13135, 40.79926], [5.13612, 40.6639], [5.23004, 40.47193], [5.20908, 40.3721], [5.09975, 40.29637], [5.12033, 40.07004], [5.25345, 39.84025], [5.18114, 39.59207], [4.89752, 39.48206], [4.70284, 39.422], [4.55525, 39.45608], [4.36491, 39.46129], [4.09325, 39.30308], [3.9063, 39.07295], [3.77742, 38.92144], [3.71072, 38.72693], [3.70591, 38.58635], [3.81848, 38.43588], [3.81368, 38.24882], [3.80442, 38.12514], [3.79107, 38.01023], [3.60717, 37.80151], [3.39387, 37.71396], [3.31406, 37.58553], [3.46238, 37.36684], [3.62727, 37.12636], [3.78486, 37.14005], [3.88006, 37.30822], [4.00211, 37.46991], [4.23533, 37.52905], [4.47862, 37.57637], [4.61394, 37.58976], [4.74258, 37.62888], [4.88237, 37.84251], [5.11879, 38.0396], [5.19363, 38.12612], [5.28571, 38.25176], [5.54959, 38.43778], [5.75464, 38.42435], [5.95619, 38.53012], [6.13063, 38.62875], [6.24703, 38.79048], [6.17576, 38.94279], [6.34536, 39.12058], [6.64319, 39.27543], [6.91668, 39.37881], [7.11558, 39.47215], [7.16315, 39.62655], [7.1994, 39.77167], [7.13498, 39.98374], [7.03027, 40.12072], [6.88662, 40.37324], [6.82856, 40.56711], [6.61809, 40.77489], [6.55046, 40.9704], [6.45338, 41.23793], [6.46717, 41.36772], [6.3357, 41.5927], [5.98462, 41.57808], [5.75791, 41.68306], [5.64993, 41.8634], [5.50977, 41.93567], [5.28691, 41.92343], [5.17887, 42.14421], [4.96329, 42.1601], [4.6347, 42.29521], [4.36846, 42.32138], [4.17685, 42.33361], [4.03885, 42.32286], [3.7859, 42.11664], [3.66771, 42.00574], [3.33271, 42.00837], [3.21711, 42.05898], [2.93807, 42.10154], [2.68439, 42.03769], [2.82609, 42.03793], [2.64414, 41.87245], [2.53012, 41.94938], [2.67549, 41.94241], [2.81981, 41.94718], [3.09431, 42.13445], [3.20433, 42.27701], [3.40121, 42.32911], [3.64826, 42.46887], [3.91261, 42.64812], [4.21695, 42.79734], [4.36366, 42.82481], [4.61255, 42.85588], [4.87698, 42.84774], [5.12429, 42.99967], [5.27594, 43.05874], [5.64294, 43.12219], [5.85194, 43.08966], [6.16558, 42.99896], [6.33154, 42.96454], [6.56958, 42.90755], [6.71165, 42.73132], [6.47458, 42.57099], [6.25908, 42.35683], [6.0549, 42.28198], [5.82822, 42.11761], [5.67266, 42.0586], [5.51062, 42.09827], [5.15353, 42.09408], [4.91781, 42.2832], [4.81081, 42.40211], [4.83546, 42.53031], [4.85252, 42.74501], [4.92989, 42.91564], [5.10303, 43.00801], [5.13124, 43.2133], [5.02209, 43.40085], [4.86317, 43.40795], [4.69243, 43.39978], [4.39141, 43.47985], [4.24968, 43.48245], [3.9336, 43.37252], [3.76596, 43.18398], [3.68761, 42.99524], [3.44462, 42.83106], [3.3045, 42.79957], [3.1639, 42.7635], [3.12448, 42.63328], [3.1407, 42.4703], [3.13004, 42.33047], [3.2841, 42.13762], [3.55364, 41.99029], [3.72623, 41.82196], [3.69055, 41.65181], [3.54173, 41.40781], [3.44623, 41.19786], [3.33305, 41.00681], [3.29876, 40.89889], [3.17393, 40.74314], [3.15734, 40.60244], [3.13601, 40.47909], [3.10651, 40.26082], [2.98903, 40.21896], [2.75593, 40.14674], [2.58825, 40.12006], [2.42684, 40.1112], [2.20209, 39.96734], [2.12504, 39.83956], [1.91079, 39.68165], [1.64838, 39.57656], [1.45331, 39.53403], [1.26684, 39.54957], [1.14157, 39.64504], [0.94293, 39.73783], [0.87659, 39.83732], [0.68959, 39.96383], [0.56509, 40.01246], [0.34036, 40.19488], [0.47031, 40.45208], [0.58005, 40.65547], [0.84399, 40.81035], [0.93351, 40.93206], [0.94445, 41.03308], [1.17356, 41.06651], [1.30284, 41.17456], [1.48985, 41.23107], [1.82261, 41.24157], [2.07636, 41.23571], [2.29884, 41.22522], [2.66001, 41.23449], [2.94238, 41.29957], [3.08088, 41.38882], [3.39693, 41.46534], [3.63148, 41.52169], [3.95867, 41.52809], [4.16783, 41.56233], [4.48413, 41.56645], [4.84978, 41.61378], [5.0649, 41.62778], [5.27572, 41.5422], [5.28192, 41.39885], [5.40537, 41.2683], [5.59242, 41.2607], [5.84428, 41.22442], [6.10736, 41.1207], [6.28913, 41.09019], [6.47012, 41.03954], [6.62311, 40.9932], [6.85713, 41.05691], [7.16783, 41.19629], [7.32733, 41.3869], [7.24985, 41.52243], [7.16074, 41.59761], [6.96233, 41.82724], [6.76279, 41.9568], [6.47754, 42.11456], [6.33039, 42.13474], [6.17485, 42.0899], [5.98893, 41.99783], [5.85642, 41.97225], [5.51203, 41.92706], [5.35715, 41.93544], [5.02241, 41.94252], [4.70037, 42.08586], [4.57306, 42.16277], [4.31809, 42.33516], [4.39789, 42.53071], [4.30758, 42.70859], [4.31203, 42.97424], [4.4728, 43.21494], [4.41154, 43.42321], [4.29927, 43.5065], [4.13945, 43.6108], [3.9819, 43.62763], [3.67646, 43.73839], [3.73081, 43.52812], [3.87563, 43.34312], [4.02311, 43.09413], [3.94959, 42.90136], [3.86158, 42.68516], [3.84221, 42.50219], [3.87053, 42.39914], [4.09426, 42.33278], [4.17189, 42.16462], [4.25829, 42.00823], [4.40199, 41.81187], [4.50585, 41.70618], [4.65654, 41.61992], [4.81113, 41.46297], [4.95227, 41.43067], [5.18069, 41.5665], [5.24646, 41.69673], [5.35686, 41.91691], [5.49985, 41.96025], [5.77442, 41.96576], [5.96959, 41.98403], [6.14037, 42.00521], [6.39723, 42.03939], [6.63217, 41.93411], [6.82099, 41.82242], [7.02359, 41.75546], [7.18383, 41.54693], [7.29953, 41.32998], [7.25239, 41.22557], [7.19984, 41.10464], [7.17194, 40.99256], [7.24829, 40.72549], [7.29331, 40.58305], [7.16819, 40.35338]]}}, {"type": "Feature", "properties": {"type": "track", "placeholder": true, "whale_id": "MED-05", "species": "Sperm whale", "segment_name": "MED-05 (Sperm whale)", "start_time": "2022-03-17T00:00:00Z", "end_time": "2022-06-12T00:00:00Z", "track_days": 87, "home_range_km": 231, "animation_mode": "uniform", "coordinateProperties": {"times": [1647475200000, 1647496800000, 1647518400000, 1647540000000, 1647561600000, 1647583200000, 1647604800000, 1647626400000, 1647648000000, 1647669600000, 1647691200000, 1647712800000, 1647734400000, 1647756000000, 1647777600000, 1647799200000, 1647820800000, 1647842400000, 1647864000000, 1647885600000, 1647907200000, 1647928800000, 1647950400000, 1647972000000, 1647993600000, 1648015200000, 1648036800000, 1648058400000, 1648080000000, 1648101600000, 1648123200000, 1648144800000, 1648166400000, 1648188000000, 1648209600000, 1648231200000, 1648252800000, 1648274400000, 1648296000000, 1648317600000, 1648339200000, 1648360800000, 1648382400000, 1648404000000, 1648425600000, 1648447200000, 1648468800000, 1648490400000, 1648512000000, 1648533600000, 1648555200000, 1648576800000, 1648598400000, 1648620000000, 1648641600000, 1648663200000, 1648684800000, 1648706400000, 1648728000000, 1648749600000, 1648771200000, 1648792800000, 1648814400000, 1648836000000, 1648857600000, 1648879200000, 1648900800000, 1648922400000, 1648944000000, 1648965600000, 1648987200000, 1649008800000, 1649030400000, 1649052000000, 1649073600000, 1649095200000, 1649116800000, 1649138400000, 1649160000000, 1649181600000, 1649203200000, 1649224800000, 1649246400000, 1649268000000, 1649289600000, 1649311200000, 1649332800000, 1649354400000, 1649376000000, 1649397600000, 1649419200000, 1649440800000, 1649462400000, 1649484000000, 1649505600000, 1649527200000, 1649548800000, 1649570400000, 1649592000000, 1649613600000, 1649635200000, 1649656800000, 1649678400000, 1649700000000, 1649721600000, 1649743200000, 1649764800000, 1649786400000, 1649808000000, 1649829600000, 1649851200000, 1649872800000, 1649894400000, 1649916000000, 1649937600000, 1649959200000, 1649980800000, 1650002400000, 1650024000000, 1650045600000, 1650067200000, 1650088800000, 1650110400000, 1650132000000, 1650153600000, 1650175200000, 1650196800000, 1650218400000, 1650240000000, 1650261600000, 1650283200000, 1650304800000, 1650326400000, 1650348000000, 1650369600000, 1650391200000, 1650412800000, 1650434400000, 1650456000000, 1650477600000, 1650499200000, 1650520800000, 1650542400000, 1650564000000, 1650585600000, 1650607200000, 1650628800000, 1650650400000, 1650672000000, 1650693600000, 1650715200000, 1650736800000, 1650758400000, 1650780000000, 1650801600000, 1650823200000, 1650844800000, 1650866400000, 1650888000000, 1650909600000, 1650931200000, 1650952800000, 1650974400000, 1650996000000, 1651017600000, 1651039200000, 1651060800000, 1651082400000, 1651104000000, 1651125600000, 1651147200000, 1651168800000, 1651190400000, 1651212000000, 1651233600000, 1651255200000, 1651276800000, 1651298400000, 1651320000000, 1651341600000, 1651363200000, 1651384800000, 1651406400000, 1651428000000, 1651449600000, 1651471200000, 1651492800000, 1651514400000, 1651536000000, 1651557600000, 1651579200000, 1651600800000, 1651622400000, 1651644000000, 1651665600000, 1651687200000, 1651708800000, 1651730400000, 1651752000000, 1651773600000, 1651795200000, 1651816800000, 1651838400000, 1651860000000, 1651881600000, 1651903200000, 1651924800000, 1651946400000, 1651968000000, 1651989600000, 1652011200000, 1652032800000, 1652054400000, 1652076000000, 1652097600000, 1652119200000, 1652140800000, 1652162400000, 1652184000000, 1652205600000, 1652227200000, 1652248800000, 1652270400000, 1652292000000, 1652313600000, 1652335200000, 1652356800000, 1652378400000, 1652400000000, 1652421600000, 1652443200000, 1652464800000, 1652486400000, 1652508000000, 1652529600000, 1652551200000, 1652572800000, 1652594400000, 1652616000000, 1652637600000, 1652659200000, 1652680800000, 1652702400000, 1652724000000, 1652745600000, 1652767200000, 1652788800000, 1652810400000, 1652832000000, 1652853600000, 1652875200000, 1652896800000, 1652918400000, 1652940000000, 1652961600000, 1652983200000, 1653004800000, 1653026400000, 1653048000000, 1653069600000, 1653091200000, 1653112800000, 1653134400000, 1653156000000, 1653177600000, 1653199200000, 1653220800000, 1653242400000, 1653264000000, 1653285600000, 1653307200000, 1653328800000, 1653350400000, 1653372000000, 1653393600000, 1653415200000, 1653436800000, 1653458400000, 1653480000000, 1653501600000, 1653523200000, 1653544800000, 1653566400000, 1653588000000, 1653609600000, 1653631200000, 1653652800000, 1653674400000, 1653696000000, 1653717600000, 1653739200000, 1653760800000, 1653782400000, 1653804000000, 1653825600000, 1653847200000, 1653868800000, 1653890400000, 1653912000000, 1653933600000, 1653955200000, 1653976800000, 1653998400000, 1654020000000, 1654041600000, 1654063200000, 1654084800000, 1654106400000, 1654128000000, 1654149600000, 1654171200000, 1654192800000, 1654214400000, 1654236000000, 1654257600000, 1654279200000, 1654300800000, 1654322400000, 1654344000000, 1654365600000, 1654387200000, 1654408800000, 1654430400000, 1654452000000, 1654473600000, 1654495200000, 1654516800000, 1654538400000, 1654560000000, 1654581600000, 1654603200000, 1654624800000, 1654646400000, 1654668000000, 1654689600000, 1654711200000, 1654732800000, 1654754400000, 1654776000000, 1654797600000, 1654819200000, 1654840800000, 1654862400000, 1654884000000, 1654905600000, 1654927200000, 1654948800000, 1654970400000, 1654992000000], "courses": [149.4, 171.4, 135.4, 166.2, 169.3, 195.4, 176.4, 194.3, 198.8, 194.1, 169.7, 132.3, 116.2, 95.7, 112.7, 73.8, 46.3, 71.0, 105.9, 93.6, 53.8, 43.0, 49.9, 32.9, 15.7, 348.9, 274.0, 289.2, 248.4, 259.8, 275.6, 257.0, 245.4, 261.6, 190.8, 178.5, 213.3, 198.4, 218.7, 242.3, 266.1, 251.8, 228.0, 253.9, 264.0, 313.4, 340.0, 334.4, 302.4, 352.4, 331.7, 333.4, 292.3, 313.7, 349.0, 352.5, 61.1, 5.1, 29.5, 22.3, 46.4, 54.3, 52.1, 28.9, 8.7, 355.9, 292.9, 236.8, 259.8, 251.2, 241.7, 231.9, 241.3, 217.8, 211.2, 209.1, 179.0, 169.2, 162.8, 214.7, 218.0, 207.4, 159.4, 165.9, 145.4, 97.6, 97.4, 46.9, 54.1, 41.9, 71.1, 57.7, 68.8, 126.7, 147.1, 125.1, 119.7, 120.1, 208.0, 223.7, 264.7, 290.9, 315.0, 256.2, 295.7, 291.8, 245.3, 199.3, 158.4, 142.9, 49.8, 61.4, 41.9, 45.4, 60.9, 58.8, 57.7, 66.0, 69.4, 81.9, 71.4, 111.9, 124.7, 128.3, 150.8, 126.6, 104.7, 85.4, 58.6, 35.2, 4.5, 21.0, 32.8, 7.1, 83.6, 16.7, 36.3, 353.3, 343.6, 341.5, 348.5, 308.1, 273.2, 252.6, 257.6, 316.3, 342.3, 357.6, 352.9, 328.3, 337.6, 25.9, 30.8, 29.8, 337.5, 332.0, 330.4, 308.0, 273.6, 253.5, 216.8, 192.1, 215.1, 181.7, 147.7, 161.6, 168.1, 139.4, 195.7, 187.0, 224.2, 232.8, 237.5, 244.9, 218.7, 246.7, 220.1, 206.9, 266.2, 290.9, 278.1, 288.6, 302.1, 356.2, 318.8, 293.6, 267.0, 238.3, 246.1, 235.1, 204.5, 209.2, 309.4, 329.5, 18.2, 51.4, 76.8, 76.9, 95.0, 105.4, 135.3, 69.9, 90.6, 96.7, 132.0, 166.2, 114.2, 145.6, 150.9, 121.8, 105.8, 98.5, 123.7, 97.8, 79.1, 76.0, 121.3, 121.7, 140.2, 62.8, 70.8, 37.1, 48.0, 6.6, 15.7, 344.6, 24.2, 348.2, 338.8, 338.7, 331.8, 316.5, 252.6, 202.8, 162.2, 164.5, 123.8, 171.8, 204.9, 207.1, 218.8, 192.9, 231.6, 268.8, 249.8, 279.7, 293.5, 296.3, 290.3, 1.2, 355.4, 296.8, 268.2, 293.7, 276.2, 248.6, 259.5, 275.9, 253.2, 240.0, 264.1, 243.5, 271.3, 306.2, 329.4, 4.2, 338.8, 24.7, 49.6, 80.6, 80.1, 109.7, 133.7, 113.8, 124.6, 154.5, 172.7, 171.1, 153.2, 110.9, 108.6, 139.2, 179.1, 180.4, 174.4, 204.2, 160.0, 196.2, 151.2, 161.7, 194.2, 175.8, 175.1, 196.4, 234.2, 281.2, 290.2, 302.4, 263.8, 309.9, 0.8, 24.1, 49.1, 9.2, 24.4, 7.5, 352.2, 349.2, 305.8, 300.9, 284.1, 323.5, 290.1, 262.3, 219.7, 160.7, 186.6, 119.1, 105.1, 108.5, 118.9, 154.2, 159.0, 119.9, 125.1, 153.6, 150.2, 195.7, 181.5, 158.4, 176.6, 166.5, 127.6, 98.6, 78.9, 25.4, 23.9, 1.8, 9.3, 337.2, 348.7, 20.0, 333.6, 350.9, 351.8, 287.8, 295.4, 276.6, 276.6]}}, "geometry": {"type": "LineString", "coordinates": [[23.1, 35.8], [23.24406, 35.60214], [23.269, 35.46856], [23.44071, 35.32659], [23.50502, 35.11281], [23.53665, 34.97613], [23.504, 34.87866], [23.52419, 34.61511], [23.49343, 34.51537], [23.4087, 34.31028], [23.378, 34.20908], [23.4039, 34.09061], [23.59356, 33.94719], [23.75301, 33.88197], [23.97764, 33.86325], [24.22713, 33.77627], [24.39052, 33.81559], [24.53529, 33.9301], [24.79148, 34.00308], [24.92398, 33.97173], [25.14052, 33.9602], [25.40839, 34.122], [25.53056, 34.23038], [25.67067, 34.32775], [25.75717, 34.43783], [25.8483, 34.70415], [25.79439, 34.93035], [25.52213, 34.9457], [25.37599, 34.98741], [25.14291, 34.91132], [24.83806, 34.86605], [24.68222, 34.87841], [24.3744, 34.81959], [24.14551, 34.73311], [24.00317, 34.71582], [23.96194, 34.53727], [23.96733, 34.36193], [23.81165, 34.16605], [23.72544, 33.95129], [23.54209, 33.76071], [23.29457, 33.6524], [23.13605, 33.64331], [22.96842, 33.59728], [22.77478, 33.45167], [22.60835, 33.41144], [22.36496, 33.38998], [22.15024, 33.55896], [22.06891, 33.74447], [21.94448, 33.95957], [21.84118, 34.01391], [21.80017, 34.26739], [21.64152, 34.5103], [21.53923, 34.6782], [21.34066, 34.74497], [21.10337, 34.93082], [21.05977, 35.11479], [21.02369, 35.3388], [21.28222, 35.45465], [21.30872, 35.69369], [21.46062, 35.91096], [21.53998, 36.06763], [21.62847, 36.13576], [21.74907, 36.20566], [22.00513, 36.36594], [22.10364, 36.50923], [22.13772, 36.68728], [22.11596, 36.92996], [21.96397, 36.98103], [21.85403, 36.92339], [21.58947, 36.88489], [21.44728, 36.84596], [21.3247, 36.79304], [21.06435, 36.62873], [20.78624, 36.50582], [20.6286, 36.34217], [20.46937, 36.1301], [20.31543, 35.90556], [20.31752, 35.80571], [20.36131, 35.61856], [20.45676, 35.36744], [20.29638, 35.17792], [20.11285, 34.98551], [20.04908, 34.88436], [20.1476, 34.66853], [20.21761, 34.43855], [20.30767, 34.33072], [20.5576, 34.30278], [20.83602, 34.27278], [21.04345, 34.43285], [21.23609, 34.54758], [21.3622, 34.66326], [21.49526, 34.70067], [21.67866, 34.79557], [21.88235, 34.86038], [22.13684, 34.70395], [22.25841, 34.54891], [22.53307, 34.38917], [22.77535, 34.27474], [22.97083, 34.18091], [22.84607, 33.98616], [22.64205, 33.80863], [22.32759, 33.78401], [22.19146, 33.82706], [21.95779, 34.02026], [21.78406, 33.9848], [21.60793, 34.05499], [21.43112, 34.11354], [21.30404, 34.06499], [21.23126, 33.89254], [21.27962, 33.79124], [21.43903, 33.61563], [21.54953, 33.69328], [21.74844, 33.78341], [21.95575, 33.97504], [22.17639, 34.15508], [22.40481, 34.26], [22.62526, 34.37006], [22.79509, 34.45831], [22.96827, 34.52174], [23.09112, 34.5598], [23.37071, 34.59235], [23.57087, 34.64769], [23.72597, 34.59619], [23.98442, 34.44811], [24.22201, 34.29285], [24.31997, 34.14762], [24.49103, 34.04232], [24.74987, 33.9857], [24.92783, 33.99753], [25.03929, 34.0538], [25.11757, 34.1456], [25.13919, 34.37266], [25.2345, 34.57745], [25.34742, 34.72127], [25.38297, 34.95367], [25.67718, 34.98052], [25.73508, 35.13808], [25.85861, 35.27534], [25.83675, 35.42623], [25.74357, 35.68313], [25.69307, 35.80571], [25.64354, 36.00181], [25.44931, 36.1247], [25.21114, 36.13507], [25.08386, 36.1028], [24.89125, 36.06845], [24.6729, 36.25223], [24.5942, 36.45015], [24.58355, 36.65472], [24.55527, 36.83522], [24.42337, 37.00599], [24.36537, 37.11801], [24.51539, 37.36354], [24.6347, 37.5223], [24.77785, 37.71984], [24.68201, 37.90273], [24.60169, 38.02146], [24.43633, 38.24977], [24.2397, 38.37011], [23.94557, 38.38423], [23.79563, 38.34925], [23.70534, 38.2546], [23.64627, 38.03731], [23.55554, 37.93551], [23.5517, 37.83311], [23.63885, 37.72416], [23.70611, 37.56367], [23.75084, 37.39494], [23.95898, 37.20112], [23.88441, 36.98979], [23.86772, 36.88175], [23.71804, 36.75831], [23.51454, 36.63425], [23.33245, 36.54092], [23.17438, 36.4812], [23.09124, 36.39771], [22.77284, 36.28663], [22.6506, 36.16935], [22.5103, 35.94492], [22.3709, 35.9374], [22.18064, 35.99594], [21.98281, 36.0185], [21.68176, 36.1], [21.57345, 36.15485], [21.56522, 36.25392], [21.44456, 36.36471], [21.1799, 36.45757], [20.88129, 36.44455], [20.69361, 36.35107], [20.41924, 36.25272], [20.28989, 36.1798], [20.19797, 36.01656], [20.11816, 35.9007], [19.85851, 36.07269], [19.6845, 36.31051], [19.78431, 36.55368], [20.01408, 36.70027], [20.16301, 36.72807], [20.4992, 36.79011], [20.71553, 36.77478], [20.99481, 36.71281], [21.16256, 36.5766], [21.4174, 36.65098], [21.73938, 36.64798], [21.92015, 36.63077], [22.15005, 36.46401], [22.20542, 36.28174], [22.50057, 36.17421], [22.62074, 36.03224], [22.68393, 35.94033], [22.88643, 35.83837], [23.15736, 35.77594], [23.28006, 35.76101], [23.42954, 35.68004], [23.6667, 35.6534], [23.89935, 35.68968], [24.11037, 35.73236], [24.31059, 35.6334], [24.54599, 35.51489], [24.69931, 35.36498], [24.93485, 35.46318], [25.16604, 35.5284], [25.36172, 35.7384], [25.59315, 35.90694], [25.6231, 36.11714], [25.67761, 36.27396], [25.59966, 36.50118], [25.67586, 36.63717], [25.62864, 36.81839], [25.5604, 36.95877], [25.4513, 37.18121], [25.37802, 37.28975], [25.18157, 37.45399], [24.99072, 37.4063], [24.90544, 37.24466], [24.96235, 37.10346], [25.01934, 36.93949], [25.2322, 36.82509], [25.25333, 36.70786], [25.12466, 36.48501], [24.99539, 36.28099], [24.82069, 36.10544], [24.74359, 35.83306], [24.54714, 35.70639], [24.42183, 35.70423], [24.1095, 35.61026], [23.9519, 35.63216], [23.69124, 35.72384], [23.44364, 35.82288], [23.27887, 35.87224], [23.28245, 36.00885], [23.25479, 36.28441], [23.04363, 36.37003], [22.88979, 36.36599], [22.72321, 36.42464], [22.4889, 36.44498], [22.19387, 36.35167], [21.9802, 36.3197], [21.71866, 36.34121], [21.53012, 36.29516], [21.405, 36.23676], [21.08712, 36.21002], [20.80065, 36.09427], [20.50482, 36.09937], [20.28952, 36.22635], [20.11552, 36.4626], [20.13335, 36.65724], [20.01574, 36.89928], [20.10356, 37.05145], [20.19788, 37.11544], [20.50021, 37.15492], [20.65867, 37.17689], [20.96253, 37.08965], [21.12338, 36.96672], [21.36362, 36.88167], [21.61268, 36.74369], [21.74324, 36.52372], [21.77378, 36.33223], [21.81939, 36.09573], [21.88656, 35.98819], [22.02837, 35.94437], [22.27031, 35.87826], [22.43053, 35.72727], [22.43389, 35.55108], [22.43231, 35.36863], [22.45039, 35.21811], [22.38648, 35.10173], [22.49878, 34.849], [22.45942, 34.73776], [22.54251, 34.61314], [22.58709, 34.50224], [22.53096, 34.31919], [22.54434, 34.16876], [22.55903, 34.0257], [22.52207, 33.92155], [22.3028, 33.79012], [22.04741, 33.83185], [21.81131, 33.9039], [21.57068, 34.03041], [21.31673, 34.00735], [21.17066, 34.10831], [21.17495, 34.36187], [21.27578, 34.54758], [21.4801, 34.69297], [21.52267, 34.90797], [21.64154, 35.1223], [21.67286, 35.31758], [21.65591, 35.41827], [21.59885, 35.66069], [21.35099, 35.80559], [21.05665, 35.94785], [20.77147, 36.0056], [20.622, 36.16835], [20.38645, 36.23775], [20.1001, 36.20597], [19.9109, 36.02152], [19.96586, 35.89453], [19.9264, 35.61795], [20.12265, 35.529], [20.35673, 35.47731], [20.65013, 35.39687], [20.87861, 35.29353], [20.94559, 35.18034], [21.02585, 35.00902], [21.27186, 34.89282], [21.38375, 34.82812], [21.47271, 34.68082], [21.58324, 34.52197], [21.54043, 34.39613], [21.53443, 34.20492], [21.6442, 33.9746], [21.659, 33.76836], [21.72201, 33.54986], [21.87324, 33.45254], [22.04207, 33.4312], [22.21616, 33.45955], [22.2708, 33.55527], [22.40212, 33.801], [22.41055, 34.02391], [22.44148, 34.18031], [22.38062, 34.29975], [22.33898, 34.47095], [22.39841, 34.60557], [22.31962, 34.73583], [22.27739, 34.95204], [22.25855, 35.0585], [21.95837, 35.13682], [21.80353, 35.19691], [21.59591, 35.2165]]}}, {"type": "Feature", "properties": {"type": "track", "placeholder": true, "whale_id": "MED-06", "species": "Fin whale", "segment_name": "MED-06 (Fin whale)", "start_time": "2022-05-29T00:00:00Z", "end_time": "2022-10-30T00:00:00Z", "track_days": 154, "home_range_km": 380, "animation_mode": "uniform", "coordinateProperties": {"times": [1653782400000, 1653804000000, 1653825600000, 1653847200000, 1653868800000, 1653890400000, 1653912000000, 1653933600000, 1653955200000, 1653976800000, 1653998400000, 1654020000000, 1654041600000, 1654063200000, 1654084800000, 1654106400000, 1654128000000, 1654149600000, 1654171200000, 1654192800000, 1654214400000, 1654236000000, 1654257600000, 1654279200000, 1654300800000, 1654322400000, 1654344000000, 1654365600000, 1654387200000, 1654408800000, 1654430400000, 1654452000000, 1654473600000, 1654495200000, 1654516800000, 1654538400000, 1654560000000, 1654581600000, 1654603200000, 1654624800000, 1654646400000, 1654668000000, 1654689600000, 1654711200000, 1654732800000, 1654754400000, 1654776000000, 1654797600000, 1654819200000, 1654840800000, 1654862400000, 1654884000000, 1654905600000, 1654927200000, 1654948800000, 1654970400000, 1654992000000, 1655013600000, 1655035200000, 1655056800000, 1655078400000, 1655100000000, 1655121600000, 1655143200000, 1655164800000, 1655186400000, 1655208000000, 1655229600000, 1655251200000, 1655272800000, 1655294400000, 1655316000000, 1655337600000, 1655359200000, 1655380800000, 1655402400000, 1655424000000, 1655445600000, 1655467200000, 1655488800000, 1655510400000, 1655532000000, 1655553600000, 1655575200000, 1655596800000, 1655618400000, 1655640000000, 1655661600000, 1655683200000, 1655704800000, 1655726400000, 1655748000000, 1655769600000, 1655791200000, 1655812800000, 1655834400000, 1655856000000, 1655877600000, 1655899200000, 1655920800000, 1655942400000, 1655964000000, 1655985600000, 1656007200000, 1656028800000, 1656050400000, 1656072000000, 1656093600000, 1656115200000, 1656136800000, 1656158400000, 1656180000000, 1656201600000, 1656223200000, 1656244800000, 1656266400000, 1656288000000, 1656309600000, 1656331200000, 1656352800000, 1656374400000, 1656396000000, 1656417600000, 1656439200000, 1656460800000, 1656482400000, 1656504000000, 1656525600000, 1656547200000, 1656568800000, 1656590400000, 1656612000000, 1656633600000, 1656655200000, 1656676800000, 1656698400000, 1656720000000, 1656741600000, 1656763200000, 1656784800000, 1656806400000, 1656828000000, 1656849600000, 1656871200000, 1656892800000, 1656914400000, 1656936000000, 1656957600000, 1656979200000, 1657000800000, 1657022400000, 1657044000000, 1657065600000, 1657087200000, 1657108800000, 1657130400000, 1657152000000, 1657173600000, 1657195200000, 1657216800000, 1657238400000, 1657260000000, 1657281600000, 1657303200000, 1657324800000, 1657346400000, 1657368000000, 1657389600000, 1657411200000, 1657432800000, 1657454400000, 1657476000000, 1657497600000, 1657519200000, 1657540800000, 1657562400000, 1657584000000, 1657605600000, 1657627200000, 1657648800000, 1657670400000, 1657692000000, 1657713600000, 1657735200000, 1657756800000, 1657778400000, 1657800000000, 1657821600000, 1657843200000, 1657864800000, 1657886400000, 1657908000000, 1657929600000, 1657951200000, 1657972800000, 1657994400000, 1658016000000, 1658037600000, 1658059200000, 1658080800000, 1658102400000, 1658124000000, 1658145600000, 1658167200000, 1658188800000, 1658210400000, 1658232000000, 1658253600000, 1658275200000, 1658296800000, 1658318400000, 1658340000000, 1658361600000, 1658383200000, 1658404800000, 1658426400000, 1658448000000, 1658469600000, 1658491200000, 1658512800000, 1658534400000, 1658556000000, 1658577600000, 1658599200000, 1658620800000, 1658642400000, 1658664000000, 1658685600000, 1658707200000, 1658728800000, 1658750400000, 1658772000000, 1658793600000, 1658815200000, 1658836800000, 1658858400000, 1658880000000, 1658901600000, 1658923200000, 1658944800000, 1658966400000, 1658988000000, 1659009600000, 1659031200000, 1659052800000, 1659074400000, 1659096000000, 1659117600000, 1659139200000, 1659160800000, 1659182400000, 1659204000000, 1659225600000, 1659247200000, 1659268800000, 1659290400000, 1659312000000, 1659333600000, 1659355200000, 1659376800000, 1659398400000, 1659420000000, 1659441600000, 1659463200000, 1659484800000, 1659506400000, 1659528000000, 1659549600000, 1659571200000, 1659592800000, 1659614400000, 1659636000000, 1659657600000, 1659679200000, 1659700800000, 1659722400000, 1659744000000, 1659765600000, 1659787200000, 1659808800000, 1659830400000, 1659852000000, 1659873600000, 1659895200000, 1659916800000, 1659938400000, 1659960000000, 1659981600000, 1660003200000, 1660024800000, 1660046400000, 1660068000000, 1660089600000, 1660111200000, 1660132800000, 1660154400000, 1660176000000, 1660197600000, 1660219200000, 1660240800000, 1660262400000, 1660284000000, 1660305600000, 1660327200000, 1660348800000, 1660370400000, 1660392000000, 1660413600000, 1660435200000, 1660456800000, 1660478400000, 1660500000000, 1660521600000, 1660543200000, 1660564800000, 1660586400000, 1660608000000, 1660629600000, 1660651200000, 1660672800000, 1660694400000, 1660716000000, 1660737600000, 1660759200000, 1660780800000, 1660802400000, 1660824000000, 1660845600000, 1660867200000, 1660888800000, 1660910400000, 1660932000000, 1660953600000, 1660975200000, 1660996800000, 1661018400000, 1661040000000, 1661061600000, 1661083200000, 1661104800000, 1661126400000, 1661148000000, 1661169600000, 1661191200000, 1661212800000, 1661234400000, 1661256000000, 1661277600000, 1661299200000, 1661320800000, 1661342400000, 1661364000000, 1661385600000, 1661407200000, 1661428800000, 1661450400000, 1661472000000, 1661493600000, 1661515200000, 1661536800000, 1661558400000, 1661580000000, 1661601600000, 1661623200000, 1661644800000, 1661666400000, 1661688000000, 1661709600000, 1661731200000, 1661752800000, 1661774400000, 1661796000000, 1661817600000, 1661839200000, 1661860800000, 1661882400000, 1661904000000, 1661925600000, 1661947200000, 1661968800000, 1661990400000, 1662012000000, 1662033600000, 1662055200000, 1662076800000, 1662098400000, 1662120000000, 1662141600000, 1662163200000, 1662184800000, 1662206400000, 1662228000000, 1662249600000, 1662271200000, 1662292800000, 1662314400000, 1662336000000, 1662357600000, 1662379200000, 1662400800000, 1662422400000, 1662444000000, 1662465600000, 1662487200000, 1662508800000, 1662530400000, 1662552000000, 1662573600000, 1662595200000, 1662616800000, 1662638400000, 1662660000000, 1662681600000, 1662703200000, 1662724800000, 1662746400000, 1662768000000, 1662789600000, 1662811200000, 1662832800000, 1662854400000, 1662876000000, 1662897600000, 1662919200000, 1662940800000, 1662962400000, 1662984000000, 1663005600000, 1663027200000, 1663048800000, 1663070400000, 1663092000000, 1663113600000, 1663135200000, 1663156800000, 1663178400000, 1663200000000, 1663221600000, 1663243200000, 1663264800000, 1663286400000, 1663308000000, 1663329600000, 1663351200000, 1663372800000, 1663394400000, 1663416000000, 1663437600000, 1663459200000, 1663480800000, 1663502400000, 1663524000000, 1663545600000, 1663567200000, 1663588800000, 1663610400000, 1663632000000, 1663653600000, 1663675200000, 1663696800000, 1663718400000, 1663740000000, 1663761600000, 1663783200000, 1663804800000, 1663826400000, 1663848000000, 1663869600000, 1663891200000, 1663912800000, 1663934400000, 1663956000000, 1663977600000, 1663999200000, 1664020800000, 1664042400000, 1664064000000, 1664085600000, 1664107200000, 1664128800000, 1664150400000, 1664172000000, 1664193600000, 1664215200000, 1664236800000, 1664258400000, 1664280000000, 1664301600000, 1664323200000, 1664344800000, 1664366400000, 1664388000000, 1664409600000, 1664431200000, 1664452800000, 1664474400000, 1664496000000, 1664517600000, 1664539200000, 1664560800000, 1664582400000, 1664604000000, 1664625600000, 1664647200000, 1664668800000, 1664690400000, 1664712000000, 1664733600000, 1664755200000, 1664776800000, 1664798400000, 1664820000000, 1664841600000, 1664863200000, 1664884800000, 1664906400000, 1664928000000, 1664949600000, 1664971200000, 1664992800000, 1665014400000, 1665036000000, 1665057600000, 1665079200000, 1665100800000, 1665122400000, 1665144000000, 1665165600000, 1665187200000, 1665208800000, 1665230400000, 1665252000000, 1665273600000, 1665295200000, 1665316800000, 1665338400000, 1665360000000, 1665381600000, 1665403200000, 1665424800000, 1665446400000, 1665468000000, 1665489600000, 1665511200000, 1665532800000, 1665554400000, 1665576000000, 1665597600000, 1665619200000, 1665640800000, 1665662400000, 1665684000000, 1665705600000, 1665727200000, 1665748800000, 1665770400000, 1665792000000, 1665813600000, 1665835200000, 1665856800000, 1665878400000, 1665900000000, 1665921600000, 1665943200000, 1665964800000, 1665986400000, 1666008000000, 1666029600000, 1666051200000, 1666072800000, 1666094400000, 1666116000000, 1666137600000, 1666159200000, 1666180800000, 1666202400000, 1666224000000, 1666245600000, 1666267200000, 1666288800000, 1666310400000, 1666332000000, 1666353600000, 1666375200000, 1666396800000, 1666418400000, 1666440000000, 1666461600000, 1666483200000, 1666504800000, 1666526400000, 1666548000000, 1666569600000, 1666591200000, 1666612800000, 1666634400000, 1666656000000, 1666677600000, 1666699200000, 1666720800000, 1666742400000, 1666764000000, 1666785600000, 1666807200000, 1666828800000, 1666850400000, 1666872000000, 1666893600000, 1666915200000, 1666936800000, 1666958400000, 1666980000000, 1667001600000, 1667023200000, 1667044800000, 1667066400000, 1667088000000], "courses": [163.7, 145.1, 193.0, 172.6, 151.7, 142.7, 152.2, 204.5, 207.4, 226.2, 171.5, 204.1, 155.1, 105.8, 79.2, 94.6, 45.4, 79.5, 332.8, 358.3, 321.7, 333.6, 2.5, 352.1, 42.1, 85.5, 72.3, 56.4, 59.4, 285.6, 226.0, 236.4, 220.9, 217.0, 225.6, 234.3, 236.8, 253.3, 217.5, 208.4, 190.2, 259.6, 268.1, 297.8, 316.5, 252.8, 219.9, 256.1, 239.7, 222.7, 228.5, 201.4, 188.3, 163.0, 175.9, 200.0, 156.2, 142.2, 107.4, 82.3, 50.0, 39.6, 1.4, 353.9, 7.1, 6.1, 4.6, 340.2, 22.3, 7.5, 0.2, 24.1, 28.0, 11.4, 16.5, 13.6, 46.2, 51.3, 69.1, 79.5, 101.1, 110.8, 99.3, 73.8, 67.2, 54.2, 21.1, 298.4, 311.9, 313.2, 299.8, 324.8, 315.2, 282.7, 289.8, 290.9, 281.2, 342.3, 5.2, 18.0, 48.8, 46.5, 73.6, 78.3, 24.4, 157.5, 119.8, 113.9, 95.1, 70.3, 51.2, 67.2, 78.3, 48.3, 74.3, 71.1, 84.4, 16.3, 21.6, 216.5, 217.2, 179.4, 209.1, 232.7, 208.7, 160.6, 207.4, 230.5, 222.0, 190.6, 210.5, 192.7, 224.5, 232.4, 228.9, 249.8, 272.5, 264.2, 266.0, 236.4, 272.3, 280.4, 307.3, 252.7, 250.1, 259.3, 257.2, 249.9, 223.5, 198.9, 157.2, 193.0, 181.5, 147.8, 175.5, 181.2, 148.9, 96.8, 86.9, 87.9, 69.2, 23.4, 2.5, 8.8, 22.4, 114.5, 101.3, 77.9, 33.3, 6.7, 7.9, 42.3, 9.7, 25.7, 4.3, 5.1, 49.0, 100.7, 119.3, 91.1, 65.9, 75.3, 58.3, 227.2, 212.7, 201.7, 192.7, 183.6, 192.7, 190.3, 189.8, 197.2, 186.2, 190.0, 155.8, 74.5, 153.6, 131.5, 151.4, 139.2, 152.4, 132.6, 95.5, 291.1, 316.4, 197.6, 241.1, 251.8, 261.7, 264.0, 265.5, 245.8, 246.1, 267.4, 239.6, 216.6, 247.7, 210.9, 264.2, 271.2, 261.3, 279.8, 256.3, 285.9, 298.1, 331.7, 305.0, 341.2, 28.7, 23.8, 38.7, 6.3, 32.6, 11.6, 33.9, 25.8, 8.7, 28.9, 29.6, 34.8, 25.5, 67.1, 74.4, 53.3, 67.0, 19.5, 57.4, 48.6, 19.1, 3.8, 9.7, 28.7, 20.9, 330.6, 357.1, 346.4, 275.3, 291.3, 247.8, 254.7, 254.5, 268.0, 272.2, 249.3, 271.7, 248.9, 209.9, 204.0, 204.3, 211.4, 255.9, 299.6, 296.9, 287.3, 336.7, 22.6, 17.8, 31.7, 71.3, 37.3, 53.1, 89.6, 101.8, 101.8, 105.5, 143.2, 159.6, 157.2, 147.1, 171.1, 234.7, 196.4, 144.7, 194.7, 237.7, 283.6, 305.2, 302.3, 281.4, 297.3, 330.8, 5.1, 27.6, 82.0, 59.4, 48.5, 38.3, 71.5, 120.1, 131.3, 153.6, 164.2, 128.0, 106.4, 124.7, 143.5, 129.4, 118.1, 126.0, 120.6, 110.6, 124.5, 159.1, 190.2, 213.2, 208.2, 224.9, 210.5, 255.7, 274.9, 210.2, 229.0, 170.9, 165.5, 159.8, 141.8, 168.5, 122.0, 121.3, 122.4, 120.1, 138.2, 126.7, 140.9, 138.9, 145.6, 128.5, 182.6, 207.2, 237.8, 260.3, 270.3, 233.2, 297.5, 319.6, 306.7, 287.4, 285.3, 269.0, 327.5, 354.1, 356.9, 344.7, 355.1, 314.6, 343.9, 313.0, 276.6, 293.0, 304.9, 307.3, 308.0, 351.4, 342.5, 290.1, 215.6, 206.3, 179.6, 123.0, 149.0, 127.2, 112.3, 127.0, 115.6, 192.8, 214.8, 173.7, 194.3, 199.7, 217.7, 262.3, 313.8, 326.9, 310.3, 317.2, 354.6, 350.9, 13.4, 39.8, 67.8, 7.4, 359.1, 41.9, 6.6, 58.5, 5.5, 19.0, 24.2, 24.2, 21.5, 50.1, 60.3, 33.9, 52.4, 63.2, 57.3, 49.0, 26.4, 0.7, 318.1, 301.1, 207.8, 173.6, 153.7, 191.8, 194.5, 293.7, 253.7, 215.2, 272.4, 236.1, 255.3, 230.7, 189.5, 177.8, 194.3, 152.5, 107.7, 121.6, 166.4, 193.8, 199.4, 242.4, 257.4, 259.0, 235.2, 209.0, 208.8, 220.1, 229.7, 215.4, 148.3, 170.7, 170.8, 142.5, 130.4, 49.8, 4.5, 353.9, 322.5, 316.6, 271.0, 267.1, 179.1, 160.7, 155.6, 138.8, 105.9, 98.6, 86.2, 67.4, 16.9, 66.2, 75.6, 72.3, 133.4, 113.1, 65.7, 71.4, 63.4, 10.8, 25.5, 345.8, 304.8, 300.4, 289.8, 320.3, 340.6, 328.7, 21.1, 17.7, 4.5, 12.7, 25.3, 60.5, 53.7, 63.4, 90.1, 81.8, 84.7, 67.2, 55.6, 50.1, 47.6, 57.4, 27.7, 48.8, 100.1, 272.5, 275.2, 304.0, 355.4, 359.0, 350.9, 315.0, 336.8, 317.4, 323.6, 85.8, 102.6, 101.3, 69.5, 79.2, 92.1, 97.9, 98.4, 98.8, 108.7, 116.8, 172.6, 175.0, 150.1, 145.5, 154.7, 146.2, 177.7, 150.3, 169.4, 183.5, 218.1, 210.8, 183.6, 144.8, 158.6, 173.5, 211.0, 177.9, 173.0, 201.6, 177.0, 162.2, 190.3, 247.6, 228.8, 181.8, 165.1, 188.5, 199.8, 237.3, 247.1, 271.2, 309.4, 322.7, 317.8, 337.5, 38.8, 120.6, 52.5, 43.8, 95.3, 157.7, 206.1, 237.0, 213.7, 232.6, 255.6, 264.9, 304.4, 334.2, 318.9, 307.5, 279.2, 287.4, 320.2, 264.2, 240.2, 251.6, 306.9, 297.9, 303.2, 290.9, 286.3, 317.5, 284.1, 257.1, 279.7, 345.0, 14.4, 18.7, 20.3, 31.9, 27.0, 33.7, 29.5, 328.5, 309.6, 301.9, 308.9, 212.3, 194.8, 220.7, 192.7, 194.3, 194.8, 230.6, 209.2, 209.2]}}, "geometry": {"type": "LineString", "coordinates": [[6.9, 42.1], [6.96902, 41.92433], [7.16337, 41.71593], [7.12588, 41.594], [7.15881, 41.40256], [7.23331, 41.29873], [7.42371, 41.11048], [7.53426, 40.95223], [7.44669, 40.80708], [7.30145, 40.59442], [7.10262, 40.44939], [7.13157, 40.30138], [7.0604, 40.18001], [7.1713, 39.99688], [7.48514, 39.92841], [7.82918, 39.97802], [7.95556, 39.97013], [8.12024, 40.09419], [8.43285, 40.13804], [8.29636, 40.34008], [8.28772, 40.56791], [8.0822, 40.7648], [7.96429, 40.94439], [7.97327, 41.09877], [7.93245, 41.31858], [8.04121, 41.40891], [8.20895, 41.4186], [8.46879, 41.48028], [8.74242, 41.61594], [8.86114, 41.66831], [8.73364, 41.69488], [8.62178, 41.61407], [8.46381, 41.53528], [8.30759, 41.4], [8.10744, 41.20002], [7.92405, 41.06458], [7.65728, 40.91957], [7.53284, 40.85785], [7.23617, 40.79028], [7.02793, 40.58388], [6.93858, 40.45799], [6.87596, 40.19158], [6.67159, 40.16276], [6.53593, 40.1593], [6.28162, 40.26151], [6.06114, 40.43828], [5.76433, 40.36806], [5.66425, 40.27655], [5.51234, 40.24776], [5.33242, 40.16725], [5.18573, 40.04525], [4.94205, 39.87943], [4.89562, 39.78821], [4.8448, 39.51904], [4.93758, 39.28429], [4.95363, 39.11192], [4.88367, 38.96214], [4.95983, 38.8274], [5.06442, 38.72202], [5.29206, 38.66595], [5.63154, 38.70124], [5.72811, 38.76444], [5.85122, 38.88027], [5.85707, 39.06088], [5.83312, 39.23444], [5.85408, 39.36436], [5.87032, 39.48235], [5.88608, 39.63302], [5.84219, 39.72683], [5.96969, 39.96499], [6.01424, 40.2223], [6.01511, 40.42701], [6.11482, 40.59588], [6.17951, 40.68814], [6.24415, 40.93082], [6.30111, 41.0762], [6.387, 41.34373], [6.49567, 41.42195], [6.63696, 41.50677], [6.89238, 41.57956], [7.12037, 41.61086], [7.40384, 41.56908], [7.69539, 41.48571], [8.02137, 41.44511], [8.23389, 41.49116], [8.55828, 41.59276], [8.66942, 41.65263], [8.79335, 41.8918], [8.48733, 42.01428], [8.38038, 42.08542], [8.2145, 42.20089], [7.92121, 42.32494], [7.82451, 42.42611], [7.62633, 42.573], [7.41185, 42.60831], [7.19234, 42.66623], [6.87614, 42.75425], [6.72715, 42.7759], [6.62155, 43.01798], [6.64209, 43.18129], [6.70876, 43.33033], [6.84526, 43.41692], [6.99705, 43.52124], [7.17402, 43.55892], [7.54439, 43.61397], [7.66006, 43.79818], [7.73238, 43.67218], [7.92401, 43.59269], [8.20354, 43.5025], [8.45835, 43.48577], [8.6894, 43.54551], [8.87999, 43.65639], [9.04039, 43.70496], [9.39472, 43.75744], [9.50404, 43.82766], [9.64778, 43.85664], [9.79545, 43.89305], [9.93521, 43.90278], [9.99458, 44.04905], [10.11787, 44.27245], [9.99003, 44.1482], [9.9015, 44.06423], [9.90295, 43.95634], [9.82924, 43.86066], [9.68029, 43.77856], [9.57591, 43.64048], [9.64505, 43.49773], [9.5165, 43.31743], [9.24808, 43.15553], [9.03958, 42.98595], [9.00796, 42.8619], [8.88553, 42.70885], [8.85069, 42.59483], [8.70077, 42.48227], [8.40168, 42.3116], [8.16908, 42.16099], [7.89516, 42.08591], [7.57749, 42.09594], [7.26324, 42.07167], [6.90773, 42.05262], [6.62545, 41.91258], [6.38415, 41.91959], [6.10296, 41.95749], [5.99766, 42.01705], [5.6933, 41.94624], [5.44178, 41.87802], [5.10039, 41.82924], [4.76169, 41.77143], [4.46993, 41.69124], [4.36039, 41.60496], [4.25525, 41.37488], [4.38875, 41.13547], [4.31067, 40.87966], [4.30485, 40.71475], [4.4126, 40.58472], [4.42943, 40.4213], [4.42306, 40.19093], [4.50697, 40.08435], [4.81123, 40.05603], [5.05422, 40.06582], [5.38533, 40.07445], [5.70104, 40.16576], [5.81531, 40.36722], [5.82105, 40.46787], [5.87605, 40.73811], [5.92624, 40.83027], [6.1106, 40.76663], [6.46677, 40.71229], [6.65044, 40.74196], [6.80574, 40.92043], [6.8215, 41.02091], [6.84597, 41.15446], [6.95447, 41.24411], [6.98074, 41.3597], [7.0429, 41.45629], [7.06131, 41.6385], [7.07954, 41.78976], [7.28356, 41.92166], [7.52806, 41.88701], [7.72201, 41.80582], [7.97288, 41.80189], [8.17457, 41.86894], [8.5329, 41.93817], [8.71714, 42.02242], [8.58976, 41.93459], [8.4831, 41.81089], [8.35049, 41.56127], [8.28699, 41.34889], [8.27065, 41.15114], [8.22942, 41.01264], [8.20458, 40.90915], [8.15087, 40.67299], [8.09787, 40.54302], [8.07306, 40.3697], [8.01275, 40.10808], [8.10314, 39.95395], [8.3371, 40.00337], [8.4513, 39.82654], [8.54969, 39.7595], [8.61749, 39.66376], [8.85449, 39.45117], [8.91369, 39.36378], [9.07693, 39.24749], [9.31751, 39.22942], [9.11648, 39.28941], [8.93444, 39.43714], [8.87795, 39.29893], [8.57017, 39.16671], [8.43513, 39.13211], [8.22197, 39.10769], [7.95969, 39.08593], [7.8038, 39.07627], [7.60813, 39.00781], [7.42258, 38.94383], [7.10322, 38.93226], [6.8671, 38.82421], [6.7572, 38.70874], [6.526, 38.63429], [6.36074, 38.41792], [6.11726, 38.39838], [5.80264, 38.40302], [5.50758, 38.3671], [5.21083, 38.40703], [4.97665, 38.3621], [4.69604, 38.42439], [4.44122, 38.5306], [4.34256, 38.67376], [4.20146, 38.7506], [4.10709, 38.96625], [4.24294, 39.15841], [4.32025, 39.29387], [4.43759, 39.40717], [4.45646, 39.53818], [4.55844, 39.6607], [4.62933, 39.92525], [4.75695, 40.07029], [4.89432, 40.28694], [4.915, 40.38955], [5.08396, 40.62128], [5.25696, 40.85153], [5.36907, 40.97347], [5.4908, 41.16518], [5.6611, 41.21909], [5.93095, 41.27548], [6.04765, 41.34074], [6.33875, 41.43289], [6.44435, 41.65609], [6.56257, 41.7125], [6.71517, 41.81262], [6.77337, 41.93767], [6.79223, 42.14948], [6.85599, 42.42497], [7.00557, 42.62567], [7.05433, 42.71923], [6.94322, 42.86349], [6.93358, 43.00159], [6.90092, 43.10015], [6.71214, 43.11268], [6.36733, 43.20991], [6.13466, 43.14025], [5.81559, 43.07586], [5.56199, 43.02415], [5.24395, 43.01563], [5.04666, 43.0209], [4.74602, 42.93712], [4.49923, 42.94213], [4.29394, 42.88404], [4.22349, 42.794], [4.08349, 42.56277], [3.96679, 42.37203], [3.8325, 42.20928], [3.67431, 42.1798], [3.39121, 42.29831], [3.26797, 42.34438], [2.96246, 42.41411], [2.86764, 42.57617], [2.99113, 42.79364], [3.04322, 42.91242], [3.16833, 43.06058], [3.39524, 43.11633], [3.53968, 43.25427], [3.6581, 43.31883], [3.84385, 43.31966], [4.17845, 43.26809], [4.34209, 43.24306], [4.69143, 43.17185], [4.88577, 42.9814], [4.99849, 42.75853], [5.06607, 42.6403], [5.21488, 42.47056], [5.24155, 42.3446], [5.0957, 42.2682], [5.01134, 42.05593], [5.1612, 41.89849], [5.11923, 41.77931], [4.97038, 41.7091], [4.7696, 41.74504], [4.52548, 41.87321], [4.36872, 41.94668], [4.06912, 41.99124], [3.77034, 42.10518], [3.6189, 42.30573], [3.64085, 42.4874], [3.77778, 42.67969], [4.11606, 42.71406], [4.32679, 42.80533], [4.61257, 42.98964], [4.83344, 43.19328], [5.18868, 43.2791], [5.31139, 43.2271], [5.53971, 43.08055], [5.6982, 42.84637], [5.77546, 42.64586], [5.92256, 42.561], [6.26245, 42.48668], [6.53942, 42.34446], [6.64853, 42.23532], [6.80596, 42.13945], [6.96971, 42.07456], [7.13808, 41.98345], [7.341, 41.89382], [7.47488, 41.85618], [7.70032, 41.74045], [7.77984, 41.58451], [7.75296, 41.47229], [7.63726, 41.3393], [7.49597, 41.14115], [7.40334, 41.07095], [7.29403, 40.93072], [7.09245, 40.89161], [6.77248, 40.91188], [6.70105, 40.81893], [6.47615, 40.67026], [6.51788, 40.47277], [6.60275, 40.22268], [6.69399, 40.03306], [6.78525, 39.94404], [6.82252, 39.8034], [7.11856, 39.66058], [7.40594, 39.52523], [7.53837, 39.46039], [7.75095, 39.36482], [7.86529, 39.26587], [8.01122, 39.18139], [8.09895, 39.09768], [8.20239, 39.00539], [8.40494, 38.77449], [8.59321, 38.6576], [8.58412, 38.50016], [8.51752, 38.39875], [8.29428, 38.28829], [8.13999, 38.26751], [7.86905, 38.26817], [7.74759, 38.19657], [7.53882, 38.28173], [7.35118, 38.45449], [7.22672, 38.527], [7.02219, 38.57683], [6.7493, 38.63501], [6.39579, 38.62984], [6.27592, 38.77634], [6.25475, 38.93436], [6.24265, 39.10693], [6.19969, 39.22886], [6.18303, 39.37908], [6.07084, 39.46448], [5.99421, 39.6685], [5.87486, 39.75398], [5.63443, 39.7752], [5.49022, 39.82204], [5.26629, 39.9418], [5.00312, 40.09507], [4.73619, 40.254], [4.71361, 40.3678], [4.63414, 40.55876], [4.37157, 40.63153], [4.15789, 40.40383], [4.03851, 40.21957], [4.03983, 40.06807], [4.2225, 39.97709], [4.31603, 39.85747], [4.43707, 39.78676], [4.7093, 39.7007], [4.99489, 39.53451], [5.2451, 39.44164], [5.21038, 39.32386], [5.11642, 39.21924], [5.13364, 39.09865], [5.09542, 38.98186], [4.97726, 38.72494], [4.77023, 38.51528], [4.63838, 38.5012], [4.49225, 38.61069], [4.30229, 38.83776], [4.0554, 39.00005], [3.90814, 39.12352], [3.89241, 39.25319], [3.85869, 39.41504], [3.94116, 39.68216], [4.03119, 39.76509], [4.36831, 39.87006], [4.41305, 40.13222], [4.41053, 40.25767], [4.5697, 40.39251], [4.6028, 40.61027], [4.8719, 40.73505], [4.88665, 40.85091], [4.99933, 41.09805], [5.14872, 41.34789], [5.26323, 41.53873], [5.34983, 41.70274], [5.59501, 41.85505], [5.81695, 41.94901], [6.02485, 42.17801], [6.22493, 42.29162], [6.40564, 42.35895], [6.58097, 42.44182], [6.76374, 42.5588], [6.83021, 42.6574], [6.83449, 42.92597], [6.64835, 43.07737], [6.39698, 43.18753], [6.2949, 43.04583], [6.3157, 42.91061], [6.45925, 42.69733], [6.4009, 42.49136], [6.33545, 42.30397], [6.17098, 42.35726], [5.87942, 42.29373], [5.6637, 42.06687], [5.35328, 42.07622], [5.19369, 41.9965], [5.0097, 41.96056], [4.8522, 41.86456], [4.81336, 41.69064], [4.82097, 41.54364], [4.7627, 41.37165], [4.86518, 41.22357], [5.03145, 41.18355], [5.32551, 41.04678], [5.38206, 40.87031], [5.3196, 40.67738], [5.27321, 40.57715], [4.95795, 40.45145], [4.73153, 40.41272], [4.50065, 40.37845], [4.25705, 40.24901], [4.17057, 40.12976], [4.0896, 40.01696], [3.86573, 39.81235], [3.60606, 39.64243], [3.44061, 39.46235], [3.60089, 39.26152], [3.63097, 39.11912], [3.67142, 38.92529], [3.78254, 38.81259], [4.00891, 38.66208], [4.19739, 38.78623], [4.21846, 38.9935], [4.18593, 39.22789], [4.04584, 39.36899], [3.90986, 39.47985], [3.67152, 39.48287], [3.46117, 39.47437], [3.46547, 39.26999], [3.57845, 39.01968], [3.67032, 38.86228], [3.84037, 38.71035], [4.13414, 38.64449], [4.40966, 38.61149], [4.59236, 38.62086], [4.83364, 38.69903], [4.92009, 38.92018], [5.15903, 39.00179], [5.28163, 39.0261], [5.48685, 39.07669], [5.62031, 38.97842], [5.76624, 38.92984], [6.08956, 39.04269], [6.42881, 39.1308], [6.72223, 39.24424], [6.75008, 39.35706], [6.8815, 39.56926], [6.82612, 39.7379], [6.6472, 39.83336], [6.33967, 39.97106], [6.00514, 40.06281], [5.83959, 40.21505], [5.76614, 40.37413], [5.64112, 40.53013], [5.75943, 40.76271], [5.82805, 40.92475], [5.84798, 41.11455], [5.89871, 41.28336], [5.96769, 41.39282], [6.10471, 41.45081], [6.30725, 41.56191], [6.52014, 41.6414], [6.79897, 41.64065], [7.0065, 41.66287], [7.32268, 41.68428], [7.60712, 41.77294], [7.72142, 41.83128], [7.89346, 41.93816], [8.06383, 42.05336], [8.17995, 42.10833], [8.299, 42.27583], [8.44925, 42.37304], [8.63493, 42.34839], [8.36443, 42.35688], [8.22642, 42.36607], [8.0478, 42.45494], [8.02102, 42.69896], [8.01691, 42.87632], [7.97854, 43.05218], [7.86644, 43.1339], [7.7417, 43.34522], [7.48503, 43.54694], [7.3321, 43.69698], [7.6649, 43.71436], [7.98194, 43.66252], [8.15338, 43.63753], [8.4542, 43.71858], [8.66022, 43.74682], [9.04154, 43.73586], [9.26071, 43.7137], [9.43117, 43.69541], [9.62548, 43.6735], [9.95523, 43.59219], [10.29203, 43.46823], [10.31939, 43.31532], [10.33593, 43.17618], [10.43196, 43.05417], [10.59236, 42.88293], [10.67727, 42.75081], [10.85679, 42.55339], [10.86596, 42.38604], [10.97299, 42.24718], [11.02606, 42.03646], [11.01363, 41.88395], [10.93115, 41.8055], [10.81566, 41.66077], [10.80302, 41.51096], [10.92337, 41.38271], [11.01496, 41.20679], [11.03406, 41.07957], [10.88047, 40.88616], [10.8911, 40.66089], [10.93598, 40.38302], [10.80116, 40.1229], [10.81457, 39.92925], [10.89577, 39.7345], [10.86302, 39.59626], [10.5555, 39.49802], [10.40653, 39.39711], [10.40239, 39.29625], [10.47479, 39.08477], [10.42495, 38.82423], [10.37732, 38.72109], [10.10491, 38.5839], [9.81619, 38.48808], [9.52506, 38.49238], [9.40054, 38.57235], [9.19342, 38.78418], [9.0652, 38.8941], [9.00387, 39.00904], [9.11173, 39.11306], [9.35808, 38.99938], [9.59088, 39.1378], [9.83045, 39.33049], [10.15005, 39.30719], [10.2691, 39.08217], [10.12758, 38.85733], [9.89936, 38.74145], [9.72376, 38.53555], [9.48023, 38.38944], [9.27511, 38.34797], [9.01058, 38.32909], [8.71632, 38.48665], [8.6193, 38.64354], [8.53435, 38.71936], [8.36786, 38.81869], [8.0795, 38.85475], [7.88559, 38.90193], [7.79382, 38.98738], [7.57565, 38.96998], [7.31654, 38.85421], [7.03296, 38.78023], [6.77462, 38.93085], [6.55993, 39.01891], [6.28258, 39.15912], [6.13837, 39.20167], [5.87421, 39.2613], [5.78842, 39.33361], [5.56308, 39.37709], [5.28175, 39.32697], [4.96322, 39.36882], [4.89133, 39.57607], [4.94962, 39.75074], [5.04665, 39.96978], [5.10135, 40.08267], [5.19571, 40.19859], [5.31497, 40.37659], [5.4602, 40.54179], [5.57126, 40.6905], [5.40247, 40.89834], [5.1998, 41.02456], [4.93858, 41.1467], [4.68376, 41.30085], [4.53492, 41.12367], [4.49342, 41.00474], [4.36408, 40.8911], [4.29561, 40.66032], [4.20792, 40.39745], [4.17353, 40.29834], [4.05552, 40.22432], [3.91204, 40.02791]]}}, {"type": "Feature", "properties": {"type": "track", "placeholder": true, "whale_id": "MED-07", "species": "Fin whale", "segment_name": "MED-07 (Fin whale)", "start_time": "2022-08-14T00:00:00Z", "end_time": "2022-11-25T00:00:00Z", "track_days": 103, "home_range_km": 280, "animation_mode": "uniform", "coordinateProperties": {"times": [1660435200000, 1660456800000, 1660478400000, 1660500000000, 1660521600000, 1660543200000, 1660564800000, 1660586400000, 1660608000000, 1660629600000, 1660651200000, 1660672800000, 1660694400000, 1660716000000, 1660737600000, 1660759200000, 1660780800000, 1660802400000, 1660824000000, 1660845600000, 1660867200000, 1660888800000, 1660910400000, 1660932000000, 1660953600000, 1660975200000, 1660996800000, 1661018400000, 1661040000000, 1661061600000, 1661083200000, 1661104800000, 1661126400000, 1661148000000, 1661169600000, 1661191200000, 1661212800000, 1661234400000, 1661256000000, 1661277600000, 1661299200000, 1661320800000, 1661342400000, 1661364000000, 1661385600000, 1661407200000, 1661428800000, 1661450400000, 1661472000000, 1661493600000, 1661515200000, 1661536800000, 1661558400000, 1661580000000, 1661601600000, 1661623200000, 1661644800000, 1661666400000, 1661688000000, 1661709600000, 1661731200000, 1661752800000, 1661774400000, 1661796000000, 1661817600000, 1661839200000, 1661860800000, 1661882400000, 1661904000000, 1661925600000, 1661947200000, 1661968800000, 1661990400000, 1662012000000, 1662033600000, 1662055200000, 1662076800000, 1662098400000, 1662120000000, 1662141600000, 1662163200000, 1662184800000, 1662206400000, 1662228000000, 1662249600000, 1662271200000, 1662292800000, 1662314400000, 1662336000000, 1662357600000, 1662379200000, 1662400800000, 1662422400000, 1662444000000, 1662465600000, 1662487200000, 1662508800000, 1662530400000, 1662552000000, 1662573600000, 1662595200000, 1662616800000, 1662638400000, 1662660000000, 1662681600000, 1662703200000, 1662724800000, 1662746400000, 1662768000000, 1662789600000, 1662811200000, 1662832800000, 1662854400000, 1662876000000, 1662897600000, 1662919200000, 1662940800000, 1662962400000, 1662984000000, 1663005600000, 1663027200000, 1663048800000, 1663070400000, 1663092000000, 1663113600000, 1663135200000, 1663156800000, 1663178400000, 1663200000000, 1663221600000, 1663243200000, 1663264800000, 1663286400000, 1663308000000, 1663329600000, 1663351200000, 1663372800000, 1663394400000, 1663416000000, 1663437600000, 1663459200000, 1663480800000, 1663502400000, 1663524000000, 1663545600000, 1663567200000, 1663588800000, 1663610400000, 1663632000000, 1663653600000, 1663675200000, 1663696800000, 1663718400000, 1663740000000, 1663761600000, 1663783200000, 1663804800000, 1663826400000, 1663848000000, 1663869600000, 1663891200000, 1663912800000, 1663934400000, 1663956000000, 1663977600000, 1663999200000, 1664020800000, 1664042400000, 1664064000000, 1664085600000, 1664107200000, 1664128800000, 1664150400000, 1664172000000, 1664193600000, 1664215200000, 1664236800000, 1664258400000, 1664280000000, 1664301600000, 1664323200000, 1664344800000, 1664366400000, 1664388000000, 1664409600000, 1664431200000, 1664452800000, 1664474400000, 1664496000000, 1664517600000, 1664539200000, 1664560800000, 1664582400000, 1664604000000, 1664625600000, 1664647200000, 1664668800000, 1664690400000, 1664712000000, 1664733600000, 1664755200000, 1664776800000, 1664798400000, 1664820000000, 1664841600000, 1664863200000, 1664884800000, 1664906400000, 1664928000000, 1664949600000, 1664971200000, 1664992800000, 1665014400000, 1665036000000, 1665057600000, 1665079200000, 1665100800000, 1665122400000, 1665144000000, 1665165600000, 1665187200000, 1665208800000, 1665230400000, 1665252000000, 1665273600000, 1665295200000, 1665316800000, 1665338400000, 1665360000000, 1665381600000, 1665403200000, 1665424800000, 1665446400000, 1665468000000, 1665489600000, 1665511200000, 1665532800000, 1665554400000, 1665576000000, 1665597600000, 1665619200000, 1665640800000, 1665662400000, 1665684000000, 1665705600000, 1665727200000, 1665748800000, 1665770400000, 1665792000000, 1665813600000, 1665835200000, 1665856800000, 1665878400000, 1665900000000, 1665921600000, 1665943200000, 1665964800000, 1665986400000, 1666008000000, 1666029600000, 1666051200000, 1666072800000, 1666094400000, 1666116000000, 1666137600000, 1666159200000, 1666180800000, 1666202400000, 1666224000000, 1666245600000, 1666267200000, 1666288800000, 1666310400000, 1666332000000, 1666353600000, 1666375200000, 1666396800000, 1666418400000, 1666440000000, 1666461600000, 1666483200000, 1666504800000, 1666526400000, 1666548000000, 1666569600000, 1666591200000, 1666612800000, 1666634400000, 1666656000000, 1666677600000, 1666699200000, 1666720800000, 1666742400000, 1666764000000, 1666785600000, 1666807200000, 1666828800000, 1666850400000, 1666872000000, 1666893600000, 1666915200000, 1666936800000, 1666958400000, 1666980000000, 1667001600000, 1667023200000, 1667044800000, 1667066400000, 1667088000000, 1667109600000, 1667131200000, 1667152800000, 1667174400000, 1667196000000, 1667217600000, 1667239200000, 1667260800000, 1667282400000, 1667304000000, 1667325600000, 1667347200000, 1667368800000, 1667390400000, 1667412000000, 1667433600000, 1667455200000, 1667476800000, 1667498400000, 1667520000000, 1667541600000, 1667563200000, 1667584800000, 1667606400000, 1667628000000, 1667649600000, 1667671200000, 1667692800000, 1667714400000, 1667736000000, 1667757600000, 1667779200000, 1667800800000, 1667822400000, 1667844000000, 1667865600000, 1667887200000, 1667908800000, 1667930400000, 1667952000000, 1667973600000, 1667995200000, 1668016800000, 1668038400000, 1668060000000, 1668081600000, 1668103200000, 1668124800000, 1668146400000, 1668168000000, 1668189600000, 1668211200000, 1668232800000, 1668254400000, 1668276000000, 1668297600000, 1668319200000, 1668340800000, 1668362400000, 1668384000000, 1668405600000, 1668427200000, 1668448800000, 1668470400000, 1668492000000, 1668513600000, 1668535200000, 1668556800000, 1668578400000, 1668600000000, 1668621600000, 1668643200000, 1668664800000, 1668686400000, 1668708000000, 1668729600000, 1668751200000, 1668772800000, 1668794400000, 1668816000000, 1668837600000, 1668859200000, 1668880800000, 1668902400000, 1668924000000, 1668945600000, 1668967200000, 1668988800000, 1669010400000, 1669032000000, 1669053600000, 1669075200000, 1669096800000, 1669118400000, 1669140000000, 1669161600000, 1669183200000, 1669204800000, 1669226400000, 1669248000000, 1669269600000, 1669291200000, 1669312800000, 1669334400000], "courses": [24.7, 345.2, 350.7, 281.1, 283.0, 253.5, 229.8, 176.9, 149.2, 202.6, 221.4, 215.5, 258.6, 279.9, 265.0, 278.5, 223.4, 71.7, 97.6, 68.4, 64.2, 31.5, 356.0, 349.7, 269.5, 209.4, 234.2, 253.2, 191.5, 92.6, 112.0, 85.3, 49.2, 63.9, 25.2, 66.0, 99.3, 101.5, 74.5, 91.3, 90.8, 78.8, 153.7, 127.2, 119.6, 144.5, 95.3, 66.0, 73.4, 54.2, 57.6, 26.9, 45.8, 60.4, 51.9, 111.2, 112.4, 113.0, 44.3, 356.8, 344.8, 308.5, 291.1, 293.2, 280.8, 326.8, 338.8, 340.9, 327.4, 317.2, 4.3, 62.3, 74.9, 80.3, 92.4, 80.0, 120.1, 165.2, 178.6, 170.4, 194.4, 204.4, 247.6, 209.6, 201.4, 193.6, 197.7, 174.2, 160.6, 163.4, 157.3, 199.4, 200.4, 212.2, 144.8, 133.1, 139.3, 94.6, 59.8, 14.7, 342.5, 312.9, 325.4, 328.6, 283.0, 298.0, 299.2, 324.9, 294.0, 312.6, 2.9, 338.4, 7.6, 346.3, 323.5, 354.8, 297.0, 295.2, 284.2, 305.9, 288.8, 277.3, 122.8, 128.4, 136.8, 156.8, 168.9, 159.7, 200.3, 201.2, 213.2, 179.0, 199.1, 208.5, 202.3, 223.5, 269.0, 240.7, 230.3, 231.2, 264.2, 329.4, 339.8, 337.6, 331.1, 353.0, 319.0, 341.6, 346.0, 35.3, 67.3, 68.9, 24.2, 76.8, 104.8, 85.7, 83.5, 112.3, 102.6, 37.9, 41.0, 0.1, 344.0, 17.8, 20.9, 37.3, 50.3, 58.8, 64.9, 83.9, 88.8, 128.1, 142.3, 151.2, 168.7, 156.2, 128.3, 169.9, 224.9, 244.4, 244.4, 241.7, 240.5, 253.0, 285.9, 297.9, 308.8, 278.0, 321.9, 282.8, 292.3, 297.7, 260.8, 260.5, 230.3, 198.7, 168.8, 160.4, 145.1, 152.2, 170.2, 218.6, 201.3, 219.4, 223.0, 228.0, 252.7, 266.5, 244.7, 128.1, 101.0, 142.5, 163.5, 180.4, 157.9, 170.8, 153.3, 165.2, 121.9, 162.3, 155.6, 103.9, 55.8, 60.1, 52.4, 83.3, 73.9, 97.6, 193.2, 254.8, 299.2, 15.4, 337.2, 351.6, 320.2, 326.0, 335.5, 326.4, 317.6, 316.8, 354.4, 4.7, 9.4, 62.1, 46.0, 19.7, 342.9, 346.5, 36.7, 39.6, 17.1, 20.0, 27.0, 24.5, 12.7, 17.0, 54.8, 33.7, 351.4, 3.6, 81.3, 82.1, 143.9, 109.1, 136.8, 173.9, 150.4, 176.4, 197.6, 166.8, 180.4, 156.9, 166.5, 171.9, 196.6, 246.2, 211.1, 204.6, 216.4, 220.1, 211.5, 185.0, 166.4, 159.3, 138.6, 174.6, 107.2, 103.7, 64.1, 350.1, 4.5, 2.7, 350.9, 43.5, 37.6, 43.4, 36.7, 349.2, 336.6, 9.4, 15.1, 9.0, 340.3, 335.7, 312.0, 318.0, 44.7, 34.2, 357.0, 344.1, 306.4, 353.2, 346.0, 36.1, 22.2, 4.7, 330.9, 310.1, 256.8, 238.9, 256.3, 255.6, 274.8, 313.4, 64.1, 55.6, 76.2, 52.3, 101.2, 123.1, 166.9, 129.6, 101.1, 119.2, 166.9, 186.8, 184.5, 177.9, 186.2, 183.5, 222.9, 220.4, 262.9, 265.4, 251.4, 270.2, 279.7, 305.2, 293.3, 328.6, 347.0, 337.5, 313.7, 355.4, 107.4, 113.9, 110.8, 218.6, 315.2, 299.1, 185.7, 185.6, 186.0, 219.6, 230.9, 282.4, 183.1, 133.5, 149.8, 176.2, 162.4, 156.6, 210.5, 196.2, 214.4, 192.2, 155.4, 127.7, 138.0, 148.0, 142.4, 151.4, 117.7, 102.6, 106.7, 117.8, 108.7, 127.2, 94.5, 51.5, 34.4, 335.6, 333.8, 338.2, 314.9, 321.3, 333.3, 303.6, 22.4, 3.1, 27.2, 41.0, 35.0, 26.5, 41.9, 70.8, 65.3, 69.2, 56.4, 350.2, 340.1, 318.4, 318.4]}}, "geometry": {"type": "LineString", "coordinates": [[1.8, 39.9], [1.87866, 40.03091], [1.7892, 40.28893], [1.75341, 40.4545], [1.53689, 40.48666], [1.23978, 40.53833], [1.11626, 40.51043], [1.01362, 40.44449], [1.02883, 40.23174], [1.13129, 40.10021], [1.00145, 39.86123], [0.80145, 39.6867], [0.59092, 39.45843], [0.38387, 39.42587], [0.08246, 39.46599], [-0.15966, 39.44922], [-0.38775, 39.47528], [-0.52598, 39.36214], [-0.39835, 39.3947], [-0.12866, 39.36647], [0.13283, 39.44609], [0.2986, 39.50769], [0.36612, 39.59243], [0.34951, 39.77304], [0.32105, 39.89346], [0.03596, 39.89102], [-0.09525, 39.71156], [-0.27847, 39.60954], [-0.44632, 39.57025], [-0.50126, 39.36106], [-0.14979, 39.34806], [0.04435, 39.2873], [0.18561, 39.29616], [0.45137, 39.47271], [0.74009, 39.5815], [0.79668, 39.67403], [0.94858, 39.72604], [1.09029, 39.70804], [1.23889, 39.68464], [1.41744, 39.72265], [1.6692, 39.71786], [2.017, 39.71344], [2.3325, 39.76123], [2.39493, 39.66388], [2.5481, 39.57405], [2.76029, 39.48088], [2.84387, 39.39021], [3.11125, 39.37073], [3.39691, 39.46861], [3.60943, 39.51735], [3.75222, 39.59653], [4.00498, 39.71959], [4.11296, 39.88262], [4.25887, 39.99129], [4.50811, 40.09918], [4.6691, 40.19566], [4.86107, 40.13866], [5.06547, 40.07393], [5.35325, 39.97983], [5.53704, 40.12349], [5.51913, 40.36673], [5.44643, 40.57034], [5.22788, 40.70211], [4.95679, 40.781], [4.72103, 40.85705], [4.4222, 40.8997], [4.27826, 41.06569], [4.21825, 41.18222], [4.17444, 41.27705], [4.01522, 41.46382], [3.78815, 41.64679], [3.81, 41.86406], [3.97769, 41.92933], [4.15584, 41.96487], [4.40257, 41.99591], [4.56962, 41.99069], [4.86459, 42.02883], [5.18097, 41.89195], [5.22886, 41.75639], [5.23736, 41.49675], [5.28279, 41.29569], [5.24466, 41.18396], [5.13322, 40.99846], [4.88124, 40.91969], [4.8101, 40.82476], [4.687, 40.58654], [4.61274, 40.35347], [4.55458, 40.21409], [4.57715, 40.04462], [4.69276, 39.79226], [4.76729, 39.59947], [4.84883, 39.44904], [4.7311, 39.19058], [4.68654, 39.09774], [4.55083, 38.93019], [4.68582, 38.78098], [4.8974, 38.62599], [5.03245, 38.50322], [5.19633, 38.49276], [5.46699, 38.6153], [5.53317, 38.8112], [5.48516, 38.92966], [5.28647, 39.0729], [5.20214, 39.16753], [5.01919, 39.39937], [4.76401, 39.44452], [4.57574, 39.5216], [4.33332, 39.62591], [4.12615, 39.85195], [3.83207, 39.95209], [3.70696, 40.04006], [3.71928, 40.22456], [3.61394, 40.42746], [3.64969, 40.63006], [3.58549, 40.82915], [3.46868, 40.94836], [3.45308, 41.07706], [3.28537, 41.14136], [2.98969, 41.24544], [2.78211, 41.28461], [2.57566, 41.39673], [2.27656, 41.47261], [2.02735, 41.49609], [2.20759, 41.40873], [2.4302, 41.27602], [2.52111, 41.20326], [2.63231, 41.00771], [2.67759, 40.83256], [2.75224, 40.6796], [2.62635, 40.42066], [2.5308, 40.2325], [2.39449, 40.07277], [2.39723, 39.95217], [2.30949, 39.75718], [2.2466, 39.66798], [2.17889, 39.54051], [2.0551, 39.43968], [1.7381, 39.43501], [1.56833, 39.36132], [1.46876, 39.29729], [1.35727, 39.2278], [1.07174, 39.20511], [0.97839, 39.32717], [0.89569, 39.50077], [0.8026, 39.67439], [0.68806, 39.83351], [0.65902, 40.01476], [0.52632, 40.13139], [0.48287, 40.23114], [0.44222, 40.35565], [0.56115, 40.48334], [0.76217, 40.54713], [1.02594, 40.62408], [1.09416, 40.73883], [1.38883, 40.79061], [1.56256, 40.75579], [1.7787, 40.76802], [1.98975, 40.78607], [2.27441, 40.69725], [2.43527, 40.66994], [2.59435, 40.82438], [2.80299, 41.00511], [2.80315, 41.14239], [2.73578, 41.3183], [2.79808, 41.46387], [2.8454, 41.55654], [3.03483, 41.74185], [3.28418, 41.89582], [3.42593, 41.95963], [3.73592, 42.06719], [3.96116, 42.08488], [4.32679, 42.08999], [4.50856, 41.98405], [4.71554, 41.7839], [4.85555, 41.59368], [4.91861, 41.35645], [4.99052, 41.23353], [5.1326, 41.14886], [5.18716, 40.91804], [4.94711, 40.73535], [4.61835, 40.61508], [4.49263, 40.56925], [4.3674, 40.51785], [4.15916, 40.42781], [3.99456, 40.38933], [3.67851, 40.45762], [3.3618, 40.58462], [3.09731, 40.74554], [2.8136, 40.77553], [2.5921, 40.98847], [2.33751, 41.03173], [2.07391, 41.11303], [1.89222, 41.18466], [1.52855, 41.13975], [1.18283, 41.09572], [1.01666, 40.99129], [0.96038, 40.86584], [1.00314, 40.70155], [1.12461, 40.44124], [1.19844, 40.36064], [1.32317, 40.17981], [1.37438, 39.95181], [1.15184, 39.73746], [1.0806, 39.59666], [0.9649, 39.48777], [0.76185, 39.31893], [0.57174, 39.18611], [0.26437, 39.11124], [0.03621, 39.10019], [-0.1652, 39.02606], [0.0381, 38.90163], [0.25259, 38.86897], [0.42022, 38.69806], [0.5173, 38.44153], [0.51519, 38.17845], [0.6241, 37.96691], [0.67849, 37.70215], [0.78488, 37.53402], [0.85004, 37.33729], [1.06266, 37.23189], [1.11471, 37.10187], [1.2195, 36.91748], [1.46971, 36.86782], [1.75044, 37.01969], [1.95537, 37.11359], [2.11942, 37.2141], [2.44011, 37.24354], [2.76022, 37.31638], [3.08172, 37.28182], [3.03272, 37.11518], [2.72773, 37.04848], [2.60139, 37.10483], [2.67181, 37.30832], [2.59032, 37.46245], [2.53977, 37.73304], [2.45844, 37.81006], [2.27099, 38.02912], [2.18151, 38.18331], [1.99703, 38.40051], [1.78645, 38.58075], [1.61998, 38.71906], [1.60548, 38.83492], [1.616, 38.93416], [1.65431, 39.1132], [1.879, 39.20535], [2.01188, 39.30445], [2.07854, 39.4479], [2.01366, 39.61032], [1.94545, 39.82807], [2.06833, 39.95415], [2.24648, 40.11872], [2.31036, 40.27721], [2.40765, 40.48047], [2.51142, 40.63511], [2.62784, 40.8282], [2.67292, 40.97981], [2.73735, 41.13855], [3.01333, 41.28478], [3.13899, 41.42583], [3.09569, 41.64014], [3.11014, 41.81361], [3.29466, 41.83462], [3.45634, 41.85116], [3.63648, 41.66647], [3.95656, 41.58303], [4.11934, 41.45283], [4.14209, 41.29223], [4.3219, 41.05387], [4.34324, 40.80062], [4.25995, 40.60131], [4.32959, 40.37578], [4.32867, 40.2618], [4.39938, 40.13483], [4.46696, 39.91974], [4.5145, 39.66178], [4.42809, 39.43736], [4.199, 39.35909], [4.01552, 39.12325], [3.94853, 39.00951], [3.77485, 38.82574], [3.6287, 38.69038], [3.46317, 38.47896], [3.44746, 38.33683], [3.51835, 38.10559], [3.61903, 37.89576], [3.84975, 37.68839], [3.86439, 37.56585], [4.19342, 37.48471], [4.3612, 37.45212], [4.60817, 37.547], [4.58239, 37.66419], [4.60881, 37.92741], [4.61491, 38.02785], [4.58926, 38.15433], [4.72677, 38.26816], [4.8887, 38.4326], [5.03052, 38.54985], [5.17191, 38.69766], [5.14196, 38.81973], [5.07257, 38.94445], [5.11087, 39.12332], [5.19694, 39.37028], [5.23024, 39.53303], [5.1482, 39.70921], [5.02393, 39.92037], [4.84812, 40.04147], [4.69243, 40.17363], [4.9508, 40.37256], [5.0294, 40.46065], [5.02261, 40.55984], [4.96442, 40.71512], [4.66708, 40.88039], [4.63095, 41.10723], [4.54253, 41.3729], [4.65461, 41.48784], [4.74378, 41.65143], [4.75773, 41.77723], [4.62977, 41.94816], [4.34265, 42.12692], [3.9769, 42.0625], [3.78053, 41.97421], [3.63143, 41.94714], [3.39167, 41.90093], [3.15353, 41.91553], [2.94032, 42.06525], [3.1728, 42.14857], [3.31162, 42.21893], [3.63975, 42.27792], [3.86487, 42.40618], [4.01143, 42.3846], [4.28798, 42.25062], [4.33026, 42.11535], [4.47729, 42.02503], [4.61589, 42.00474], [4.89017, 41.89008], [4.93057, 41.76075], [4.88849, 41.49742], [4.86721, 41.29293], [4.87313, 41.17104], [4.84474, 40.97292], [4.82891, 40.77582], [4.62399, 40.60851], [4.4075, 40.4143], [4.13311, 40.38782], [3.83001, 40.36902], [3.62891, 40.31725], [3.41535, 40.31756], [3.23475, 40.34094], [3.015, 40.45879], [2.75925, 40.54223], [2.62332, 40.71085], [2.55665, 40.92899], [2.42256, 41.1729], [2.19651, 41.33465], [2.17802, 41.50703], [2.37938, 41.45949], [2.53081, 41.40917], [2.76271, 41.3427], [2.62719, 41.21508], [2.36869, 41.41032], [2.11322, 41.51665], [2.09634, 41.39034], [2.07192, 41.20179], [2.03797, 40.95707], [1.83114, 40.7674], [1.58342, 40.61421], [1.37208, 40.64913], [1.35518, 40.41247], [1.47603, 40.32488], [1.60165, 40.15995], [1.62277, 39.91703], [1.72179, 39.67731], [1.8231, 39.49621], [1.68924, 39.32007], [1.63589, 39.17756], [1.54595, 39.07552], [1.49948, 38.90865], [1.63838, 38.67127], [1.8323, 38.55389], [1.98668, 38.41945], [2.13044, 38.23834], [2.27117, 38.09451], [2.39755, 37.9112], [2.58585, 37.83282], [2.71015, 37.81085], [3.0034, 37.74093], [3.27368, 37.62779], [3.55633, 37.55161], [3.82435, 37.38984], [4.16235, 37.36834], [4.32147, 37.46872], [4.41589, 37.57782], [4.34594, 37.6997], [4.25258, 37.84936], [4.13416, 38.0818], [3.91171, 38.25591], [3.81744, 38.34801], [3.73575, 38.47489], [3.57319, 38.55937], [3.65992, 38.72384], [3.66989, 38.86908], [3.7955, 39.05873], [3.9934, 39.23464], [4.09514, 39.3468], [4.21104, 39.5264], [4.34782, 39.64371], [4.67953, 39.73183], [4.83983, 39.78832], [5.11295, 39.86756], [5.40518, 40.0157], [5.3674, 40.18233], [5.25866, 40.41067], [5.12941, 40.52137]]}}, {"type": "Feature", "properties": {"type": "track", "placeholder": true, "whale_id": "MED-08", "species": "Sperm whale", "segment_name": "MED-08 (Sperm whale)", "start_time": "2023-02-26T00:00:00Z", "end_time": "2023-06-25T00:00:00Z", "track_days": 119, "home_range_km": 248, "animation_mode": "uniform", "coordinateProperties": {"times": [1677369600000, 1677391200000, 1677412800000, 1677434400000, 1677456000000, 1677477600000, 1677499200000, 1677520800000, 1677542400000, 1677564000000, 1677585600000, 1677607200000, 1677628800000, 1677650400000, 1677672000000, 1677693600000, 1677715200000, 1677736800000, 1677758400000, 1677780000000, 1677801600000, 1677823200000, 1677844800000, 1677866400000, 1677888000000, 1677909600000, 1677931200000, 1677952800000, 1677974400000, 1677996000000, 1678017600000, 1678039200000, 1678060800000, 1678082400000, 1678104000000, 1678125600000, 1678147200000, 1678168800000, 1678190400000, 1678212000000, 1678233600000, 1678255200000, 1678276800000, 1678298400000, 1678320000000, 1678341600000, 1678363200000, 1678384800000, 1678406400000, 1678428000000, 1678449600000, 1678471200000, 1678492800000, 1678514400000, 1678536000000, 1678557600000, 1678579200000, 1678600800000, 1678622400000, 1678644000000, 1678665600000, 1678687200000, 1678708800000, 1678730400000, 1678752000000, 1678773600000, 1678795200000, 1678816800000, 1678838400000, 1678860000000, 1678881600000, 1678903200000, 1678924800000, 1678946400000, 1678968000000, 1678989600000, 1679011200000, 1679032800000, 1679054400000, 1679076000000, 1679097600000, 1679119200000, 1679140800000, 1679162400000, 1679184000000, 1679205600000, 1679227200000, 1679248800000, 1679270400000, 1679292000000, 1679313600000, 1679335200000, 1679356800000, 1679378400000, 1679400000000, 1679421600000, 1679443200000, 1679464800000, 1679486400000, 1679508000000, 1679529600000, 1679551200000, 1679572800000, 1679594400000, 1679616000000, 1679637600000, 1679659200000, 1679680800000, 1679702400000, 1679724000000, 1679745600000, 1679767200000, 1679788800000, 1679810400000, 1679832000000, 1679853600000, 1679875200000, 1679896800000, 1679918400000, 1679940000000, 1679961600000, 1679983200000, 1680004800000, 1680026400000, 1680048000000, 1680069600000, 1680091200000, 1680112800000, 1680134400000, 1680156000000, 1680177600000, 1680199200000, 1680220800000, 1680242400000, 1680264000000, 1680285600000, 1680307200000, 1680328800000, 1680350400000, 1680372000000, 1680393600000, 1680415200000, 1680436800000, 1680458400000, 1680480000000, 1680501600000, 1680523200000, 1680544800000, 1680566400000, 1680588000000, 1680609600000, 1680631200000, 1680652800000, 1680674400000, 1680696000000, 1680717600000, 1680739200000, 1680760800000, 1680782400000, 1680804000000, 1680825600000, 1680847200000, 1680868800000, 1680890400000, 1680912000000, 1680933600000, 1680955200000, 1680976800000, 1680998400000, 1681020000000, 1681041600000, 1681063200000, 1681084800000, 1681106400000, 1681128000000, 1681149600000, 1681171200000, 1681192800000, 1681214400000, 1681236000000, 1681257600000, 1681279200000, 1681300800000, 1681322400000, 1681344000000, 1681365600000, 1681387200000, 1681408800000, 1681430400000, 1681452000000, 1681473600000, 1681495200000, 1681516800000, 1681538400000, 1681560000000, 1681581600000, 1681603200000, 1681624800000, 1681646400000, 1681668000000, 1681689600000, 1681711200000, 1681732800000, 1681754400000, 1681776000000, 1681797600000, 1681819200000, 1681840800000, 1681862400000, 1681884000000, 1681905600000, 1681927200000, 1681948800000, 1681970400000, 1681992000000, 1682013600000, 1682035200000, 1682056800000, 1682078400000, 1682100000000, 1682121600000, 1682143200000, 1682164800000, 1682186400000, 1682208000000, 1682229600000, 1682251200000, 1682272800000, 1682294400000, 1682316000000, 1682337600000, 1682359200000, 1682380800000, 1682402400000, 1682424000000, 1682445600000, 1682467200000, 1682488800000, 1682510400000, 1682532000000, 1682553600000, 1682575200000, 1682596800000, 1682618400000, 1682640000000, 1682661600000, 1682683200000, 1682704800000, 1682726400000, 1682748000000, 1682769600000, 1682791200000, 1682812800000, 1682834400000, 1682856000000, 1682877600000, 1682899200000, 1682920800000, 1682942400000, 1682964000000, 1682985600000, 1683007200000, 1683028800000, 1683050400000, 1683072000000, 1683093600000, 1683115200000, 1683136800000, 1683158400000, 1683180000000, 1683201600000, 1683223200000, 1683244800000, 1683266400000, 1683288000000, 1683309600000, 1683331200000, 1683352800000, 1683374400000, 1683396000000, 1683417600000, 1683439200000, 1683460800000, 1683482400000, 1683504000000, 1683525600000, 1683547200000, 1683568800000, 1683590400000, 1683612000000, 1683633600000, 1683655200000, 1683676800000, 1683698400000, 1683720000000, 1683741600000, 1683763200000, 1683784800000, 1683806400000, 1683828000000, 1683849600000, 1683871200000, 1683892800000, 1683914400000, 1683936000000, 1683957600000, 1683979200000, 1684000800000, 1684022400000, 1684044000000, 1684065600000, 1684087200000, 1684108800000, 1684130400000, 1684152000000, 1684173600000, 1684195200000, 1684216800000, 1684238400000, 1684260000000, 1684281600000, 1684303200000, 1684324800000, 1684346400000, 1684368000000, 1684389600000, 1684411200000, 1684432800000, 1684454400000, 1684476000000, 1684497600000, 1684519200000, 1684540800000, 1684562400000, 1684584000000, 1684605600000, 1684627200000, 1684648800000, 1684670400000, 1684692000000, 1684713600000, 1684735200000, 1684756800000, 1684778400000, 1684800000000, 1684821600000, 1684843200000, 1684864800000, 1684886400000, 1684908000000, 1684929600000, 1684951200000, 1684972800000, 1684994400000, 1685016000000, 1685037600000, 1685059200000, 1685080800000, 1685102400000, 1685124000000, 1685145600000, 1685167200000, 1685188800000, 1685210400000, 1685232000000, 1685253600000, 1685275200000, 1685296800000, 1685318400000, 1685340000000, 1685361600000, 1685383200000, 1685404800000, 1685426400000, 1685448000000, 1685469600000, 1685491200000, 1685512800000, 1685534400000, 1685556000000, 1685577600000, 1685599200000, 1685620800000, 1685642400000, 1685664000000, 1685685600000, 1685707200000, 1685728800000, 1685750400000, 1685772000000, 1685793600000, 1685815200000, 1685836800000, 1685858400000, 1685880000000, 1685901600000, 1685923200000, 1685944800000, 1685966400000, 1685988000000, 1686009600000, 1686031200000, 1686052800000, 1686074400000, 1686096000000, 1686117600000, 1686139200000, 1686160800000, 1686182400000, 1686204000000, 1686225600000, 1686247200000, 1686268800000, 1686290400000, 1686312000000, 1686333600000, 1686355200000, 1686376800000, 1686398400000, 1686420000000, 1686441600000, 1686463200000, 1686484800000, 1686506400000, 1686528000000, 1686549600000, 1686571200000, 1686592800000, 1686614400000, 1686636000000, 1686657600000, 1686679200000, 1686700800000, 1686722400000, 1686744000000, 1686765600000, 1686787200000, 1686808800000, 1686830400000, 1686852000000, 1686873600000, 1686895200000, 1686916800000, 1686938400000, 1686960000000, 1686981600000, 1687003200000, 1687024800000, 1687046400000, 1687068000000, 1687089600000, 1687111200000, 1687132800000, 1687154400000, 1687176000000, 1687197600000, 1687219200000, 1687240800000, 1687262400000, 1687284000000, 1687305600000, 1687327200000, 1687348800000, 1687370400000, 1687392000000, 1687413600000, 1687435200000, 1687456800000, 1687478400000, 1687500000000, 1687521600000, 1687543200000, 1687564800000, 1687586400000, 1687608000000, 1687629600000, 1687651200000], "courses": [115.4, 104.4, 134.9, 175.8, 156.7, 175.9, 198.2, 189.3, 189.9, 248.1, 276.3, 264.3, 271.1, 297.3, 306.9, 297.7, 262.3, 253.7, 242.6, 204.1, 237.4, 241.0, 258.5, 262.0, 277.3, 350.7, 358.5, 59.7, 358.6, 3.5, 1.5, 26.8, 7.2, 1.6, 335.2, 353.0, 321.7, 323.3, 351.7, 347.4, 359.1, 32.6, 69.1, 71.7, 43.1, 52.8, 58.8, 79.9, 92.2, 105.3, 100.5, 91.4, 67.9, 92.0, 115.3, 102.6, 104.2, 31.6, 70.9, 124.4, 76.8, 92.9, 112.8, 66.5, 133.5, 167.0, 162.9, 181.9, 175.1, 157.5, 166.0, 170.7, 192.5, 205.0, 240.3, 210.9, 226.9, 206.7, 227.3, 204.9, 253.8, 255.6, 233.3, 266.0, 271.8, 273.9, 328.1, 305.5, 292.3, 248.3, 250.8, 232.4, 217.1, 238.8, 237.3, 244.8, 253.3, 184.3, 154.2, 116.7, 93.4, 115.6, 99.4, 55.0, 38.0, 7.4, 78.2, 57.7, 97.3, 92.7, 91.2, 101.6, 76.7, 43.0, 51.3, 43.4, 356.5, 16.1, 53.4, 43.5, 78.1, 70.1, 51.3, 22.8, 12.8, 28.5, 51.4, 30.9, 11.7, 353.3, 338.1, 353.4, 312.0, 265.4, 313.6, 309.1, 303.4, 348.6, 340.9, 316.3, 12.3, 133.0, 117.0, 106.2, 157.2, 262.5, 238.3, 256.8, 297.7, 306.5, 294.7, 279.2, 117.6, 98.1, 106.6, 138.5, 158.3, 92.6, 109.0, 154.0, 196.2, 186.0, 192.4, 253.2, 273.2, 252.4, 197.9, 198.8, 172.9, 130.4, 143.0, 144.8, 176.6, 189.2, 218.2, 226.8, 251.8, 237.6, 216.6, 264.1, 284.9, 286.4, 238.1, 254.7, 295.3, 327.2, 308.1, 7.3, 280.9, 263.4, 255.8, 246.1, 209.6, 196.9, 186.5, 184.1, 212.1, 235.5, 238.9, 292.1, 306.8, 304.1, 332.4, 349.2, 336.0, 325.1, 18.9, 29.9, 1.8, 48.9, 95.3, 106.9, 76.5, 90.1, 126.8, 70.9, 51.2, 36.9, 18.2, 16.9, 45.7, 342.3, 329.3, 336.3, 325.1, 357.8, 359.7, 1.2, 341.4, 6.1, 41.8, 94.3, 116.8, 219.2, 254.3, 211.9, 140.2, 168.9, 176.4, 147.2, 193.2, 190.4, 213.8, 212.9, 261.5, 257.1, 265.0, 260.0, 265.5, 271.1, 235.9, 245.0, 234.0, 236.1, 209.1, 237.6, 283.3, 346.6, 352.1, 25.7, 5.7, 14.0, 14.1, 351.4, 6.9, 25.1, 17.5, 36.1, 2.5, 341.6, 11.2, 51.0, 23.4, 53.3, 58.4, 42.1, 61.8, 118.0, 136.9, 143.0, 135.4, 127.7, 89.1, 116.5, 114.7, 87.2, 66.2, 147.2, 272.0, 289.3, 249.2, 200.4, 204.4, 224.0, 158.4, 171.9, 182.3, 232.1, 231.4, 240.3, 219.4, 212.7, 242.4, 208.0, 229.1, 240.6, 209.3, 217.2, 217.8, 208.2, 176.5, 87.1, 98.8, 47.0, 82.7, 74.8, 79.0, 75.6, 37.9, 27.0, 57.4, 113.5, 67.7, 70.3, 45.0, 39.9, 30.0, 15.9, 18.2, 31.2, 30.8, 24.3, 149.5, 109.0, 228.4, 251.7, 332.4, 339.9, 334.3, 357.5, 354.8, 32.8, 207.4, 283.2, 285.8, 292.6, 337.2, 13.8, 340.0, 15.2, 3.5, 303.8, 252.0, 229.7, 256.7, 233.8, 305.6, 283.9, 260.7, 186.0, 158.6, 215.6, 168.5, 171.8, 197.6, 196.7, 192.3, 258.5, 260.2, 228.4, 214.4, 156.3, 156.8, 136.7, 161.4, 150.3, 143.3, 152.5, 108.8, 132.5, 134.0, 82.9, 86.1, 139.8, 113.1, 156.5, 137.2, 165.8, 194.4, 240.4, 254.5, 290.6, 333.0, 349.8, 16.3, 14.0, 351.9, 315.6, 287.9, 274.1, 204.9, 196.0, 148.4, 129.6, 126.8, 68.9, 81.6, 88.4, 41.7, 73.2, 33.7, 50.2, 75.8, 67.8, 83.9, 98.6, 112.9, 81.8, 97.3, 92.4, 58.7, 96.8, 94.9, 76.3, 23.3, 355.5, 38.4, 84.5, 95.5, 80.7, 126.0, 158.5, 179.4, 179.1, 229.3, 293.7, 283.6, 298.2, 306.5, 263.4, 250.2, 232.2, 213.0, 199.5, 208.0, 187.8, 180.3, 199.5, 234.0, 311.2, 337.6, 286.1, 267.3, 271.1, 271.8, 320.8, 317.1, 354.2, 315.4, 342.0, 326.1, 324.9, 324.4, 299.1, 317.8, 322.4, 0.6, 294.2, 299.0, 296.4, 299.6, 236.4, 180.5, 158.1, 163.5, 146.9, 146.9]}}, "geometry": {"type": "LineString", "coordinates": [[20.9, 37.2], [21.15772, 37.10203], [21.45765, 37.04009], [21.64698, 36.88897], [21.66751, 36.66424], [21.79657, 36.4226], [21.8136, 36.23109], [21.73157, 36.02946], [21.70632, 35.90518], [21.67737, 35.77008], [21.55394, 35.72976], [21.29954, 35.75231], [21.1605, 35.74105], [20.87021, 35.74528], [20.57354, 35.8688], [20.43276, 35.95436], [20.32067, 36.0019], [20.07496, 35.97468], [19.8108, 35.91187], [19.6361, 35.83843], [19.49601, 35.5832], [19.26769, 35.46391], [19.1062, 35.3908], [18.87137, 35.35172], [18.56947, 35.31693], [18.31662, 35.34311], [18.2721, 35.56406], [18.26825, 35.6851], [18.38767, 35.74159], [18.38387, 35.86912], [18.39511, 36.01914], [18.40203, 36.23489], [18.50217, 36.39439], [18.52501, 36.54013], [18.5297, 36.67363], [18.42809, 36.84935], [18.41015, 36.96593], [18.29104, 37.08617], [18.14336, 37.24374], [18.10201, 37.468], [18.05727, 37.62698], [18.05314, 37.8381], [18.19434, 38.01186], [18.37497, 38.06597], [18.593, 38.12237], [18.70098, 38.21313], [18.83437, 38.29261], [18.94515, 38.34517], [19.07473, 38.36316], [19.42996, 38.35205], [19.77296, 38.278], [20.04925, 38.23727], [20.33971, 38.23148], [20.53506, 38.29348], [20.85163, 38.28434], [21.08454, 38.19754], [21.21145, 38.17523], [21.36012, 38.14553], [21.50578, 38.33124], [21.69402, 38.38232], [21.91797, 38.26155], [22.06228, 38.28803], [22.36885, 38.27562], [22.54795, 38.21645], [22.74346, 38.28312], [22.96731, 38.11582], [23.01052, 37.96775], [23.08964, 37.76495], [23.08312, 37.61022], [23.09504, 37.49922], [23.20199, 37.2935], [23.27139, 37.07099], [23.31367, 36.86421], [23.24974, 36.63255], [23.1566, 36.47162], [22.92371, 36.36425], [22.83195, 36.24048], [22.73273, 36.16544], [22.65806, 36.04544], [22.54429, 35.96028], [22.49134, 35.86765], [22.31476, 35.82596], [22.11827, 35.78485], [22.00987, 35.71917], [21.69061, 35.70081], [21.36699, 35.70856], [21.05916, 35.72532], [20.98736, 35.81881], [20.71614, 35.97483], [20.40706, 36.07685], [20.11799, 35.98343], [19.83137, 35.90222], [19.65688, 35.79317], [19.54789, 35.67597], [19.3937, 35.59998], [19.22611, 35.51212], [19.1095, 35.4673], [18.82618, 35.3979], [18.81537, 35.27992], [18.88974, 35.15433], [19.10937, 35.06391], [19.36967, 35.05084], [19.50715, 34.99686], [19.82131, 34.95369], [20.08932, 35.10676], [20.26157, 35.2865], [20.29795, 35.51485], [20.59529, 35.56523], [20.72151, 35.62996], [20.99457, 35.60108], [21.26017, 35.59069], [21.59619, 35.58455], [21.81537, 35.54761], [22.00741, 35.5843], [22.2034, 35.75493], [22.44065, 35.90892], [22.66006, 36.09593], [22.64477, 36.29666], [22.7316, 36.53896], [22.88351, 36.62943], [23.00681, 36.73337], [23.18204, 36.76294], [23.44606, 36.83894], [23.57275, 36.92011], [23.63446, 37.03711], [23.67238, 37.17037], [23.77095, 37.31488], [24.03445, 37.48141], [24.11532, 37.58835], [24.1725, 37.80696], [24.14432, 37.99512], [24.07706, 38.1269], [24.06164, 38.23225], [23.87657, 38.3627], [23.65138, 38.34832], [23.49455, 38.46508], [23.35407, 38.55433], [23.10359, 38.68285], [23.04624, 38.90422], [22.96243, 39.09249], [22.83037, 39.19959], [22.86509, 39.32231], [23.04026, 39.19578], [23.25489, 39.11057], [23.57343, 39.03836], [23.69783, 38.80713], [23.54847, 38.79161], [23.38634, 38.71345], [23.25015, 38.68847], [23.13208, 38.73685], [22.96301, 38.83417], [22.80653, 38.89009], [22.63324, 38.91174], [22.88693, 38.80793], [23.14262, 38.77934], [23.35654, 38.72925], [23.52406, 38.58101], [23.64126, 38.35026], [23.86274, 38.34205], [24.07939, 38.28318], [24.1543, 38.16245], [24.05558, 37.89392], [24.02016, 37.62813], [23.95884, 37.40599], [23.7454, 37.35455], [23.51362, 37.36478], [23.20683, 37.28706], [23.14205, 37.12734], [23.0741, 36.96765], [23.10234, 36.78671], [23.35261, 36.61527], [23.44804, 36.51337], [23.61338, 36.32469], [23.62829, 36.12092], [23.60516, 36.00517], [23.50261, 35.89965], [23.3648, 35.79452], [23.13319, 35.73248], [23.02806, 35.67814], [22.86217, 35.49621], [22.64408, 35.47768], [22.36556, 35.53761], [22.13855, 35.59181], [21.90451, 35.47305], [21.76852, 35.44258], [21.50145, 35.54518], [21.41136, 35.65884], [21.16525, 35.81534], [21.19198, 35.98431], [20.85808, 36.03603], [20.67786, 36.01913], [20.48737, 35.98011], [20.25003, 35.89473], [20.1744, 35.78684], [20.10064, 35.58955], [20.0817, 35.45476], [20.05806, 35.18309], [19.94731, 35.03844], [19.68011, 34.88748], [19.57037, 34.833], [19.29728, 34.92374], [19.12934, 35.02669], [18.94296, 35.1296], [18.88133, 35.22603], [18.83007, 35.44477], [18.76681, 35.56037], [18.63857, 35.70949], [18.68824, 35.8268], [18.81315, 36.00217], [18.82056, 36.19674], [19.00332, 36.32504], [19.17157, 36.31241], [19.48388, 36.23534], [19.81843, 36.29965], [20.01474, 36.29919], [20.14289, 36.22168], [20.279, 36.25955], [20.48963, 36.39554], [20.60755, 36.52153], [20.71136, 36.77434], [20.7815, 36.95928], [20.89915, 37.05084], [20.80909, 37.27586], [20.6809, 37.44707], [20.58351, 37.62261], [20.43671, 37.78857], [20.42406, 38.04611], [20.42247, 38.29799], [20.42877, 38.53892], [20.36249, 38.69256], [20.3783, 38.80843], [20.59562, 38.99737], [20.93098, 38.97722], [21.14015, 38.89488], [20.96143, 38.72385], [20.75832, 38.67898], [20.58164, 38.45621], [20.70875, 38.33662], [20.76936, 38.09288], [20.78677, 37.87537], [20.94921, 37.67605], [20.90336, 37.52095], [20.84542, 37.27033], [20.70642, 37.10474], [20.60668, 36.98137], [20.46336, 36.96414], [20.28733, 36.93166], [20.05404, 36.91497], [19.85546, 36.8869], [19.56971, 36.86839], [19.44357, 36.87025], [19.23341, 36.75603], [19.02492, 36.67777], [18.84163, 36.57081], [18.66088, 36.47316], [18.55578, 36.32081], [18.29985, 36.18929], [18.12779, 36.22202], [18.06068, 36.4483], [18.02669, 36.64377], [18.12483, 36.80716], [18.14079, 36.93608], [18.17127, 37.03339], [18.23326, 37.22982], [18.18092, 37.50432], [18.20816, 37.68201], [18.31939, 37.86921], [18.38502, 38.03352], [18.49639, 38.15358], [18.51086, 38.41259], [18.46942, 38.5101], [18.51122, 38.67438], [18.68805, 38.78582], [18.81528, 39.01378], [19.07883, 39.16597], [19.37369, 39.30613], [19.47471, 39.39262], [19.61477, 39.45064], [19.81282, 39.36912], [19.92629, 39.2753], [20.03552, 39.16291], [20.14341, 39.07797], [20.27942, 38.99605], [20.40528, 38.99751], [20.58229, 38.92878], [20.70252, 38.88568], [20.89404, 38.89274], [21.13584, 38.97541], [21.22821, 38.86368], [20.8801, 38.87277], [20.54069, 38.96456], [20.23675, 38.87421], [20.16986, 38.73364], [20.05358, 38.53266], [19.82514, 38.34704], [19.92192, 38.15512], [19.95411, 37.97584], [19.94234, 37.74745], [19.81079, 37.66628], [19.54089, 37.49503], [19.28615, 37.37941], [19.20821, 37.30399], [19.06689, 37.12847], [18.8476, 37.03671], [18.69602, 36.80803], [18.46206, 36.64545], [18.2305, 36.54021], [18.09134, 36.34077], [18.00721, 36.25149], [17.88539, 36.12454], [17.72277, 35.87885], [17.74217, 35.61731], [18.00047, 35.62752], [18.14653, 35.60914], [18.25814, 35.69362], [18.51852, 35.7204], [18.75267, 35.77172], [19.02846, 35.8149], [19.15505, 35.84123], [19.33366, 36.02635], [19.45797, 36.22276], [19.64179, 36.31736], [19.84225, 36.24696], [19.9932, 36.29683], [20.31303, 36.38883], [20.55133, 36.58027], [20.63344, 36.65907], [20.74133, 36.80888], [20.82237, 37.03652], [20.90905, 37.24657], [21.03954, 37.41745], [21.17875, 37.60236], [21.25318, 37.73284], [21.32936, 37.6305], [21.64705, 37.54311], [21.51971, 37.45326], [21.40098, 37.42201], [21.28508, 37.59787], [21.1632, 37.86056], [21.01942, 38.09567], [21.01332, 38.20628], [20.99696, 38.34843], [21.07309, 38.44097], [20.99605, 38.32456], [20.75318, 38.36884], [20.63306, 38.39541], [20.31707, 38.49815], [20.23492, 38.6508], [20.31561, 38.90711], [20.23746, 39.07377], [20.29746, 39.24431], [20.31473, 39.46146], [20.18494, 39.52845], [20.00406, 39.48285], [19.74445, 39.31192], [19.59745, 39.28484], [19.32541, 39.13011], [19.05266, 39.28091], [18.75012, 39.33843], [18.53247, 39.31072], [18.49727, 39.05231], [18.61523, 38.81832], [18.52291, 38.71759], [18.55478, 38.59555], [18.57964, 38.46067], [18.48463, 38.22463], [18.44272, 38.11455], [18.37047, 37.85219], [18.04964, 37.80002], [17.82621, 37.76945], [17.58322, 37.59809], [17.39536, 37.38013], [17.47213, 37.24069], [17.60533, 36.99198], [17.72656, 36.88888], [17.79306, 36.73011], [17.86451, 36.62938], [18.04946, 36.42951], [18.17305, 36.23822], [18.39266, 36.17781], [18.6328, 35.99982], [18.71934, 35.93203], [18.84522, 35.94466], [19.00245, 35.95323], [19.19557, 35.76775], [19.42084, 35.68964], [19.47459, 35.58925], [19.61621, 35.46459], [19.67095, 35.28794], [19.58749, 35.02092], [19.29512, 34.88432], [19.12776, 34.84609], [18.90451, 34.91475], [18.84943, 35.00314], [18.79863, 35.23291], [18.85431, 35.38789], [18.9089, 35.56625], [18.86299, 35.82808], [18.69085, 35.97012], [18.45188, 36.0324], [18.1923, 36.04727], [18.08119, 35.85296], [17.9925, 35.60177], [18.1013, 35.45788], [18.26711, 35.34587], [18.50917, 35.19788], [18.6442, 35.24039], [18.79726, 35.25868], [19.13404, 35.26606], [19.28431, 35.40353], [19.61122, 35.4833], [19.78821, 35.69866], [19.88007, 35.76069], [20.12522, 35.81069], [20.2439, 35.84986], [20.55028, 35.87613], [20.75414, 35.85083], [20.89453, 35.80264], [21.04921, 35.82055], [21.19178, 35.80565], [21.51566, 35.79442], [21.74213, 35.90562], [21.8857, 35.89164], [22.19535, 35.86978], [22.4382, 35.91763], [22.52079, 36.07283], [22.49591, 36.32654], [22.57323, 36.40499], [22.85593, 36.4267], [23.10322, 36.40735], [23.32627, 36.43647], [23.52819, 36.31819], [23.65071, 36.0669], [23.65377, 35.80921], [23.65637, 35.67961], [23.51069, 35.57751], [23.28674, 35.65727], [23.03835, 35.70575], [22.80007, 35.80912], [22.68967, 35.87529], [22.4322, 35.8508], [22.29231, 35.80987], [22.08155, 35.67697], [21.93388, 35.49146], [21.86836, 35.34077], [21.72573, 35.12144], [21.69515, 34.9386], [21.69367, 34.6957], [21.61269, 34.50717], [21.44157, 34.40449], [21.18802, 34.58711], [21.08476, 34.79322], [20.76688, 34.86798], [20.52322, 34.85826], [20.36295, 34.86069], [20.03535, 34.8687], [19.95509, 34.94922], [19.77639, 35.10628], [19.74675, 35.34318], [19.60879, 35.4569], [19.52494, 35.66674], [19.38415, 35.83636], [19.19539, 36.0536], [18.99896, 36.27451], [18.79366, 36.36649], [18.57161, 36.56269], [18.39664, 36.74479], [18.39934, 36.95743], [18.28521, 36.99837], [18.16135, 37.05313], [17.89581, 37.15802], [17.61754, 37.28323], [17.49503, 37.21844], [17.49379, 37.11003], [17.59389, 36.91049], [17.66731, 36.71126], [17.85397, 36.48062]]}}, {"type": "Feature", "properties": {"type": "track", "placeholder": true, "whale_id": "MED-09", "species": "Fin whale", "segment_name": "MED-09 (Fin whale)", "start_time": "2023-05-11T00:00:00Z", "end_time": "2023-09-20T00:00:00Z", "track_days": 132, "home_range_km": 330, "animation_mode": "uniform", "coordinateProperties": {"times": [1683763200000, 1683784800000, 1683806400000, 1683828000000, 1683849600000, 1683871200000, 1683892800000, 1683914400000, 1683936000000, 1683957600000, 1683979200000, 1684000800000, 1684022400000, 1684044000000, 1684065600000, 1684087200000, 1684108800000, 1684130400000, 1684152000000, 1684173600000, 1684195200000, 1684216800000, 1684238400000, 1684260000000, 1684281600000, 1684303200000, 1684324800000, 1684346400000, 1684368000000, 1684389600000, 1684411200000, 1684432800000, 1684454400000, 1684476000000, 1684497600000, 1684519200000, 1684540800000, 1684562400000, 1684584000000, 1684605600000, 1684627200000, 1684648800000, 1684670400000, 1684692000000, 1684713600000, 1684735200000, 1684756800000, 1684778400000, 1684800000000, 1684821600000, 1684843200000, 1684864800000, 1684886400000, 1684908000000, 1684929600000, 1684951200000, 1684972800000, 1684994400000, 1685016000000, 1685037600000, 1685059200000, 1685080800000, 1685102400000, 1685124000000, 1685145600000, 1685167200000, 1685188800000, 1685210400000, 1685232000000, 1685253600000, 1685275200000, 1685296800000, 1685318400000, 1685340000000, 1685361600000, 1685383200000, 1685404800000, 1685426400000, 1685448000000, 1685469600000, 1685491200000, 1685512800000, 1685534400000, 1685556000000, 1685577600000, 1685599200000, 1685620800000, 1685642400000, 1685664000000, 1685685600000, 1685707200000, 1685728800000, 1685750400000, 1685772000000, 1685793600000, 1685815200000, 1685836800000, 1685858400000, 1685880000000, 1685901600000, 1685923200000, 1685944800000, 1685966400000, 1685988000000, 1686009600000, 1686031200000, 1686052800000, 1686074400000, 1686096000000, 1686117600000, 1686139200000, 1686160800000, 1686182400000, 1686204000000, 1686225600000, 1686247200000, 1686268800000, 1686290400000, 1686312000000, 1686333600000, 1686355200000, 1686376800000, 1686398400000, 1686420000000, 1686441600000, 1686463200000, 1686484800000, 1686506400000, 1686528000000, 1686549600000, 1686571200000, 1686592800000, 1686614400000, 1686636000000, 1686657600000, 1686679200000, 1686700800000, 1686722400000, 1686744000000, 1686765600000, 1686787200000, 1686808800000, 1686830400000, 1686852000000, 1686873600000, 1686895200000, 1686916800000, 1686938400000, 1686960000000, 1686981600000, 1687003200000, 1687024800000, 1687046400000, 1687068000000, 1687089600000, 1687111200000, 1687132800000, 1687154400000, 1687176000000, 1687197600000, 1687219200000, 1687240800000, 1687262400000, 1687284000000, 1687305600000, 1687327200000, 1687348800000, 1687370400000, 1687392000000, 1687413600000, 1687435200000, 1687456800000, 1687478400000, 1687500000000, 1687521600000, 1687543200000, 1687564800000, 1687586400000, 1687608000000, 1687629600000, 1687651200000, 1687672800000, 1687694400000, 1687716000000, 1687737600000, 1687759200000, 1687780800000, 1687802400000, 1687824000000, 1687845600000, 1687867200000, 1687888800000, 1687910400000, 1687932000000, 1687953600000, 1687975200000, 1687996800000, 1688018400000, 1688040000000, 1688061600000, 1688083200000, 1688104800000, 1688126400000, 1688148000000, 1688169600000, 1688191200000, 1688212800000, 1688234400000, 1688256000000, 1688277600000, 1688299200000, 1688320800000, 1688342400000, 1688364000000, 1688385600000, 1688407200000, 1688428800000, 1688450400000, 1688472000000, 1688493600000, 1688515200000, 1688536800000, 1688558400000, 1688580000000, 1688601600000, 1688623200000, 1688644800000, 1688666400000, 1688688000000, 1688709600000, 1688731200000, 1688752800000, 1688774400000, 1688796000000, 1688817600000, 1688839200000, 1688860800000, 1688882400000, 1688904000000, 1688925600000, 1688947200000, 1688968800000, 1688990400000, 1689012000000, 1689033600000, 1689055200000, 1689076800000, 1689098400000, 1689120000000, 1689141600000, 1689163200000, 1689184800000, 1689206400000, 1689228000000, 1689249600000, 1689271200000, 1689292800000, 1689314400000, 1689336000000, 1689357600000, 1689379200000, 1689400800000, 1689422400000, 1689444000000, 1689465600000, 1689487200000, 1689508800000, 1689530400000, 1689552000000, 1689573600000, 1689595200000, 1689616800000, 1689638400000, 1689660000000, 1689681600000, 1689703200000, 1689724800000, 1689746400000, 1689768000000, 1689789600000, 1689811200000, 1689832800000, 1689854400000, 1689876000000, 1689897600000, 1689919200000, 1689940800000, 1689962400000, 1689984000000, 1690005600000, 1690027200000, 1690048800000, 1690070400000, 1690092000000, 1690113600000, 1690135200000, 1690156800000, 1690178400000, 1690200000000, 1690221600000, 1690243200000, 1690264800000, 1690286400000, 1690308000000, 1690329600000, 1690351200000, 1690372800000, 1690394400000, 1690416000000, 1690437600000, 1690459200000, 1690480800000, 1690502400000, 1690524000000, 1690545600000, 1690567200000, 1690588800000, 1690610400000, 1690632000000, 1690653600000, 1690675200000, 1690696800000, 1690718400000, 1690740000000, 1690761600000, 1690783200000, 1690804800000, 1690826400000, 1690848000000, 1690869600000, 1690891200000, 1690912800000, 1690934400000, 1690956000000, 1690977600000, 1690999200000, 1691020800000, 1691042400000, 1691064000000, 1691085600000, 1691107200000, 1691128800000, 1691150400000, 1691172000000, 1691193600000, 1691215200000, 1691236800000, 1691258400000, 1691280000000, 1691301600000, 1691323200000, 1691344800000, 1691366400000, 1691388000000, 1691409600000, 1691431200000, 1691452800000, 1691474400000, 1691496000000, 1691517600000, 1691539200000, 1691560800000, 1691582400000, 1691604000000, 1691625600000, 1691647200000, 1691668800000, 1691690400000, 1691712000000, 1691733600000, 1691755200000, 1691776800000, 1691798400000, 1691820000000, 1691841600000, 1691863200000, 1691884800000, 1691906400000, 1691928000000, 1691949600000, 1691971200000, 1691992800000, 1692014400000, 1692036000000, 1692057600000, 1692079200000, 1692100800000, 1692122400000, 1692144000000, 1692165600000, 1692187200000, 1692208800000, 1692230400000, 1692252000000, 1692273600000, 1692295200000, 1692316800000, 1692338400000, 1692360000000, 1692381600000, 1692403200000, 1692424800000, 1692446400000, 1692468000000, 1692489600000, 1692511200000, 1692532800000, 1692554400000, 1692576000000, 1692597600000, 1692619200000, 1692640800000, 1692662400000, 1692684000000, 1692705600000, 1692727200000, 1692748800000, 1692770400000, 1692792000000, 1692813600000, 1692835200000, 1692856800000, 1692878400000, 1692900000000, 1692921600000, 1692943200000, 1692964800000, 1692986400000, 1693008000000, 1693029600000, 1693051200000, 1693072800000, 1693094400000, 1693116000000, 1693137600000, 1693159200000, 1693180800000, 1693202400000, 1693224000000, 1693245600000, 1693267200000, 1693288800000, 1693310400000, 1693332000000, 1693353600000, 1693375200000, 1693396800000, 1693418400000, 1693440000000, 1693461600000, 1693483200000, 1693504800000, 1693526400000, 1693548000000, 1693569600000, 1693591200000, 1693612800000, 1693634400000, 1693656000000, 1693677600000, 1693699200000, 1693720800000, 1693742400000, 1693764000000, 1693785600000, 1693807200000, 1693828800000, 1693850400000, 1693872000000, 1693893600000, 1693915200000, 1693936800000, 1693958400000, 1693980000000, 1694001600000, 1694023200000, 1694044800000, 1694066400000, 1694088000000, 1694109600000, 1694131200000, 1694152800000, 1694174400000, 1694196000000, 1694217600000, 1694239200000, 1694260800000, 1694282400000, 1694304000000, 1694325600000, 1694347200000, 1694368800000, 1694390400000, 1694412000000, 1694433600000, 1694455200000, 1694476800000, 1694498400000, 1694520000000, 1694541600000, 1694563200000, 1694584800000, 1694606400000, 1694628000000, 1694649600000, 1694671200000, 1694692800000, 1694714400000, 1694736000000, 1694757600000, 1694779200000, 1694800800000, 1694822400000, 1694844000000, 1694865600000, 1694887200000, 1694908800000, 1694930400000, 1694952000000, 1694973600000, 1694995200000, 1695016800000, 1695038400000, 1695060000000, 1695081600000, 1695103200000, 1695124800000, 1695146400000, 1695168000000], "courses": [287.5, 298.1, 309.3, 40.3, 38.8, 16.1, 21.2, 31.4, 29.6, 349.8, 200.9, 218.0, 233.6, 207.2, 197.9, 240.6, 249.9, 228.7, 214.1, 227.4, 256.2, 267.2, 294.6, 337.6, 283.1, 190.5, 216.9, 198.3, 184.7, 151.3, 73.4, 99.1, 41.6, 334.2, 289.8, 282.5, 273.1, 243.0, 222.8, 296.3, 326.0, 294.8, 284.8, 335.5, 32.3, 325.9, 6.9, 320.8, 338.7, 23.1, 44.8, 140.4, 198.6, 253.8, 206.4, 219.1, 189.9, 183.8, 185.5, 160.9, 155.5, 105.5, 104.3, 138.6, 145.3, 151.8, 158.6, 230.5, 232.8, 205.6, 167.7, 170.9, 133.3, 128.8, 116.4, 115.5, 102.6, 137.7, 144.3, 128.7, 121.1, 80.4, 87.6, 104.0, 129.3, 141.6, 117.5, 76.9, 69.3, 343.2, 358.2, 302.3, 335.7, 331.9, 331.9, 26.2, 357.9, 39.8, 40.3, 30.0, 339.2, 353.4, 32.1, 328.6, 3.7, 19.1, 347.2, 327.6, 359.0, 343.0, 26.9, 89.2, 120.5, 188.7, 231.3, 239.2, 235.5, 253.9, 262.4, 293.1, 282.2, 276.9, 264.6, 272.3, 213.8, 169.7, 137.0, 118.8, 126.0, 101.2, 88.8, 62.3, 111.0, 63.3, 48.5, 46.2, 42.2, 24.4, 30.6, 52.3, 61.5, 64.2, 112.2, 98.3, 262.7, 259.6, 237.8, 259.4, 218.4, 221.9, 235.7, 238.4, 215.2, 203.9, 210.0, 255.2, 180.2, 197.5, 176.4, 117.6, 169.4, 205.1, 197.1, 241.7, 229.0, 238.7, 277.7, 263.5, 236.8, 269.9, 244.8, 239.8, 194.1, 260.0, 173.6, 147.7, 103.0, 132.0, 117.2, 99.2, 103.7, 46.3, 83.0, 71.8, 97.2, 60.2, 68.0, 97.3, 325.1, 352.0, 277.9, 300.1, 334.9, 334.9, 8.5, 5.9, 351.2, 13.1, 16.5, 37.5, 37.0, 34.9, 6.8, 21.4, 70.9, 116.3, 99.1, 62.2, 77.1, 71.6, 59.4, 71.6, 105.7, 128.2, 81.9, 184.4, 174.9, 179.8, 184.5, 170.2, 183.6, 205.4, 189.1, 171.7, 160.1, 201.7, 218.8, 259.5, 210.3, 242.6, 285.7, 327.3, 347.7, 40.5, 74.9, 78.0, 90.1, 72.9, 69.9, 108.3, 117.4, 132.4, 109.0, 56.6, 33.4, 57.1, 61.2, 154.6, 237.0, 263.1, 293.4, 261.8, 211.2, 261.9, 254.9, 253.0, 211.4, 235.2, 238.0, 283.7, 296.2, 288.8, 312.9, 290.0, 322.5, 324.2, 325.6, 19.4, 50.7, 60.5, 82.2, 80.0, 132.1, 156.9, 147.3, 173.8, 164.8, 179.3, 184.2, 181.3, 223.0, 245.2, 273.0, 285.2, 292.8, 303.3, 281.7, 310.8, 314.3, 336.1, 253.2, 101.6, 89.0, 112.9, 86.2, 83.5, 116.5, 127.3, 126.6, 192.0, 217.0, 254.9, 253.1, 267.2, 304.6, 310.7, 289.0, 306.0, 332.0, 344.9, 144.1, 150.5, 156.5, 141.8, 99.0, 125.9, 106.5, 90.7, 71.6, 69.9, 55.2, 27.0, 359.4, 350.7, 297.6, 278.9, 293.5, 298.5, 292.2, 339.6, 313.2, 337.7, 329.0, 339.9, 322.7, 342.8, 318.8, 2.0, 336.5, 17.4, 26.3, 6.7, 49.4, 37.3, 19.8, 3.2, 266.2, 267.1, 249.3, 232.4, 197.9, 162.9, 179.7, 135.3, 121.0, 129.0, 156.6, 150.6, 138.9, 122.5, 79.7, 59.2, 79.6, 34.6, 316.9, 349.0, 329.8, 255.6, 231.0, 217.4, 178.8, 226.6, 212.0, 186.3, 179.2, 203.2, 237.4, 170.2, 181.6, 199.2, 359.7, 9.3, 353.8, 10.3, 328.8, 90.5, 76.7, 73.7, 69.3, 95.6, 94.5, 100.5, 125.4, 136.0, 108.4, 101.4, 72.8, 94.4, 3.1, 297.5, 298.4, 296.4, 302.1, 274.5, 278.3, 281.7, 186.7, 184.6, 226.4, 186.3, 197.6, 210.3, 221.0, 224.7, 158.2, 131.5, 202.5, 175.6, 214.3, 327.9, 174.7, 149.6, 186.1, 194.8, 126.5, 127.2, 102.6, 50.9, 87.7, 59.9, 12.3, 2.1, 342.6, 315.2, 328.5, 303.7, 330.9, 278.0, 297.5, 318.3, 305.5, 324.2, 2.7, 345.2, 293.8, 215.0, 195.7, 223.6, 296.9, 302.7, 282.2, 250.0, 234.0, 286.1, 353.5, 20.7, 18.3, 318.6, 293.0, 348.4, 307.9, 298.6, 308.9, 296.3, 301.0, 295.8, 273.6, 303.9, 285.2, 262.8, 289.9, 288.2, 338.4, 10.3, 53.2, 52.6, 16.9, 53.0, 77.6, 212.5, 189.1, 186.5, 185.2, 163.8, 120.4, 133.2, 91.7, 103.7, 168.9, 178.0, 160.8, 154.3, 168.6, 161.1, 158.9, 160.2, 168.0, 152.3, 180.1, 184.5, 233.3, 166.6, 116.3, 107.9, 89.7, 84.1, 59.6, 73.9, 32.6, 32.1, 74.3, 171.2, 224.1, 256.8, 302.0, 280.2, 260.1, 263.0, 324.0, 297.8, 307.9, 331.6, 318.8, 313.8, 301.5, 317.8, 318.6, 321.2, 321.2]}}, "geometry": {"type": "LineString", "coordinates": [[9.1, 43.0], [8.78476, 43.07208], [8.57522, 43.15338], [8.43548, 43.23663], [8.53854, 43.32509], [8.70883, 43.47849], [8.78183, 43.66168], [8.89654, 43.87462], [9.0656, 44.07366], [9.16993, 44.20511], [9.13577, 44.34112], [9.04318, 44.16752], [8.83681, 43.97726], [8.58116, 43.84103], [8.4634, 43.67493], [8.39739, 43.52669], [8.07021, 43.3921], [7.75609, 43.30797], [7.60786, 43.21285], [7.48533, 43.0806], [7.35905, 42.99552], [7.19813, 42.96644], [6.93538, 42.95678], [6.78226, 43.00789], [6.66322, 43.21862], [6.52286, 43.24224], [6.47798, 43.06468], [6.35742, 42.94719], [6.25713, 42.7248], [6.23132, 42.49212], [6.37818, 42.29325], [6.54613, 42.33015], [6.8574, 42.29273], [6.95724, 42.37564], [6.80868, 42.60169], [6.60153, 42.65633], [6.42082, 42.6856], [6.12439, 42.69694], [5.95507, 42.63335], [5.85572, 42.55438], [5.57424, 42.65625], [5.42666, 42.81656], [5.27427, 42.86807], [4.98177, 42.92409], [4.8718, 43.10024], [4.97303, 43.21669], [4.77903, 43.42502], [4.79902, 43.54563], [4.56486, 43.75304], [4.51145, 43.85191], [4.56531, 43.94271], [4.7724, 44.09223], [4.88487, 43.99429], [4.83591, 43.88943], [4.67734, 43.85606], [4.54639, 43.66482], [4.44342, 43.57306], [4.38734, 43.3398], [4.36227, 43.06424], [4.339, 42.88869], [4.43109, 42.69291], [4.55923, 42.48584], [4.80284, 42.43557], [4.98715, 42.40079], [5.164, 42.25205], [5.2434, 42.16702], [5.31869, 42.06292], [5.39071, 41.926], [5.20984, 41.81456], [5.08945, 41.74644], [5.01807, 41.63483], [5.05792, 41.49749], [5.1144, 41.23352], [5.23362, 41.14882], [5.39771, 41.04926], [5.615, 40.96755], [5.89642, 40.86557], [6.19981, 40.814], [6.31646, 40.71668], [6.48131, 40.54193], [6.67476, 40.42362], [6.83419, 40.3502], [7.09601, 40.38367], [7.26765, 40.38905], [7.39581, 40.36464], [7.58389, 40.247], [7.76569, 40.0712], [7.96781, 39.99026], [8.27402, 40.04456], [8.48439, 40.10509], [8.43374, 40.23326], [8.4245, 40.45596], [8.29987, 40.51576], [8.15283, 40.76219], [8.00831, 40.96626], [7.8369, 41.20777], [7.89425, 41.29519], [7.88897, 41.40182], [8.07324, 41.56698], [8.31572, 41.77971], [8.50145, 42.01841], [8.41749, 42.18212], [8.38134, 42.41342], [8.50106, 42.55371], [8.38169, 42.69755], [8.39182, 42.81368], [8.48027, 43.00084], [8.41997, 43.19494], [8.22008, 43.42334], [8.2138, 43.6892], [8.14048, 43.86239], [8.27205, 44.04896], [8.50562, 44.05101], [8.76174, 43.94229], [8.70297, 43.66602], [8.55633, 43.58091], [8.36706, 43.49896], [8.2508, 43.4408], [7.90935, 43.36844], [7.70788, 43.34877], [7.48852, 43.41641], [7.30362, 43.4453], [7.14104, 43.45953], [6.89083, 43.44222], [6.73958, 43.44653], [6.57005, 43.2621], [6.61782, 43.07073], [6.72485, 42.9866], [6.91695, 42.90911], [7.16937, 42.7743], [7.46494, 42.73094], [7.81062, 42.73587], [8.04064, 42.82439], [8.38213, 42.72779], [8.6024, 42.80899], [8.71099, 42.87935], [8.91172, 43.01978], [9.01472, 43.10261], [9.16641, 43.34599], [9.32195, 43.53673], [9.52883, 43.65203], [9.70114, 43.71949], [9.94264, 43.80348], [10.21033, 43.72408], [10.51483, 43.69163], [10.36301, 43.67755], [10.14998, 43.64918], [9.84639, 43.50987], [9.47585, 43.45907], [9.35525, 43.34824], [9.17367, 43.20072], [8.87222, 43.05019], [8.66859, 42.95835], [8.46433, 42.74562], [8.36119, 42.5744], [8.27711, 42.46699], [7.92505, 42.39762], [7.92388, 42.13232], [7.86557, 41.99503], [7.88276, 41.79025], [8.07212, 41.71608], [8.10188, 41.59771], [8.00168, 41.43717], [7.95029, 41.31207], [7.81138, 41.25567], [7.64692, 41.14778], [7.47068, 41.067], [7.12736, 41.10142], [6.81237, 41.07383], [6.5084, 40.92337], [6.2984, 40.92283], [6.08914, 40.84806], [5.84526, 40.74021], [5.76238, 40.48942], [5.49716, 40.45369], [5.5206, 40.29413], [5.59164, 40.20813], [5.90732, 40.1519], [6.04299, 40.05834], [6.32693, 39.94623], [6.66445, 39.90364], [6.79567, 39.87893], [6.95038, 39.99213], [7.20381, 40.01557], [7.4781, 40.08407], [7.6643, 40.06587], [7.94162, 40.18702], [8.2181, 40.27172], [8.39744, 40.25411], [8.30726, 40.35244], [8.26173, 40.5972], [7.96684, 40.62772], [7.67398, 40.75617], [7.61331, 40.85408], [7.5013, 41.03411], [7.53262, 41.19198], [7.54787, 41.30359], [7.49126, 41.57664], [7.53863, 41.72859], [7.63342, 41.96705], [7.74988, 42.07984], [7.91232, 42.23953], [8.02814, 42.36202], [8.04978, 42.49668], [8.13857, 42.66355], [8.43679, 42.73902], [8.70146, 42.64231], [8.96838, 42.61058], [9.16845, 42.68801], [9.50932, 42.74497], [9.72733, 42.79813], [9.93278, 42.88709], [10.23648, 42.9606], [10.6029, 42.88466], [10.80039, 42.77056], [11.05513, 42.79691], [11.04423, 42.69352], [11.07389, 42.44818], [11.07488, 42.18752], [11.04983, 41.95315], [11.07424, 41.84774], [11.06047, 41.68551], [10.95105, 41.51297], [10.91373, 41.33863], [10.96197, 41.08869], [11.02063, 40.96598], [10.90044, 40.73685], [10.78783, 40.63059], [10.51572, 40.59191], [10.40362, 40.44603], [10.24137, 40.38175], [10.04891, 40.42291], [9.85477, 40.65187], [9.79761, 40.85017], [9.91869, 40.95734], [10.08001, 40.99013], [10.40891, 41.04222], [10.60997, 41.04191], [10.94316, 41.11875], [11.28577, 41.21246], [11.53266, 41.15087], [11.78623, 41.05136], [11.99818, 40.90509], [12.25858, 40.8368], [12.50032, 40.9571], [12.69414, 41.17792], [12.80461, 41.23162], [13.12612, 41.36366], [13.24238, 41.17908], [13.07383, 41.09635], [12.93489, 41.08352], [12.68154, 41.16593], [12.4689, 41.14276], [12.31698, 40.95329], [12.15611, 40.93579], [12.01144, 40.90612], [11.72717, 40.83999], [11.64385, 40.73662], [11.52997, 40.67662], [11.29808, 40.56611], [11.13776, 40.59576], [10.82145, 40.71325], [10.60417, 40.76899], [10.50728, 40.83697], [10.37617, 40.87296], [10.24103, 41.00565], [10.09027, 41.16312], [9.9926, 41.27035], [10.08308, 41.4626], [10.33948, 41.61946], [10.51524, 41.69346], [10.84273, 41.72664], [11.19589, 41.77245], [11.43558, 41.61003], [11.5165, 41.46774], [11.68126, 41.2748], [11.71898, 41.01358], [11.79803, 40.79381], [11.80092, 40.60227], [11.78208, 40.40881], [11.77808, 40.27685], [11.63348, 40.15835], [11.49096, 40.108], [11.28565, 40.11599], [10.9368, 40.18776], [10.64599, 40.28066], [10.52107, 40.34321], [10.2701, 40.38262], [10.16704, 40.4502], [10.0624, 40.5277], [9.93982, 40.73682], [9.67747, 40.67664], [9.98907, 40.62751], [10.35282, 40.63187], [10.63232, 40.542], [10.93991, 40.55718], [11.12077, 40.57272], [11.30104, 40.50434], [11.48707, 40.3962], [11.69889, 40.27586], [11.62679, 40.01598], [11.49735, 39.884], [11.17329, 39.81642], [10.86167, 39.74311], [10.54633, 39.73077], [10.38263, 39.81741], [10.23955, 39.91177], [9.99344, 39.9765], [9.76536, 40.1029], [9.62093, 40.30987], [9.53665, 40.54677], [9.6505, 40.42709], [9.8011, 40.22379], [9.89747, 40.05446], [10.037, 39.91861], [10.35587, 39.87935], [10.60383, 39.74114], [10.80921, 39.69428], [10.9802, 39.69262], [11.1172, 39.72749], [11.44338, 39.81858], [11.67332, 39.9408], [11.79822, 40.12798], [11.79612, 40.26965], [11.75406, 40.46436], [11.56426, 40.53965], [11.43143, 40.55539], [11.21122, 40.62791], [11.02034, 40.70619], [10.87675, 40.75042], [10.7589, 40.98924], [10.53044, 41.15073], [10.47745, 41.24781], [10.39138, 41.3555], [10.27213, 41.59944], [10.0614, 41.80577], [9.9795, 42.00224], [9.74634, 42.19912], [9.75571, 42.40018], [9.64097, 42.59441], [9.68612, 42.70042], [9.76791, 42.82191], [9.78634, 42.93616], [9.95608, 43.04251], [10.1637, 43.24099], [10.26209, 43.4391], [10.28107, 43.68287], [10.12413, 43.6753], [9.8673, 43.66551], [9.55241, 43.57908], [9.32423, 43.45107], [9.26048, 43.30763], [9.33704, 43.12575], [9.338, 42.97865], [9.50028, 42.85825], [9.62324, 42.80392], [9.78686, 42.7063], [9.93225, 42.4581], [10.0199, 42.34294], [10.14705, 42.23501], [10.31736, 42.15445], [10.60278, 42.19244], [10.79239, 42.27585], [11.07501, 42.31391], [11.19332, 42.44062], [10.96509, 42.61958], [10.93245, 42.74276], [10.81648, 42.88896], [10.48301, 42.82548], [10.21785, 42.6673], [10.04443, 42.49987], [10.04999, 42.30924], [9.88231, 42.19149], [9.79436, 42.08689], [9.76192, 41.86901], [9.76549, 41.67104], [9.67717, 41.51687], [9.4888, 41.42623], [9.54255, 41.19092], [9.5384, 41.07905], [9.48476, 40.96254], [9.48358, 41.14415], [9.50747, 41.25344], [9.49335, 41.35137], [9.55217, 41.59329], [9.39089, 41.79172], [9.65623, 41.78975], [9.99867, 41.84939], [10.29655, 41.91394], [10.43668, 41.95318], [10.60984, 41.9404], [10.86252, 41.92521], [11.21077, 41.87682], [11.36883, 41.79286], [11.53314, 41.66585], [11.68049, 41.62912], [11.88233, 41.59856], [12.06683, 41.64101], [12.30462, 41.62722], [12.31759, 41.80657], [12.15342, 41.87004], [11.90601, 41.96924], [11.6196, 42.07423], [11.45005, 42.15283], [11.07368, 42.17433], [10.75961, 42.20796], [10.4665, 42.25249], [10.4442, 42.1114], [10.41755, 41.86501], [10.22224, 41.72616], [10.19272, 41.52663], [10.13835, 41.39801], [10.05801, 41.29464], [9.82435, 41.0917], [9.63033, 40.94333], [9.75335, 40.70961], [9.86761, 40.63273], [9.80326, 40.51472], [9.82738, 40.27604], [9.73408, 40.17161], [9.61758, 40.31335], [9.631, 40.20347], [9.76117, 40.03378], [9.74758, 39.93685], [9.65453, 39.6659], [9.9389, 39.50317], [10.15706, 39.37477], [10.44663, 39.32418], [10.60469, 39.42347], [10.87596, 39.43174], [11.03123, 39.50115], [11.07828, 39.66727], [11.08983, 39.91262], [11.04421, 40.02442], [10.89614, 40.13832], [10.72462, 40.35164], [10.54967, 40.44036], [10.47961, 40.53594], [10.33339, 40.55152], [10.16635, 40.61742], [10.02147, 40.74035], [9.77739, 40.87182], [9.59255, 41.06508], [9.59936, 41.17505], [9.50815, 41.43362], [9.2916, 41.50507], [9.14305, 41.34596], [9.07614, 41.16626], [8.91555, 41.03896], [8.74385, 41.10443], [8.59845, 41.17447], [8.32734, 41.21832], [8.13139, 41.16434], [7.89345, 41.03382], [7.72947, 41.06943], [7.70698, 41.21777], [7.76464, 41.33241], [7.87573, 41.58298], [7.71551, 41.71858], [7.59398, 41.75692], [7.53515, 41.97031], [7.29943, 42.10619], [7.03102, 42.21413], [6.74545, 42.38378], [6.58071, 42.44375], [6.34583, 42.54729], [6.07002, 42.64505], [5.84234, 42.65541], [5.60723, 42.77111], [5.28324, 42.83515], [5.0155, 42.80993], [4.73772, 42.88318], [4.48725, 42.94334], [4.41131, 43.08372], [4.45173, 43.24598], [4.58472, 43.31831], [4.83216, 43.45538], [4.87403, 43.55515], [5.04559, 43.64867], [5.42189, 43.70795], [5.29112, 43.55916], [5.23066, 43.28374], [5.19558, 43.05889], [5.16315, 42.79729], [5.22648, 42.63705], [5.39715, 42.56332], [5.612, 42.41397], [5.97577, 42.40549], [6.24774, 42.35603], [6.30316, 42.14583], [6.31294, 41.94142], [6.36288, 41.83451], [6.4634, 41.67828], [6.52462, 41.45122], [6.58687, 41.31462], [6.66253, 41.16684], [6.7677, 40.94589], [6.79827, 40.83754], [6.93778, 40.63587], [6.9373, 40.38838], [6.91046, 40.12627], [6.64545, 39.97467], [6.69881, 39.80196], [6.90533, 39.72314], [7.18437, 39.65351], [7.4352, 39.65413], [7.72144, 39.67672], [7.92384, 39.76782], [8.17806, 39.82395], [8.29852, 39.96838], [8.40272, 40.09524], [8.54206, 40.12517], [8.59328, 39.87241], [8.38386, 39.70588], [8.17815, 39.66852], [7.9606, 39.77294], [7.69804, 39.80877], [7.41239, 39.77028], [7.22365, 39.75242], [7.03461, 39.95143], [6.79216, 40.04899], [6.52974, 40.20495], [6.37386, 40.42422], [6.18858, 40.58499], [6.06296, 40.67626], [5.78677, 40.8039], [5.56014, 40.99237], [5.41485, 41.11636], [5.32711, 41.19846]]}}, {"type": "Feature", "properties": {"type": "track", "placeholder": true, "whale_id": "MED-10", "species": "Fin whale", "segment_name": "MED-10 (Fin whale)", "start_time": "2023-07-30T00:00:00Z", "end_time": "2023-10-16T00:00:00Z", "track_days": 78, "home_range_km": 264, "animation_mode": "uniform", "coordinateProperties": {"times": [1690675200000, 1690696800000, 1690718400000, 1690740000000, 1690761600000, 1690783200000, 1690804800000, 1690826400000, 1690848000000, 1690869600000, 1690891200000, 1690912800000, 1690934400000, 1690956000000, 1690977600000, 1690999200000, 1691020800000, 1691042400000, 1691064000000, 1691085600000, 1691107200000, 1691128800000, 1691150400000, 1691172000000, 1691193600000, 1691215200000, 1691236800000, 1691258400000, 1691280000000, 1691301600000, 1691323200000, 1691344800000, 1691366400000, 1691388000000, 1691409600000, 1691431200000, 1691452800000, 1691474400000, 1691496000000, 1691517600000, 1691539200000, 1691560800000, 1691582400000, 1691604000000, 1691625600000, 1691647200000, 1691668800000, 1691690400000, 1691712000000, 1691733600000, 1691755200000, 1691776800000, 1691798400000, 1691820000000, 1691841600000, 1691863200000, 1691884800000, 1691906400000, 1691928000000, 1691949600000, 1691971200000, 1691992800000, 1692014400000, 1692036000000, 1692057600000, 1692079200000, 1692100800000, 1692122400000, 1692144000000, 1692165600000, 1692187200000, 1692208800000, 1692230400000, 1692252000000, 1692273600000, 1692295200000, 1692316800000, 1692338400000, 1692360000000, 1692381600000, 1692403200000, 1692424800000, 1692446400000, 1692468000000, 1692489600000, 1692511200000, 1692532800000, 1692554400000, 1692576000000, 1692597600000, 1692619200000, 1692640800000, 1692662400000, 1692684000000, 1692705600000, 1692727200000, 1692748800000, 1692770400000, 1692792000000, 1692813600000, 1692835200000, 1692856800000, 1692878400000, 1692900000000, 1692921600000, 1692943200000, 1692964800000, 1692986400000, 1693008000000, 1693029600000, 1693051200000, 1693072800000, 1693094400000, 1693116000000, 1693137600000, 1693159200000, 1693180800000, 1693202400000, 1693224000000, 1693245600000, 1693267200000, 1693288800000, 1693310400000, 1693332000000, 1693353600000, 1693375200000, 1693396800000, 1693418400000, 1693440000000, 1693461600000, 1693483200000, 1693504800000, 1693526400000, 1693548000000, 1693569600000, 1693591200000, 1693612800000, 1693634400000, 1693656000000, 1693677600000, 1693699200000, 1693720800000, 1693742400000, 1693764000000, 1693785600000, 1693807200000, 1693828800000, 1693850400000, 1693872000000, 1693893600000, 1693915200000, 1693936800000, 1693958400000, 1693980000000, 1694001600000, 1694023200000, 1694044800000, 1694066400000, 1694088000000, 1694109600000, 1694131200000, 1694152800000, 1694174400000, 1694196000000, 1694217600000, 1694239200000, 1694260800000, 1694282400000, 1694304000000, 1694325600000, 1694347200000, 1694368800000, 1694390400000, 1694412000000, 1694433600000, 1694455200000, 1694476800000, 1694498400000, 1694520000000, 1694541600000, 1694563200000, 1694584800000, 1694606400000, 1694628000000, 1694649600000, 1694671200000, 1694692800000, 1694714400000, 1694736000000, 1694757600000, 1694779200000, 1694800800000, 1694822400000, 1694844000000, 1694865600000, 1694887200000, 1694908800000, 1694930400000, 1694952000000, 1694973600000, 1694995200000, 1695016800000, 1695038400000, 1695060000000, 1695081600000, 1695103200000, 1695124800000, 1695146400000, 1695168000000, 1695189600000, 1695211200000, 1695232800000, 1695254400000, 1695276000000, 1695297600000, 1695319200000, 1695340800000, 1695362400000, 1695384000000, 1695405600000, 1695427200000, 1695448800000, 1695470400000, 1695492000000, 1695513600000, 1695535200000, 1695556800000, 1695578400000, 1695600000000, 1695621600000, 1695643200000, 1695664800000, 1695686400000, 1695708000000, 1695729600000, 1695751200000, 1695772800000, 1695794400000, 1695816000000, 1695837600000, 1695859200000, 1695880800000, 1695902400000, 1695924000000, 1695945600000, 1695967200000, 1695988800000, 1696010400000, 1696032000000, 1696053600000, 1696075200000, 1696096800000, 1696118400000, 1696140000000, 1696161600000, 1696183200000, 1696204800000, 1696226400000, 1696248000000, 1696269600000, 1696291200000, 1696312800000, 1696334400000, 1696356000000, 1696377600000, 1696399200000, 1696420800000, 1696442400000, 1696464000000, 1696485600000, 1696507200000, 1696528800000, 1696550400000, 1696572000000, 1696593600000, 1696615200000, 1696636800000, 1696658400000, 1696680000000, 1696701600000, 1696723200000, 1696744800000, 1696766400000, 1696788000000, 1696809600000, 1696831200000, 1696852800000, 1696874400000, 1696896000000, 1696917600000, 1696939200000, 1696960800000, 1696982400000, 1697004000000, 1697025600000, 1697047200000, 1697068800000, 1697090400000, 1697112000000, 1697133600000, 1697155200000, 1697176800000, 1697198400000, 1697220000000, 1697241600000, 1697263200000, 1697284800000, 1697306400000, 1697328000000, 1697349600000, 1697371200000, 1697392800000, 1697414400000], "courses": [185.1, 208.5, 230.2, 252.9, 232.3, 219.1, 246.0, 230.4, 293.1, 316.8, 274.9, 340.7, 9.1, 25.6, 1.4, 17.9, 13.6, 95.8, 117.9, 151.5, 149.5, 196.5, 193.9, 194.6, 171.8, 182.2, 183.9, 219.5, 238.9, 197.6, 155.5, 178.7, 174.5, 227.3, 264.9, 284.4, 286.9, 328.0, 347.7, 28.5, 6.1, 303.8, 305.0, 334.1, 296.0, 291.3, 195.1, 113.2, 108.3, 104.2, 108.1, 97.4, 56.1, 68.6, 95.2, 103.3, 122.5, 55.8, 37.6, 55.9, 37.2, 29.3, 20.5, 22.5, 31.3, 16.7, 58.9, 43.2, 350.6, 341.2, 324.3, 11.5, 17.3, 3.4, 22.0, 301.3, 269.8, 218.5, 224.0, 193.1, 145.2, 184.9, 163.4, 193.6, 219.6, 218.4, 212.6, 221.8, 193.9, 237.0, 230.6, 267.3, 229.2, 216.0, 140.3, 132.6, 186.6, 147.5, 204.9, 165.7, 138.2, 156.4, 131.3, 146.4, 142.9, 110.1, 115.5, 73.4, 10.0, 344.3, 340.8, 310.9, 313.7, 333.2, 315.9, 329.9, 340.0, 333.8, 341.4, 317.4, 15.3, 352.2, 352.2, 322.1, 321.5, 236.7, 254.2, 243.7, 96.6, 87.6, 96.3, 77.7, 77.8, 39.7, 59.7, 66.3, 61.7, 97.8, 41.0, 53.9, 56.5, 39.8, 35.4, 38.3, 79.1, 58.1, 106.0, 105.9, 147.8, 166.6, 155.2, 148.8, 143.9, 181.7, 180.2, 202.3, 186.4, 168.0, 136.9, 196.0, 213.1, 191.0, 183.2, 171.6, 155.1, 178.4, 199.6, 225.3, 258.8, 309.3, 304.9, 297.5, 295.7, 267.8, 269.0, 249.0, 236.3, 280.8, 256.2, 259.2, 266.9, 295.6, 283.5, 282.2, 248.1, 290.7, 321.3, 317.4, 3.1, 37.0, 38.6, 44.1, 56.0, 67.1, 80.0, 50.7, 35.4, 56.8, 50.1, 29.4, 2.6, 43.8, 50.8, 46.6, 50.1, 11.8, 357.2, 25.6, 332.7, 324.2, 274.7, 255.5, 271.1, 8.4, 14.7, 32.1, 33.0, 46.0, 91.1, 22.2, 11.2, 169.9, 179.6, 158.9, 194.9, 199.8, 150.8, 199.4, 186.5, 192.3, 210.3, 213.2, 255.9, 266.6, 246.6, 222.9, 201.0, 277.9, 316.6, 324.8, 325.4, 75.4, 85.1, 65.9, 44.7, 79.5, 102.1, 69.6, 118.9, 139.9, 149.9, 113.8, 81.0, 30.3, 33.7, 346.1, 357.0, 10.0, 53.8, 17.7, 23.9, 2.6, 53.5, 1.4, 317.7, 322.2, 337.3, 26.4, 66.0, 348.1, 297.3, 265.4, 289.7, 232.7, 271.6, 214.1, 232.4, 250.9, 261.3, 229.1, 114.9, 96.2, 77.9, 83.7, 10.0, 357.2, 350.2, 75.4, 120.3, 81.0, 110.2, 112.0, 173.9, 190.1, 184.5, 170.9, 152.7, 135.6, 176.0, 184.8, 234.5, 175.4, 137.7, 73.5, 128.0, 124.8, 124.4, 158.4, 119.0, 140.2, 169.6, 190.6, 190.6]}}, "geometry": {"type": "LineString", "coordinates": [[3.6, 41.2], [3.57277, 40.96862], [3.43326, 40.7739], [3.32726, 40.70699], [3.17465, 40.6712], [3.04159, 40.59301], [2.81453, 40.38002], [2.57697, 40.29912], [2.47017, 40.23168], [2.26989, 40.29656], [2.03707, 40.48467], [1.87157, 40.49535], [1.80006, 40.65067], [1.83224, 40.8022], [1.95247, 40.99142], [1.95851, 41.17486], [2.00454, 41.28192], [2.06748, 41.4765], [2.32075, 41.45706], [2.43755, 41.41062], [2.57759, 41.21655], [2.75552, 40.9885], [2.68863, 40.81734], [2.63294, 40.64665], [2.55287, 40.41194], [2.59051, 40.21223], [2.57948, 39.99196], [2.55813, 39.74897], [2.41303, 39.61352], [2.20837, 39.51814], [2.14957, 39.3752], [2.25344, 39.19893], [2.25936, 38.99261], [2.29182, 38.73089], [2.09665, 38.59008], [1.84523, 38.57216], [1.50711, 38.63924], [1.184, 38.71557], [1.0403, 38.89436], [0.97841, 39.1154], [1.04748, 39.21392], [1.07039, 39.38021], [0.82993, 39.50405], [0.70007, 39.57403], [0.57282, 39.77503], [0.30292, 39.87576], [-0.029, 39.97467], [-0.06427, 39.87401], [0.1959, 39.7882], [0.53092, 39.70228], [0.65673, 39.6777], [0.90584, 39.61475], [1.18845, 39.58601], [1.47398, 39.7332], [1.72809, 39.80946], [2.0209, 39.78869], [2.20111, 39.75568], [2.44281, 39.63707], [2.72148, 39.78247], [2.85493, 39.91541], [3.15077, 40.06806], [3.28072, 40.19878], [3.38837, 40.34516], [3.47607, 40.52331], [3.53581, 40.63261], [3.64465, 40.76818], [3.7057, 40.92219], [3.91441, 41.01704], [4.08231, 41.15166], [4.04969, 41.29952], [3.92994, 41.56192], [3.76724, 41.73103], [3.8105, 41.88998], [3.90124, 42.10578], [3.92145, 42.35441], [4.02676, 42.54639], [3.71307, 42.68618], [3.52451, 42.68543], [3.31951, 42.49497], [3.21071, 42.41185], [3.13727, 42.17751], [3.30535, 41.99759], [3.28703, 41.8382], [3.33469, 41.71921], [3.29568, 41.59825], [3.12065, 41.43965], [2.99485, 41.32028], [2.83776, 41.13539], [2.73781, 41.05111], [2.67548, 40.86097], [2.38227, 40.71606], [2.22027, 40.61486], [2.03515, 40.60815], [1.78812, 40.4458], [1.59442, 40.24185], [1.75658, 40.0924], [1.98631, 39.93004], [1.96036, 39.7571], [2.10663, 39.58015], [2.02866, 39.45032], [2.10299, 39.22389], [2.20001, 39.13983], [2.29344, 38.97356], [2.5218, 38.81719], [2.68534, 38.62452], [2.81398, 38.49153], [3.02377, 38.43131], [3.25368, 38.34527], [3.43374, 38.38733], [3.4598, 38.50241], [3.41684, 38.62161], [3.3037, 38.87441], [3.08267, 39.02288], [2.8691, 39.18104], [2.75936, 39.34893], [2.5495, 39.51605], [2.48442, 39.60263], [2.38566, 39.8115], [2.28144, 39.97381], [2.22815, 40.09524], [2.05407, 40.23956], [2.12684, 40.4417], [2.10621, 40.55656], [2.06525, 40.78213], [1.87119, 40.97], [1.652, 41.17724], [1.5082, 41.10611], [1.16582, 41.03276], [0.85342, 40.91572], [1.09958, 40.89409], [1.41853, 40.90389], [1.68271, 40.8817], [2.01875, 40.93668], [2.23903, 40.97232], [2.38488, 41.10461], [2.62947, 41.21206], [2.7797, 41.2615], [3.00803, 41.35365], [3.28049, 41.32526], [3.3662, 41.39921], [3.49736, 41.47069], [3.7193, 41.58029], [3.92675, 41.7656], [4.14078, 41.98908], [4.35284, 42.18795], [4.58922, 42.22143], [4.84147, 42.33728], [5.0519, 42.29259], [5.2928, 42.24138], [5.42225, 42.08872], [5.45428, 41.98898], [5.53072, 41.86578], [5.65914, 41.70729], [5.85032, 41.51078], [5.8401, 41.2514], [5.83886, 40.97925], [5.70831, 40.73832], [5.66757, 40.46106], [5.7038, 40.33099], [5.80463, 40.24868], [5.75086, 40.10485], [5.64984, 39.98587], [5.60441, 39.80706], [5.58575, 39.54617], [5.6157, 39.38967], [5.74572, 39.1728], [5.75576, 38.89453], [5.65954, 38.68304], [5.42612, 38.50177], [5.20053, 38.4666], [5.02559, 38.57846], [4.81702, 38.69195], [4.60108, 38.77929], [4.38866, 38.85857], [4.20588, 38.85308], [4.02127, 38.85052], [3.87803, 38.80748], [3.70984, 38.71994], [3.48623, 38.75313], [3.24861, 38.70725], [2.92486, 38.65865], [2.63246, 38.64582], [2.35636, 38.74865], [2.10399, 38.79556], [1.79589, 38.84707], [1.53678, 38.76573], [1.23617, 38.85368], [1.0726, 39.01248], [0.97229, 39.09715], [0.98549, 39.28351], [1.17708, 39.47936], [1.33335, 39.62986], [1.54358, 39.79636], [1.7799, 39.91837], [1.90355, 39.9584], [2.05312, 39.97851], [2.1627, 40.04717], [2.26745, 40.15962], [2.52245, 40.28675], [2.70741, 40.40427], [2.86938, 40.62249], [2.88404, 40.86667], [3.12218, 41.05369], [3.40132, 41.22431], [3.64808, 41.3992], [3.76274, 41.47099], [3.82247, 41.68538], [3.80616, 41.93509], [3.92731, 42.12232], [3.841, 42.24592], [3.62257, 42.46905], [3.34567, 42.48538], [3.16583, 42.4509], [3.02822, 42.4528], [3.07762, 42.69835], [3.13621, 42.86167], [3.22631, 42.96669], [3.33738, 43.09171], [3.50732, 43.21107], [3.83684, 43.20605], [3.97432, 43.45009], [4.02514, 43.63572], [4.05883, 43.4979], [4.06021, 43.33529], [4.18948, 43.0912], [4.10254, 42.85224], [3.99167, 42.62603], [4.09791, 42.48577], [4.00488, 42.29031], [3.98517, 42.16256], [3.91074, 41.90888], [3.81178, 41.78233], [3.6954, 41.64948], [3.54874, 41.62195], [3.20724, 41.60617], [2.87817, 41.49916], [2.68679, 41.34436], [2.58934, 41.15332], [2.41805, 41.17109], [2.27714, 41.28313], [2.1893, 41.37667], [2.04361, 41.5345], [2.34142, 41.59232], [2.49331, 41.60192], [2.80816, 41.70673], [2.97589, 41.83291], [3.16435, 41.85869], [3.38369, 41.82341], [3.55765, 41.87153], [3.80939, 41.76753], [4.04806, 41.55499], [4.20542, 41.35094], [4.54028, 41.2395], [4.8943, 41.28087], [4.95974, 41.36494], [5.12631, 41.55183], [5.07203, 41.71524], [5.05869, 41.90552], [5.09181, 42.04465], [5.2428, 42.12648], [5.32085, 42.30784], [5.38061, 42.40751], [5.38753, 42.52117], [5.54438, 42.60662], [5.55186, 42.82366], [5.38856, 42.95478], [5.26749, 43.06868], [5.13311, 43.30229], [5.22894, 43.44259], [5.36066, 43.48506], [5.28512, 43.74463], [5.03147, 43.8389], [4.68618, 43.81818], [4.50393, 43.86514], [4.196, 43.69491], [4.04385, 43.69792], [3.87389, 43.51608], [3.76576, 43.45552], [3.62679, 43.42042], [3.41439, 43.39649], [3.16082, 43.23621], [3.28322, 43.19473], [3.6066, 43.16862], [3.97697, 43.22601], [4.34415, 43.25507], [4.41122, 43.52953], [4.4047, 43.6269], [4.38095, 43.72605], [4.55834, 43.7593], [4.86195, 43.63047], [5.12881, 43.66063], [5.25519, 43.62687], [5.54867, 43.54058], [5.5652, 43.4291], [5.49807, 43.1546], [5.47863, 42.97454], [5.51105, 42.82597], [5.57512, 42.73489], [5.68966, 42.64892], [5.70351, 42.50172], [5.68777, 42.36329], [5.42536, 42.22416], [5.44452, 42.04676], [5.69471, 41.84189], [6.03058, 41.91539], [6.19651, 41.81873], [6.33305, 41.74794], [6.58148, 41.62062], [6.63692, 41.51556], [6.81285, 41.4424], [7.03749, 41.23921], [7.08103, 41.061], [7.05094, 40.93964]]}}, {"type": "Feature", "properties": {"type": "track", "placeholder": true, "whale_id": "MED-11", "species": "Sperm whale", "segment_name": "MED-11 (Sperm whale)", "start_time": "2024-01-19T00:00:00Z", "end_time": "2024-06-12T00:00:00Z", "track_days": 145, "home_range_km": 256, "animation_mode": "uniform", "coordinateProperties": {"times": [1705622400000, 1705644000000, 1705665600000, 1705687200000, 1705708800000, 1705730400000, 1705752000000, 1705773600000, 1705795200000, 1705816800000, 1705838400000, 1705860000000, 1705881600000, 1705903200000, 1705924800000, 1705946400000, 1705968000000, 1705989600000, 1706011200000, 1706032800000, 1706054400000, 1706076000000, 1706097600000, 1706119200000, 1706140800000, 1706162400000, 1706184000000, 1706205600000, 1706227200000, 1706248800000, 1706270400000, 1706292000000, 1706313600000, 1706335200000, 1706356800000, 1706378400000, 1706400000000, 1706421600000, 1706443200000, 1706464800000, 1706486400000, 1706508000000, 1706529600000, 1706551200000, 1706572800000, 1706594400000, 1706616000000, 1706637600000, 1706659200000, 1706680800000, 1706702400000, 1706724000000, 1706745600000, 1706767200000, 1706788800000, 1706810400000, 1706832000000, 1706853600000, 1706875200000, 1706896800000, 1706918400000, 1706940000000, 1706961600000, 1706983200000, 1707004800000, 1707026400000, 1707048000000, 1707069600000, 1707091200000, 1707112800000, 1707134400000, 1707156000000, 1707177600000, 1707199200000, 1707220800000, 1707242400000, 1707264000000, 1707285600000, 1707307200000, 1707328800000, 1707350400000, 1707372000000, 1707393600000, 1707415200000, 1707436800000, 1707458400000, 1707480000000, 1707501600000, 1707523200000, 1707544800000, 1707566400000, 1707588000000, 1707609600000, 1707631200000, 1707652800000, 1707674400000, 1707696000000, 1707717600000, 1707739200000, 1707760800000, 1707782400000, 1707804000000, 1707825600000, 1707847200000, 1707868800000, 1707890400000, 1707912000000, 1707933600000, 1707955200000, 1707976800000, 1707998400000, 1708020000000, 1708041600000, 1708063200000, 1708084800000, 1708106400000, 1708128000000, 1708149600000, 1708171200000, 1708192800000, 1708214400000, 1708236000000, 1708257600000, 1708279200000, 1708300800000, 1708322400000, 1708344000000, 1708365600000, 1708387200000, 1708408800000, 1708430400000, 1708452000000, 1708473600000, 1708495200000, 1708516800000, 1708538400000, 1708560000000, 1708581600000, 1708603200000, 1708624800000, 1708646400000, 1708668000000, 1708689600000, 1708711200000, 1708732800000, 1708754400000, 1708776000000, 1708797600000, 1708819200000, 1708840800000, 1708862400000, 1708884000000, 1708905600000, 1708927200000, 1708948800000, 1708970400000, 1708992000000, 1709013600000, 1709035200000, 1709056800000, 1709078400000, 1709100000000, 1709121600000, 1709143200000, 1709164800000, 1709186400000, 1709208000000, 1709229600000, 1709251200000, 1709272800000, 1709294400000, 1709316000000, 1709337600000, 1709359200000, 1709380800000, 1709402400000, 1709424000000, 1709445600000, 1709467200000, 1709488800000, 1709510400000, 1709532000000, 1709553600000, 1709575200000, 1709596800000, 1709618400000, 1709640000000, 1709661600000, 1709683200000, 1709704800000, 1709726400000, 1709748000000, 1709769600000, 1709791200000, 1709812800000, 1709834400000, 1709856000000, 1709877600000, 1709899200000, 1709920800000, 1709942400000, 1709964000000, 1709985600000, 1710007200000, 1710028800000, 1710050400000, 1710072000000, 1710093600000, 1710115200000, 1710136800000, 1710158400000, 1710180000000, 1710201600000, 1710223200000, 1710244800000, 1710266400000, 1710288000000, 1710309600000, 1710331200000, 1710352800000, 1710374400000, 1710396000000, 1710417600000, 1710439200000, 1710460800000, 1710482400000, 1710504000000, 1710525600000, 1710547200000, 1710568800000, 1710590400000, 1710612000000, 1710633600000, 1710655200000, 1710676800000, 1710698400000, 1710720000000, 1710741600000, 1710763200000, 1710784800000, 1710806400000, 1710828000000, 1710849600000, 1710871200000, 1710892800000, 1710914400000, 1710936000000, 1710957600000, 1710979200000, 1711000800000, 1711022400000, 1711044000000, 1711065600000, 1711087200000, 1711108800000, 1711130400000, 1711152000000, 1711173600000, 1711195200000, 1711216800000, 1711238400000, 1711260000000, 1711281600000, 1711303200000, 1711324800000, 1711346400000, 1711368000000, 1711389600000, 1711411200000, 1711432800000, 1711454400000, 1711476000000, 1711497600000, 1711519200000, 1711540800000, 1711562400000, 1711584000000, 1711605600000, 1711627200000, 1711648800000, 1711670400000, 1711692000000, 1711713600000, 1711735200000, 1711756800000, 1711778400000, 1711800000000, 1711821600000, 1711843200000, 1711864800000, 1711886400000, 1711908000000, 1711929600000, 1711951200000, 1711972800000, 1711994400000, 1712016000000, 1712037600000, 1712059200000, 1712080800000, 1712102400000, 1712124000000, 1712145600000, 1712167200000, 1712188800000, 1712210400000, 1712232000000, 1712253600000, 1712275200000, 1712296800000, 1712318400000, 1712340000000, 1712361600000, 1712383200000, 1712404800000, 1712426400000, 1712448000000, 1712469600000, 1712491200000, 1712512800000, 1712534400000, 1712556000000, 1712577600000, 1712599200000, 1712620800000, 1712642400000, 1712664000000, 1712685600000, 1712707200000, 1712728800000, 1712750400000, 1712772000000, 1712793600000, 1712815200000, 1712836800000, 1712858400000, 1712880000000, 1712901600000, 1712923200000, 1712944800000, 1712966400000, 1712988000000, 1713009600000, 1713031200000, 1713052800000, 1713074400000, 1713096000000, 1713117600000, 1713139200000, 1713160800000, 1713182400000, 1713204000000, 1713225600000, 1713247200000, 1713268800000, 1713290400000, 1713312000000, 1713333600000, 1713355200000, 1713376800000, 1713398400000, 1713420000000, 1713441600000, 1713463200000, 1713484800000, 1713506400000, 1713528000000, 1713549600000, 1713571200000, 1713592800000, 1713614400000, 1713636000000, 1713657600000, 1713679200000, 1713700800000, 1713722400000, 1713744000000, 1713765600000, 1713787200000, 1713808800000, 1713830400000, 1713852000000, 1713873600000, 1713895200000, 1713916800000, 1713938400000, 1713960000000, 1713981600000, 1714003200000, 1714024800000, 1714046400000, 1714068000000, 1714089600000, 1714111200000, 1714132800000, 1714154400000, 1714176000000, 1714197600000, 1714219200000, 1714240800000, 1714262400000, 1714284000000, 1714305600000, 1714327200000, 1714348800000, 1714370400000, 1714392000000, 1714413600000, 1714435200000, 1714456800000, 1714478400000, 1714500000000, 1714521600000, 1714543200000, 1714564800000, 1714586400000, 1714608000000, 1714629600000, 1714651200000, 1714672800000, 1714694400000, 1714716000000, 1714737600000, 1714759200000, 1714780800000, 1714802400000, 1714824000000, 1714845600000, 1714867200000, 1714888800000, 1714910400000, 1714932000000, 1714953600000, 1714975200000, 1714996800000, 1715018400000, 1715040000000, 1715061600000, 1715083200000, 1715104800000, 1715126400000, 1715148000000, 1715169600000, 1715191200000, 1715212800000, 1715234400000, 1715256000000, 1715277600000, 1715299200000, 1715320800000, 1715342400000, 1715364000000, 1715385600000, 1715407200000, 1715428800000, 1715450400000, 1715472000000, 1715493600000, 1715515200000, 1715536800000, 1715558400000, 1715580000000, 1715601600000, 1715623200000, 1715644800000, 1715666400000, 1715688000000, 1715709600000, 1715731200000, 1715752800000, 1715774400000, 1715796000000, 1715817600000, 1715839200000, 1715860800000, 1715882400000, 1715904000000, 1715925600000, 1715947200000, 1715968800000, 1715990400000, 1716012000000, 1716033600000, 1716055200000, 1716076800000, 1716098400000, 1716120000000, 1716141600000, 1716163200000, 1716184800000, 1716206400000, 1716228000000, 1716249600000, 1716271200000, 1716292800000, 1716314400000, 1716336000000, 1716357600000, 1716379200000, 1716400800000, 1716422400000, 1716444000000, 1716465600000, 1716487200000, 1716508800000, 1716530400000, 1716552000000, 1716573600000, 1716595200000, 1716616800000, 1716638400000, 1716660000000, 1716681600000, 1716703200000, 1716724800000, 1716746400000, 1716768000000, 1716789600000, 1716811200000, 1716832800000, 1716854400000, 1716876000000, 1716897600000, 1716919200000, 1716940800000, 1716962400000, 1716984000000, 1717005600000, 1717027200000, 1717048800000, 1717070400000, 1717092000000, 1717113600000, 1717135200000, 1717156800000, 1717178400000, 1717200000000, 1717221600000, 1717243200000, 1717264800000, 1717286400000, 1717308000000, 1717329600000, 1717351200000, 1717372800000, 1717394400000, 1717416000000, 1717437600000, 1717459200000, 1717480800000, 1717502400000, 1717524000000, 1717545600000, 1717567200000, 1717588800000, 1717610400000, 1717632000000, 1717653600000, 1717675200000, 1717696800000, 1717718400000, 1717740000000, 1717761600000, 1717783200000, 1717804800000, 1717826400000, 1717848000000, 1717869600000, 1717891200000, 1717912800000, 1717934400000, 1717956000000, 1717977600000, 1717999200000, 1718020800000, 1718042400000, 1718064000000, 1718085600000, 1718107200000, 1718128800000, 1718150400000], "courses": [317.0, 171.6, 147.1, 139.2, 148.6, 162.5, 183.2, 172.2, 163.1, 153.0, 188.9, 188.4, 205.4, 174.0, 201.5, 218.5, 231.4, 291.7, 285.6, 299.5, 352.9, 357.2, 21.3, 91.5, 112.9, 123.8, 154.3, 116.2, 91.2, 77.2, 55.4, 78.4, 59.7, 30.8, 0.5, 3.8, 0.9, 258.1, 205.3, 174.0, 138.2, 107.0, 188.1, 232.6, 272.8, 266.8, 328.7, 9.9, 45.5, 7.8, 344.5, 358.0, 315.2, 324.6, 305.9, 332.9, 320.1, 296.0, 288.6, 352.3, 338.1, 333.3, 347.1, 266.6, 264.7, 207.1, 172.8, 182.2, 176.6, 187.8, 181.6, 169.4, 141.4, 119.8, 143.5, 107.0, 122.3, 94.9, 63.0, 88.1, 104.3, 153.1, 164.7, 203.3, 249.1, 233.7, 250.7, 256.5, 265.3, 235.8, 257.5, 278.1, 267.2, 300.9, 330.1, 7.2, 9.7, 348.2, 298.1, 277.5, 243.2, 251.8, 275.6, 287.2, 321.5, 307.3, 17.0, 58.4, 24.5, 1.7, 344.2, 327.9, 339.0, 323.1, 11.2, 24.4, 26.6, 356.7, 315.1, 313.3, 323.7, 317.0, 348.5, 56.1, 92.5, 104.4, 132.8, 121.6, 103.9, 101.0, 14.4, 69.6, 53.7, 44.3, 63.5, 18.0, 92.9, 121.9, 92.9, 53.8, 103.9, 79.3, 194.0, 200.4, 265.7, 286.5, 329.7, 355.2, 172.5, 128.2, 120.8, 113.1, 110.5, 86.9, 114.3, 69.1, 92.2, 142.6, 163.6, 182.4, 158.6, 213.5, 237.1, 197.0, 201.4, 160.5, 160.7, 161.3, 150.9, 186.8, 15.0, 29.1, 358.8, 13.9, 31.0, 351.7, 18.0, 22.2, 17.0, 14.9, 40.6, 107.9, 131.7, 27.5, 348.6, 343.1, 335.4, 324.8, 341.4, 340.7, 330.9, 309.5, 297.2, 289.6, 293.4, 290.1, 253.9, 235.7, 289.8, 296.2, 299.4, 343.1, 343.9, 198.5, 194.4, 188.8, 23.2, 58.7, 44.7, 102.4, 52.5, 99.6, 127.7, 151.9, 184.1, 200.7, 171.0, 206.9, 191.2, 155.0, 159.4, 140.4, 110.5, 145.6, 163.4, 156.2, 183.6, 215.8, 254.5, 232.2, 213.7, 166.8, 189.0, 164.9, 153.2, 182.0, 148.9, 160.5, 192.7, 300.8, 265.7, 274.1, 341.3, 2.0, 357.2, 27.3, 316.7, 271.7, 353.5, 32.7, 351.9, 3.1, 11.5, 78.9, 93.4, 157.3, 178.0, 188.9, 237.8, 246.9, 240.0, 262.8, 224.7, 258.4, 253.3, 263.6, 262.5, 274.2, 300.3, 294.8, 347.1, 339.4, 194.2, 206.5, 161.6, 152.5, 149.8, 129.9, 170.0, 200.9, 199.4, 256.8, 271.6, 301.1, 308.0, 319.5, 282.8, 3.7, 356.5, 291.8, 275.4, 332.2, 35.5, 54.8, 52.6, 40.0, 51.4, 24.2, 3.9, 12.4, 7.4, 2.9, 211.3, 249.0, 243.0, 247.6, 293.6, 250.1, 281.2, 233.1, 253.4, 289.1, 221.3, 205.9, 191.6, 178.4, 162.6, 115.2, 87.0, 86.9, 68.0, 60.4, 101.0, 132.2, 150.7, 172.5, 241.7, 252.8, 235.2, 225.2, 173.8, 167.0, 127.8, 78.2, 88.6, 104.8, 124.7, 69.0, 113.7, 123.6, 145.1, 131.5, 213.8, 256.5, 263.2, 313.8, 326.7, 345.0, 358.8, 333.7, 358.8, 339.4, 289.9, 297.2, 309.0, 334.1, 344.1, 297.8, 325.8, 343.8, 344.3, 339.3, 309.6, 299.3, 322.2, 330.3, 358.2, 354.2, 15.7, 26.6, 47.3, 97.8, 120.5, 132.4, 133.7, 100.0, 37.3, 50.2, 60.7, 76.8, 77.9, 116.7, 108.2, 116.3, 102.4, 344.2, 54.9, 94.5, 108.3, 84.6, 58.8, 227.4, 197.6, 292.5, 321.1, 286.9, 247.1, 264.6, 211.8, 223.1, 191.0, 150.3, 170.4, 152.0, 123.5, 154.6, 185.4, 150.1, 71.1, 96.6, 106.5, 112.8, 170.7, 167.8, 205.2, 204.1, 165.7, 143.5, 136.2, 136.6, 122.4, 136.7, 175.3, 190.7, 158.7, 188.0, 197.2, 200.2, 116.1, 41.5, 3.4, 13.5, 49.3, 355.4, 97.0, 88.1, 87.8, 183.4, 184.5, 224.2, 245.4, 281.7, 252.0, 268.4, 247.7, 272.7, 259.0, 288.2, 257.8, 248.5, 276.6, 291.1, 270.3, 309.5, 277.2, 277.9, 271.9, 249.6, 195.8, 212.1, 220.3, 162.6, 113.4, 84.1, 82.7, 96.7, 66.2, 46.5, 37.3, 33.4, 8.3, 63.6, 87.4, 103.0, 93.3, 97.3, 52.6, 48.0, 68.2, 88.9, 250.9, 241.7, 268.0, 327.9, 313.5, 291.2, 313.0, 290.7, 260.7, 215.3, 208.5, 238.2, 265.0, 318.3, 316.4, 333.8, 315.7, 285.1, 291.8, 304.4, 344.7, 338.0, 348.4, 296.7, 215.7, 233.3, 198.7, 218.5, 205.6, 201.1, 147.6, 121.6, 105.8, 84.9, 77.3, 33.8, 31.1, 21.2, 10.7, 29.7, 75.4, 21.8, 54.0, 49.2, 22.8, 16.4, 303.2, 241.0, 238.3, 214.8, 145.5, 98.7, 103.6, 116.9, 107.7, 72.9, 74.4, 66.8, 40.1, 28.6, 16.9, 6.5, 24.4, 19.3, 358.7, 345.4, 313.1, 328.3, 227.6, 176.2, 137.4, 122.8, 79.6, 73.2, 76.0, 50.1, 13.5, 41.2, 9.3, 356.9, 325.6, 299.6, 285.0, 264.1, 275.2, 299.8, 297.9, 297.8, 325.3, 143.5, 179.1, 116.2, 178.0, 146.5, 122.6, 99.8, 158.9, 143.0, 143.4, 148.2, 148.2]}}, "geometry": {"type": "LineString", "coordinates": [[22.2, 36.9], [22.02588, 37.04905], [22.05792, 36.87531], [22.21833, 36.67607], [22.42291, 36.48553], [22.56025, 36.30387], [22.66313, 36.0404], [22.64883, 35.83283], [22.69159, 35.579], [22.77428, 35.35763], [22.9135, 35.1345], [22.88823, 35.00211], [22.84131, 34.74093], [22.78533, 34.64376], [22.80463, 34.49174], [22.7159, 34.30604], [22.53517, 34.11775], [22.36368, 34.00406], [22.14612, 34.07565], [21.98047, 34.11393], [21.83178, 34.18356], [21.80399, 34.36841], [21.7876, 34.64751], [21.84364, 34.76585], [22.14404, 34.75908], [22.33081, 34.69406], [22.53945, 34.57882], [22.63165, 34.42041], [22.81061, 34.34767], [23.05276, 34.34329], [23.17669, 34.36656], [23.35836, 34.46967], [23.60709, 34.51166], [23.71213, 34.56219], [23.79235, 34.67286], [23.79433, 34.86614], [23.80858, 35.04226], [23.81166, 35.19826], [23.51334, 35.14658], [23.44137, 35.02208], [23.47667, 34.74583], [23.58868, 34.64288], [23.81627, 34.58528], [23.78426, 34.3992], [23.52219, 34.23328], [23.19532, 34.24604], [23.07802, 34.24051], [23.00604, 34.33806], [23.05497, 34.56895], [23.2084, 34.69265], [23.24371, 34.90402], [23.19146, 35.05838], [23.17933, 35.33562], [23.08119, 35.41614], [22.92674, 35.59275], [22.73834, 35.70339], [22.66471, 35.82023], [22.50889, 35.97114], [22.29355, 36.05595], [21.99099, 36.13791], [21.95101, 36.37706], [21.82366, 36.63139], [21.74772, 36.75231], [21.69826, 36.92436], [21.56975, 36.91827], [21.32816, 36.90018], [21.26005, 36.79355], [21.29418, 36.57524], [21.28592, 36.40124], [21.30161, 36.18607], [21.26105, 35.94546], [21.25377, 35.73114], [21.30331, 35.51638], [21.39184, 35.42606], [21.67627, 35.29281], [21.79282, 35.16418], [21.99204, 35.11409], [22.27263, 34.96822], [22.44055, 34.95637], [22.63891, 35.03911], [22.82819, 35.0442], [23.11693, 34.98376], [23.2615, 34.74981], [23.32775, 34.55065], [23.27187, 34.4437], [22.99258, 34.35541], [22.81657, 34.24844], [22.63018, 34.19437], [22.37223, 34.14302], [22.15262, 34.12798], [22.00353, 34.04393], [21.74487, 33.99621], [21.46151, 34.02945], [21.20437, 34.01889], [21.04296, 34.09875], [20.98163, 34.18694], [21.01155, 34.38365], [21.03938, 34.5173], [20.9988, 34.67653], [20.7182, 34.7992], [20.56605, 34.81562], [20.4428, 34.76447], [20.12729, 34.67865], [19.94811, 34.69284], [19.62368, 34.7747], [19.41754, 34.98678], [19.20223, 35.12092], [19.28728, 35.34722], [19.5642, 35.48586], [19.63512, 35.61223], [19.64155, 35.78593], [19.56572, 36.00329], [19.46343, 36.13472], [19.39482, 36.27872], [19.24643, 36.4376], [19.29095, 36.61877], [19.3736, 36.76504], [19.49569, 36.9595], [19.48542, 37.10133], [19.30544, 37.2451], [19.14174, 37.36768], [18.95756, 37.56623], [18.86946, 37.641], [18.80322, 37.8982], [19.00094, 38.00259], [19.25062, 37.99369], [19.38298, 37.96676], [19.64105, 37.77735], [19.79185, 37.70371], [20.02613, 37.6577], [20.36595, 37.60465], [20.44261, 37.84103], [20.65191, 37.9022], [20.89639, 38.04355], [21.12444, 38.22696], [21.30594, 38.29785], [21.36034, 38.42888], [21.54469, 38.42153], [21.70735, 38.34193], [22.03399, 38.3283], [22.16311, 38.40234], [22.4813, 38.3403], [22.73168, 38.37728], [22.69723, 38.26871], [22.6283, 38.12321], [22.49213, 38.11511], [22.29865, 38.15998], [22.20517, 38.28576], [22.1892, 38.43426], [22.22111, 38.24287], [22.33159, 38.17441], [22.59551, 38.05027], [22.86671, 37.95894], [23.03831, 37.90816], [23.3051, 37.9192], [23.62813, 37.80364], [23.83699, 37.86631], [24.03568, 37.86007], [24.23849, 37.6496], [24.29003, 37.51076], [24.27849, 37.28705], [24.39656, 37.04616], [24.27003, 36.89302], [24.10661, 36.80828], [24.01988, 36.58028], [23.96914, 36.47618], [24.0734, 36.23815], [24.13443, 36.09738], [24.23552, 35.85579], [24.39471, 35.62366], [24.36762, 35.43846], [24.44652, 35.67786], [24.61431, 35.92196], [24.6077, 36.18627], [24.67173, 36.39427], [24.81806, 36.58956], [24.7979, 36.70052], [24.86683, 36.87063], [24.98466, 37.10108], [25.07163, 37.32792], [25.10498, 37.42733], [25.24778, 37.55912], [25.45603, 37.50547], [25.71738, 37.3203], [25.80772, 37.45812], [25.76825, 37.6133], [25.69378, 37.80743], [25.54832, 38.05771], [25.46964, 38.14537], [25.38673, 38.33905], [25.31018, 38.51036], [25.24959, 38.59548], [25.08275, 38.70282], [24.91701, 38.76911], [24.69123, 38.83154], [24.44931, 38.91264], [24.25031, 38.96902], [23.9547, 38.90224], [23.78935, 38.81418], [23.6113, 38.86383], [23.49688, 38.9075], [23.24906, 39.01587], [23.15546, 39.25408], [23.08175, 39.45086], [22.97537, 39.20435], [22.93403, 39.07973], [22.88562, 38.83679], [22.97187, 38.99326], [23.16551, 39.0845], [23.4186, 39.2821], [23.65257, 39.24204], [23.88691, 39.38101], [24.15262, 39.34577], [24.42988, 39.17961], [24.56057, 38.98961], [24.54607, 38.8318], [24.49231, 38.72081], [24.52638, 38.55335], [24.38402, 38.33322], [24.35881, 38.23366], [24.47901, 38.03084], [24.53133, 37.92113], [24.65306, 37.80474], [24.96919, 37.71065], [25.09475, 37.56542], [25.15685, 37.39993], [25.22268, 37.28129], [25.21466, 37.18081], [25.12267, 37.07907], [24.9706, 37.0452], [24.74975, 36.90784], [24.58646, 36.71154], [24.61858, 36.60144], [24.57734, 36.39283], [24.61103, 36.29213], [24.74226, 36.08194], [24.73525, 35.91896], [24.84932, 35.76535], [24.9536, 35.52567], [24.90938, 35.36523], [24.78026, 35.42779], [24.56956, 35.41456], [24.2886, 35.43063], [24.21123, 35.61613], [24.22002, 35.81996], [24.21226, 35.94932], [24.35629, 36.17495], [24.12857, 36.36944], [23.9895, 36.37266], [23.95677, 36.60442], [24.04548, 36.71526], [24.02214, 36.84628], [24.04008, 37.10938], [24.06972, 37.22549], [24.31224, 37.26301], [24.49221, 37.25447], [24.56576, 37.11451], [24.57335, 36.93817], [24.55143, 36.82661], [24.39335, 36.74671], [24.25438, 36.69902], [24.14896, 36.65016], [23.81362, 36.61574], [23.68366, 36.51007], [23.37523, 36.4586], [23.06819, 36.38384], [22.8233, 36.36137], [22.48517, 36.32511], [22.33387, 36.33396], [22.22256, 36.38637], [22.07019, 36.44285], [22.01411, 36.6401], [21.90125, 36.88081], [21.81665, 36.61274], [21.69844, 36.42179], [21.79613, 36.18531], [21.90028, 36.02322], [22.03435, 35.83643], [22.25057, 35.68941], [22.30725, 35.42781], [22.26279, 35.33269], [22.21517, 35.22227], [21.95872, 35.17285], [21.8019, 35.17639], [21.61286, 35.26925], [21.47976, 35.35407], [21.38387, 35.44547], [21.04845, 35.50687], [21.05713, 35.61699], [21.03994, 35.84395], [20.8024, 35.92077], [20.52819, 35.94143], [20.39174, 36.15045], [20.48565, 36.25658], [20.61538, 36.33018], [20.86003, 36.48058], [20.96548, 36.58157], [21.22921, 36.75012], [21.35471, 36.97321], [21.36543, 37.09823], [21.40271, 37.23375], [21.4465, 37.50213], [21.45775, 37.68076], [21.34998, 37.54019], [21.13898, 37.47579], [20.87035, 37.36678], [20.5758, 37.26957], [20.36803, 37.34172], [20.04956, 37.24929], [19.86604, 37.27813], [19.61729, 37.12883], [19.28211, 37.04836], [19.15318, 37.08392], [18.99795, 36.94273], [18.90503, 36.7896], [18.84417, 36.55194], [18.85336, 36.27837], [18.91768, 36.11205], [19.16016, 36.01944], [19.29355, 36.02496], [19.44202, 36.03147], [19.56893, 36.07295], [19.86713, 36.20923], [20.15567, 36.16372], [20.27267, 36.07797], [20.35861, 35.95409], [20.38618, 35.78493], [20.13175, 35.67355], [19.91643, 35.61923], [19.76021, 35.53081], [19.53742, 35.34998], [19.55507, 35.21783], [19.60573, 35.03874], [19.82861, 34.89674], [20.09674, 34.94227], [20.34625, 34.94702], [20.62599, 34.88627], [20.86279, 34.75118], [21.08608, 34.82134], [21.39163, 34.71071], [21.66366, 34.56153], [21.79649, 34.40447], [21.91039, 34.32122], [21.78445, 34.16573], [21.53435, 34.11587], [21.2834, 34.09094], [21.08166, 34.25068], [20.98989, 34.36613], [20.92526, 34.56523], [20.92076, 34.747], [20.77234, 34.99326], [20.76497, 35.27119], [20.70768, 35.3957], [20.57528, 35.43465], [20.46142, 35.48231], [20.22464, 35.63814], [20.10321, 35.84036], [20.01758, 36.08256], [19.72221, 36.20793], [19.52838, 36.43734], [19.49112, 36.5403], [19.41583, 36.755], [19.33433, 36.92772], [19.17767, 37.03125], [19.01799, 37.1026], [18.91286, 37.21032], [18.80244, 37.36431], [18.79376, 37.58528], [18.76637, 37.7983], [18.84429, 38.017], [18.93999, 38.16744], [19.18524, 38.34445], [19.47798, 38.31248], [19.61503, 38.24901], [19.81325, 38.10656], [19.96686, 37.99083], [20.12834, 37.96826], [20.29178, 38.13705], [20.46859, 38.25264], [20.5818, 38.30244], [20.8093, 38.34409], [20.96775, 38.37063], [21.09953, 38.31857], [21.36957, 38.24854], [21.48817, 38.20242], [21.73183, 38.16], [21.66601, 38.34261], [21.80516, 38.4192], [22.09837, 38.4007], [22.40735, 38.31999], [22.54966, 38.33036], [22.72502, 38.41337], [22.46611, 38.22632], [22.41998, 38.11193], [22.26984, 38.16062], [22.13353, 38.29305], [21.83322, 38.364], [21.64518, 38.30151], [21.47658, 38.28897], [21.39621, 38.18718], [21.16843, 37.99544], [21.11901, 37.79402], [21.1869, 37.69994], [21.23146, 37.49183], [21.29779, 37.39266], [21.46086, 37.30686], [21.59757, 37.07735], [21.58093, 36.93629], [21.70593, 36.76174], [21.93929, 36.82559], [22.08875, 36.81172], [22.33422, 36.75314], [22.59965, 36.66336], [22.621, 36.55898], [22.65719, 36.42398], [22.56212, 36.26102], [22.46045, 36.07719], [22.53363, 35.84415], [22.62218, 35.74682], [22.78473, 35.60868], [22.93434, 35.4796], [23.12122, 35.3829], [23.34398, 35.18923], [23.36971, 34.93102], [23.34388, 34.81887], [23.40053, 34.69953], [23.37652, 34.55815], [23.30805, 34.37607], [23.21916, 34.17569], [23.42312, 34.09268], [23.59597, 34.25387], [23.61529, 34.52195], [23.69278, 34.78792], [23.91087, 34.94137], [23.88864, 35.16916], [24.22751, 35.13456], [24.42116, 35.13965], [24.59913, 35.14523], [24.59123, 35.03625], [24.57367, 34.85385], [24.47616, 34.77155], [24.29864, 34.70461], [24.15468, 34.72893], [24.01196, 34.69067], [23.75195, 34.68441], [23.57194, 34.62343], [23.33128, 34.63238], [23.18528, 34.60901], [22.86795, 34.69457], [22.73332, 34.67065], [22.61024, 34.63065], [22.30001, 34.65987], [22.13404, 34.71243], [21.90827, 34.71324], [21.78088, 34.79926], [21.66293, 34.81145], [21.49087, 34.83087], [21.22651, 34.83762], [21.09895, 34.79863], [21.05724, 34.67744], [20.98577, 34.58368], [20.87067, 34.47184], [20.96541, 34.22154], [21.19162, 34.14017], [21.48775, 34.1651], [21.75091, 34.19274], [22.00009, 34.16823], [22.17637, 34.23246], [22.27974, 34.31345], [22.39706, 34.4404], [22.51121, 34.58265], [22.54455, 34.76954], [22.78416, 34.86698], [22.94264, 34.87278], [23.23568, 34.81695], [23.5534, 34.80165], [23.81648, 34.77379], [23.95457, 34.86046], [24.15378, 35.00736], [24.28492, 35.05024], [24.58277, 35.05468], [24.39956, 35.0027], [24.13434, 34.88537], [23.84549, 34.8766], [23.7796, 34.96271], [23.66781, 35.04965], [23.38807, 35.13819], [23.21703, 35.26827], [23.03997, 35.32267], [22.73108, 35.28099], [22.61421, 35.14584], [22.54466, 35.04099], [22.34185, 34.93756], [22.04433, 34.91571], [21.89435, 35.05336], [21.81191, 35.12404], [21.7293, 35.26115], [21.63852, 35.3369], [21.3169, 35.40705], [21.09365, 35.47954], [20.85336, 35.61307], [20.79814, 35.77728], [20.69752, 35.97918], [20.64974, 36.16684], [20.51224, 36.2226], [20.43321, 36.13385], [20.30654, 36.05738], [20.24193, 35.90302], [20.06751, 35.725], [19.96039, 35.54282], [19.87692, 35.36601], [19.99737, 35.21071], [20.11958, 35.14911], [20.28142, 35.11161], [20.57844, 35.133], [20.90661, 35.19297], [21.01071, 35.3198], [21.12347, 35.47201], [21.18874, 35.60858], [21.2413, 35.83369], [21.32873, 35.95791], [21.52788, 35.99982], [21.60923, 36.16407], [21.70941, 36.22285], [21.96726, 36.40196], [22.05753, 36.57431], [22.15579, 36.84208], [22.00909, 36.9188], [21.8424, 36.84474], [21.67775, 36.7632], [21.59558, 36.66835], [21.78178, 36.45049], [22.07175, 36.41424], [22.34197, 36.36123], [22.54647, 36.27739], [22.66932, 36.24562], [22.95771, 36.31676], [23.17322, 36.36504], [23.34504, 36.42422], [23.42292, 36.49862], [23.53059, 36.65685], [23.57749, 36.78039], [23.60759, 36.99188], [23.75278, 37.24666], [23.80674, 37.36881], [23.80252, 37.51859], [23.73449, 37.72462], [23.58253, 37.83683], [23.41951, 38.0447], [23.21731, 37.89881], [23.23019, 37.74598], [23.41232, 37.58908], [23.51693, 37.53555], [23.74598, 37.56865], [23.94466, 37.61601], [24.17768, 37.66162], [24.39237, 37.80334], [24.46004, 38.02534], [24.68028, 38.22296], [24.72818, 38.45151], [24.7144, 38.64831], [24.60069, 38.77749], [24.39131, 38.86977], [24.14071, 38.92167], [23.97424, 38.90817], [23.68722, 38.92819], [23.41319, 39.04999], [23.22482, 39.1271], [22.92728, 39.24844], [22.76247, 39.43183], [22.92304, 39.26394], [22.92667, 39.07627], [23.16239, 38.98574], [23.17458, 38.71074], [23.29372, 38.57015], [23.48637, 38.47341], [23.72038, 38.44149], [23.77935, 38.32135], [23.99039, 38.10116], [24.08271, 38.00325], [24.18186, 37.87701]]}}, {"type": "Feature", "properties": {"type": "track", "placeholder": true, "whale_id": "MED-12", "species": "Fin whale", "segment_name": "MED-12 (Fin whale)", "start_time": "2024-04-05T00:00:00Z", "end_time": "2024-08-04T00:00:00Z", "track_days": 121, "home_range_km": 346, "animation_mode": "uniform", "coordinateProperties": {"times": [1712275200000, 1712296800000, 1712318400000, 1712340000000, 1712361600000, 1712383200000, 1712404800000, 1712426400000, 1712448000000, 1712469600000, 1712491200000, 1712512800000, 1712534400000, 1712556000000, 1712577600000, 1712599200000, 1712620800000, 1712642400000, 1712664000000, 1712685600000, 1712707200000, 1712728800000, 1712750400000, 1712772000000, 1712793600000, 1712815200000, 1712836800000, 1712858400000, 1712880000000, 1712901600000, 1712923200000, 1712944800000, 1712966400000, 1712988000000, 1713009600000, 1713031200000, 1713052800000, 1713074400000, 1713096000000, 1713117600000, 1713139200000, 1713160800000, 1713182400000, 1713204000000, 1713225600000, 1713247200000, 1713268800000, 1713290400000, 1713312000000, 1713333600000, 1713355200000, 1713376800000, 1713398400000, 1713420000000, 1713441600000, 1713463200000, 1713484800000, 1713506400000, 1713528000000, 1713549600000, 1713571200000, 1713592800000, 1713614400000, 1713636000000, 1713657600000, 1713679200000, 1713700800000, 1713722400000, 1713744000000, 1713765600000, 1713787200000, 1713808800000, 1713830400000, 1713852000000, 1713873600000, 1713895200000, 1713916800000, 1713938400000, 1713960000000, 1713981600000, 1714003200000, 1714024800000, 1714046400000, 1714068000000, 1714089600000, 1714111200000, 1714132800000, 1714154400000, 1714176000000, 1714197600000, 1714219200000, 1714240800000, 1714262400000, 1714284000000, 1714305600000, 1714327200000, 1714348800000, 1714370400000, 1714392000000, 1714413600000, 1714435200000, 1714456800000, 1714478400000, 1714500000000, 1714521600000, 1714543200000, 1714564800000, 1714586400000, 1714608000000, 1714629600000, 1714651200000, 1714672800000, 1714694400000, 1714716000000, 1714737600000, 1714759200000, 1714780800000, 1714802400000, 1714824000000, 1714845600000, 1714867200000, 1714888800000, 1714910400000, 1714932000000, 1714953600000, 1714975200000, 1714996800000, 1715018400000, 1715040000000, 1715061600000, 1715083200000, 1715104800000, 1715126400000, 1715148000000, 1715169600000, 1715191200000, 1715212800000, 1715234400000, 1715256000000, 1715277600000, 1715299200000, 1715320800000, 1715342400000, 1715364000000, 1715385600000, 1715407200000, 1715428800000, 1715450400000, 1715472000000, 1715493600000, 1715515200000, 1715536800000, 1715558400000, 1715580000000, 1715601600000, 1715623200000, 1715644800000, 1715666400000, 1715688000000, 1715709600000, 1715731200000, 1715752800000, 1715774400000, 1715796000000, 1715817600000, 1715839200000, 1715860800000, 1715882400000, 1715904000000, 1715925600000, 1715947200000, 1715968800000, 1715990400000, 1716012000000, 1716033600000, 1716055200000, 1716076800000, 1716098400000, 1716120000000, 1716141600000, 1716163200000, 1716184800000, 1716206400000, 1716228000000, 1716249600000, 1716271200000, 1716292800000, 1716314400000, 1716336000000, 1716357600000, 1716379200000, 1716400800000, 1716422400000, 1716444000000, 1716465600000, 1716487200000, 1716508800000, 1716530400000, 1716552000000, 1716573600000, 1716595200000, 1716616800000, 1716638400000, 1716660000000, 1716681600000, 1716703200000, 1716724800000, 1716746400000, 1716768000000, 1716789600000, 1716811200000, 1716832800000, 1716854400000, 1716876000000, 1716897600000, 1716919200000, 1716940800000, 1716962400000, 1716984000000, 1717005600000, 1717027200000, 1717048800000, 1717070400000, 1717092000000, 1717113600000, 1717135200000, 1717156800000, 1717178400000, 1717200000000, 1717221600000, 1717243200000, 1717264800000, 1717286400000, 1717308000000, 1717329600000, 1717351200000, 1717372800000, 1717394400000, 1717416000000, 1717437600000, 1717459200000, 1717480800000, 1717502400000, 1717524000000, 1717545600000, 1717567200000, 1717588800000, 1717610400000, 1717632000000, 1717653600000, 1717675200000, 1717696800000, 1717718400000, 1717740000000, 1717761600000, 1717783200000, 1717804800000, 1717826400000, 1717848000000, 1717869600000, 1717891200000, 1717912800000, 1717934400000, 1717956000000, 1717977600000, 1717999200000, 1718020800000, 1718042400000, 1718064000000, 1718085600000, 1718107200000, 1718128800000, 1718150400000, 1718172000000, 1718193600000, 1718215200000, 1718236800000, 1718258400000, 1718280000000, 1718301600000, 1718323200000, 1718344800000, 1718366400000, 1718388000000, 1718409600000, 1718431200000, 1718452800000, 1718474400000, 1718496000000, 1718517600000, 1718539200000, 1718560800000, 1718582400000, 1718604000000, 1718625600000, 1718647200000, 1718668800000, 1718690400000, 1718712000000, 1718733600000, 1718755200000, 1718776800000, 1718798400000, 1718820000000, 1718841600000, 1718863200000, 1718884800000, 1718906400000, 1718928000000, 1718949600000, 1718971200000, 1718992800000, 1719014400000, 1719036000000, 1719057600000, 1719079200000, 1719100800000, 1719122400000, 1719144000000, 1719165600000, 1719187200000, 1719208800000, 1719230400000, 1719252000000, 1719273600000, 1719295200000, 1719316800000, 1719338400000, 1719360000000, 1719381600000, 1719403200000, 1719424800000, 1719446400000, 1719468000000, 1719489600000, 1719511200000, 1719532800000, 1719554400000, 1719576000000, 1719597600000, 1719619200000, 1719640800000, 1719662400000, 1719684000000, 1719705600000, 1719727200000, 1719748800000, 1719770400000, 1719792000000, 1719813600000, 1719835200000, 1719856800000, 1719878400000, 1719900000000, 1719921600000, 1719943200000, 1719964800000, 1719986400000, 1720008000000, 1720029600000, 1720051200000, 1720072800000, 1720094400000, 1720116000000, 1720137600000, 1720159200000, 1720180800000, 1720202400000, 1720224000000, 1720245600000, 1720267200000, 1720288800000, 1720310400000, 1720332000000, 1720353600000, 1720375200000, 1720396800000, 1720418400000, 1720440000000, 1720461600000, 1720483200000, 1720504800000, 1720526400000, 1720548000000, 1720569600000, 1720591200000, 1720612800000, 1720634400000, 1720656000000, 1720677600000, 1720699200000, 1720720800000, 1720742400000, 1720764000000, 1720785600000, 1720807200000, 1720828800000, 1720850400000, 1720872000000, 1720893600000, 1720915200000, 1720936800000, 1720958400000, 1720980000000, 1721001600000, 1721023200000, 1721044800000, 1721066400000, 1721088000000, 1721109600000, 1721131200000, 1721152800000, 1721174400000, 1721196000000, 1721217600000, 1721239200000, 1721260800000, 1721282400000, 1721304000000, 1721325600000, 1721347200000, 1721368800000, 1721390400000, 1721412000000, 1721433600000, 1721455200000, 1721476800000, 1721498400000, 1721520000000, 1721541600000, 1721563200000, 1721584800000, 1721606400000, 1721628000000, 1721649600000, 1721671200000, 1721692800000, 1721714400000, 1721736000000, 1721757600000, 1721779200000, 1721800800000, 1721822400000, 1721844000000, 1721865600000, 1721887200000, 1721908800000, 1721930400000, 1721952000000, 1721973600000, 1721995200000, 1722016800000, 1722038400000, 1722060000000, 1722081600000, 1722103200000, 1722124800000, 1722146400000, 1722168000000, 1722189600000, 1722211200000, 1722232800000, 1722254400000, 1722276000000, 1722297600000, 1722319200000, 1722340800000, 1722362400000, 1722384000000, 1722405600000, 1722427200000, 1722448800000, 1722470400000, 1722492000000, 1722513600000, 1722535200000, 1722556800000, 1722578400000, 1722600000000, 1722621600000, 1722643200000, 1722664800000, 1722686400000, 1722708000000, 1722729600000], "courses": [198.3, 165.0, 157.3, 163.6, 162.0, 148.6, 162.7, 162.5, 178.7, 126.2, 71.6, 79.0, 9.4, 8.2, 13.0, 30.5, 324.5, 320.4, 343.2, 343.6, 343.2, 330.8, 321.6, 310.5, 288.3, 269.2, 315.3, 319.2, 212.3, 235.9, 209.3, 206.7, 208.4, 149.5, 206.2, 204.3, 175.8, 231.9, 300.4, 351.9, 302.7, 279.9, 262.0, 286.1, 241.7, 223.3, 187.2, 205.6, 166.0, 205.0, 207.4, 259.0, 283.5, 331.1, 322.6, 322.4, 88.4, 108.4, 134.2, 131.0, 154.4, 177.3, 211.4, 235.2, 236.6, 199.6, 188.1, 180.2, 165.4, 163.6, 119.2, 78.2, 65.9, 78.3, 60.2, 121.1, 144.5, 173.8, 191.0, 241.5, 160.7, 154.5, 81.7, 66.2, 62.4, 19.4, 80.3, 71.4, 154.3, 245.9, 247.7, 262.8, 303.9, 325.7, 29.6, 12.9, 339.4, 351.1, 30.9, 18.9, 14.8, 359.6, 358.5, 31.2, 60.7, 52.4, 44.9, 18.4, 14.4, 5.7, 310.9, 308.7, 308.8, 289.9, 257.7, 254.4, 299.7, 349.9, 352.7, 339.7, 318.5, 327.5, 268.5, 194.2, 212.4, 231.7, 287.9, 285.7, 233.2, 28.7, 33.9, 29.5, 30.5, 69.4, 73.9, 83.7, 78.4, 61.2, 54.4, 142.5, 106.3, 69.2, 53.6, 167.0, 190.1, 201.9, 209.0, 228.2, 242.7, 225.1, 262.7, 290.6, 301.5, 312.1, 329.8, 5.5, 342.0, 353.0, 71.0, 67.3, 14.7, 14.0, 351.8, 73.9, 88.6, 88.9, 139.8, 203.8, 162.7, 188.9, 189.4, 180.1, 163.2, 146.4, 149.5, 99.6, 116.2, 144.9, 136.3, 99.3, 133.3, 174.1, 174.6, 208.8, 196.8, 216.9, 237.7, 261.9, 226.2, 199.6, 188.0, 182.7, 134.6, 209.2, 139.3, 144.0, 130.3, 96.3, 85.1, 60.1, 21.9, 77.2, 72.3, 85.4, 83.1, 10.5, 40.1, 53.9, 132.8, 125.0, 105.0, 34.5, 15.3, 272.4, 314.9, 3.6, 75.2, 127.1, 145.8, 232.6, 198.5, 178.4, 207.4, 262.8, 260.4, 257.4, 282.3, 301.8, 305.0, 323.4, 332.8, 313.1, 262.4, 272.5, 267.4, 253.8, 233.1, 233.3, 226.8, 199.9, 279.3, 321.6, 314.8, 344.4, 333.8, 309.4, 324.0, 343.0, 1.1, 37.8, 11.9, 10.0, 68.0, 115.3, 112.4, 123.6, 95.0, 85.9, 48.8, 68.4, 124.8, 116.9, 91.9, 98.4, 117.8, 117.3, 120.5, 149.5, 170.6, 125.5, 70.7, 17.7, 15.1, 23.9, 347.6, 7.8, 31.7, 16.5, 54.0, 11.5, 13.3, 340.1, 321.5, 328.1, 308.8, 301.0, 305.5, 341.6, 268.8, 277.6, 332.5, 54.1, 48.7, 29.7, 89.3, 77.0, 54.5, 32.1, 45.3, 52.8, 90.7, 74.2, 98.6, 78.0, 124.1, 139.8, 78.5, 15.5, 218.5, 215.6, 219.5, 169.6, 129.1, 113.4, 112.3, 299.4, 287.5, 321.1, 348.3, 346.9, 329.3, 238.8, 273.2, 277.8, 255.4, 262.7, 91.8, 83.2, 80.4, 70.2, 95.0, 105.0, 105.5, 135.9, 186.8, 229.2, 301.0, 309.7, 326.4, 307.3, 316.7, 300.6, 110.9, 97.8, 162.3, 168.7, 179.1, 189.0, 190.9, 205.5, 216.6, 234.4, 198.6, 186.3, 201.5, 187.1, 199.7, 244.2, 246.8, 294.7, 264.8, 218.3, 258.6, 224.2, 249.9, 237.6, 239.5, 238.1, 240.2, 276.1, 228.6, 244.8, 251.5, 215.8, 202.0, 208.2, 201.0, 206.2, 203.6, 162.9, 172.5, 137.9, 112.7, 75.9, 79.9, 65.6, 71.7, 68.3, 87.3, 143.1, 148.7, 190.0, 207.3, 204.2, 178.3, 120.4, 137.7, 120.4, 71.3, 54.3, 356.1, 30.1, 58.7, 120.5, 90.3, 79.4, 45.8, 26.6, 359.9, 350.0, 354.0, 1.2, 10.7, 354.3, 339.0, 341.8, 33.2, 85.8, 77.8, 114.8, 111.6, 298.1, 268.1, 287.5, 261.9, 259.5, 279.1, 265.8, 225.4, 193.6, 169.6, 189.9, 201.2, 203.5, 219.5, 259.9, 209.5, 222.4, 225.1, 200.2, 167.6, 172.1, 135.4, 132.2, 97.0, 77.4, 52.0, 15.5, 48.2, 76.9, 46.1, 62.9, 68.2, 28.0, 358.1, 331.6, 347.6, 39.4, 294.4, 249.5, 279.4, 292.3, 328.5, 9.9, 56.7, 27.8, 11.6, 27.3, 341.3, 347.6, 340.1, 340.2, 318.3, 271.6, 242.6, 166.0, 172.8, 159.5, 196.5, 220.7, 171.0, 188.8, 167.6, 138.0, 138.0]}}, "geometry": {"type": "LineString", "coordinates": [[7.2, 42.4], [7.15546, 42.3006], [7.22975, 42.09453], [7.30562, 41.95961], [7.34489, 41.86035], [7.43367, 41.65594], [7.54004, 41.52535], [7.60882, 41.35962], [7.70561, 41.12874], [7.71201, 40.90997], [7.84067, 40.83875], [8.12857, 40.91086], [8.29429, 40.93501], [8.34395, 41.1597], [8.39622, 41.43332], [8.46994, 41.67196], [8.64392, 41.892], [8.56474, 41.97445], [8.39664, 42.12516], [8.35168, 42.23518], [8.27684, 42.42342], [8.17918, 42.66052], [8.08055, 42.78992], [7.92864, 42.92992], [7.75857, 43.03614], [7.51594, 43.09436], [7.23707, 43.09116], [6.98043, 43.27999], [6.77263, 43.45446], [6.58298, 43.23592], [6.46824, 43.1793], [6.34716, 43.02137], [6.27728, 42.91944], [6.18466, 42.79368], [6.32617, 42.61694], [6.26374, 42.52343], [6.15574, 42.34621], [6.18042, 42.09848], [6.03463, 42.01332], [5.90419, 42.07004], [5.87816, 42.2055], [5.74969, 42.26652], [5.47357, 42.30175], [5.30878, 42.28442], [4.99366, 42.351], [4.87105, 42.30219], [4.6475, 42.12607], [4.60742, 41.89086], [4.50609, 41.73316], [4.5664, 41.55275], [4.41525, 41.30969], [4.34718, 41.21095], [4.08065, 41.17162], [3.73244, 41.23418], [3.55375, 41.47612], [3.43806, 41.58938], [3.26921, 41.75266], [3.54057, 41.75788], [3.76915, 41.70084], [3.88583, 41.61595], [4.14549, 41.44656], [4.2355, 41.30535], [4.24716, 41.11687], [4.06384, 40.88931], [3.77149, 40.7348], [3.58957, 40.64372], [3.54186, 40.54208], [3.51329, 40.38856], [3.51238, 40.18234], [3.58209, 39.97727], [3.65074, 39.79772], [3.91636, 39.68322], [4.27222, 39.73966], [4.50998, 39.82114], [4.67267, 39.84686], [4.801, 39.90323], [4.92665, 39.84493], [5.05498, 39.7062], [5.09302, 39.43541], [5.03455, 39.20211], [4.71974, 39.06903], [4.81074, 38.86717], [4.88595, 38.74425], [5.24012, 38.78385], [5.49288, 38.87032], [5.78275, 38.98775], [5.85333, 39.14291], [5.99981, 39.16215], [6.12192, 39.19397], [6.25141, 38.98447], [6.10253, 38.93251], [5.78592, 38.83083], [5.51554, 38.80392], [5.35822, 38.88625], [5.26055, 38.99731], [5.37035, 39.14712], [5.41854, 39.31036], [5.33403, 39.48409], [5.31282, 39.58859], [5.44054, 39.75265], [5.50425, 39.89577], [5.57552, 40.10203], [5.57328, 40.34607], [5.56367, 40.61859], [5.69227, 40.77927], [5.87639, 40.85722], [6.09962, 40.98698], [6.21376, 41.07338], [6.30207, 41.27322], [6.34233, 41.39112], [6.37697, 41.6501], [6.24251, 41.73681], [6.07882, 41.83434], [5.96851, 41.90026], [5.64579, 41.98652], [5.46109, 41.95631], [5.32364, 41.92773], [5.00093, 42.06402], [4.97502, 42.17167], [4.93836, 42.38337], [4.80791, 42.64325], [4.64275, 42.78034], [4.501, 42.94327], [4.18034, 42.93664], [4.13996, 42.81942], [3.9569, 42.60671], [3.70185, 42.45797], [3.51981, 42.50108], [3.23229, 42.56017], [3.01897, 42.44227], [3.11874, 42.57631], [3.30285, 42.77707], [3.37418, 42.86951], [3.49686, 43.0216], [3.82558, 43.11125], [4.07947, 43.16454], [4.36732, 43.18719], [4.5615, 43.21595], [4.80623, 43.31352], [4.96338, 43.39521], [5.16776, 43.20119], [5.3979, 43.15186], [5.57293, 43.20012], [5.73408, 43.28658], [5.81877, 43.01884], [5.7656, 42.7994], [5.64754, 42.58332], [5.48272, 42.36333], [5.22728, 42.19368], [5.01061, 42.11064], [4.82807, 41.97528], [4.56952, 41.95051], [4.33751, 42.01498], [4.14909, 42.10044], [3.88821, 42.27467], [3.76554, 42.43046], [3.7922, 42.63306], [3.67839, 42.88968], [3.65228, 43.04613], [3.84231, 43.09373], [3.99318, 43.1396], [4.02855, 43.23802], [4.06767, 43.35176], [4.04404, 43.47115], [4.40711, 43.54678], [4.63117, 43.55047], [4.93686, 43.55433], [5.04161, 43.46419], [4.90498, 43.23862], [4.9548, 43.12212], [4.89737, 42.85395], [4.85965, 42.68613], [4.85919, 42.43128], [4.96153, 42.18006], [5.03644, 42.09634], [5.20697, 41.88066], [5.41479, 41.85416], [5.74439, 41.7324], [5.88571, 41.58215], [6.07672, 41.43218], [6.26946, 41.40826], [6.41745, 41.30333], [6.44404, 41.10991], [6.46903, 40.91048], [6.30441, 40.68294], [6.25803, 40.56599], [6.12755, 40.43341], [5.95468, 40.35015], [5.59239, 40.31025], [5.36881, 40.14587], [5.27965, 39.95386], [5.25358, 39.81201], [5.24347, 39.64758], [5.47621, 39.47007], [5.34223, 39.28431], [5.42956, 39.20563], [5.56497, 39.06099], [5.7054, 38.96817], [5.92406, 38.9493], [6.22852, 38.96926], [6.40779, 39.04928], [6.48205, 39.19224], [6.77677, 39.24371], [6.93297, 39.28222], [7.09114, 39.29195], [7.35992, 39.31683], [7.41074, 39.5279], [7.53551, 39.64175], [7.74407, 39.7583], [7.95004, 39.61135], [8.09724, 39.53178], [8.34631, 39.47989], [8.53368, 39.68933], [8.60384, 39.88642], [8.30837, 39.89544], [8.2172, 39.96504], [8.22808, 40.09821], [8.38748, 40.1304], [8.50257, 40.06383], [8.60881, 39.94394], [8.45625, 39.85442], [8.39431, 39.71201], [8.40022, 39.55365], [8.33702, 39.45951], [8.19071, 39.44508], [7.87954, 39.40389], [7.71652, 39.37555], [7.45342, 39.41958], [7.23261, 39.52498], [6.97544, 39.66345], [6.90019, 39.74128], [6.79675, 39.89594], [6.68389, 39.97694], [6.52866, 39.96089], [6.24551, 39.97014], [5.93539, 39.95902], [5.71538, 39.90978], [5.56804, 39.82458], [5.42528, 39.74278], [5.22875, 39.60039], [5.15726, 39.4476], [4.81804, 39.49003], [4.62311, 39.67901], [4.4019, 39.84755], [4.36063, 39.96047], [4.22659, 40.16882], [4.00523, 40.30746], [3.83742, 40.48323], [3.74176, 40.71999], [3.74588, 40.8825], [3.85701, 40.99075], [3.90574, 41.16445], [3.94365, 41.32641], [4.13532, 41.38447], [4.39143, 41.29336], [4.58564, 41.23288], [4.8196, 41.11542], [4.98047, 41.10461], [5.34022, 41.12335], [5.47583, 41.21266], [5.63232, 41.25912], [5.75528, 41.19469], [6.03047, 41.0891], [6.37278, 41.08022], [6.65752, 41.04808], [6.93465, 40.93757], [7.24027, 40.81804], [7.38218, 40.75471], [7.47806, 40.63111], [7.50084, 40.52653], [7.77932, 40.37498], [8.01914, 40.43882], [8.12994, 40.70171], [8.16491, 40.79996], [8.2972, 41.02477], [8.26246, 41.14356], [8.28695, 41.27751], [8.44015, 41.46304], [8.52774, 41.68408], [8.65278, 41.75174], [8.6869, 41.87606], [8.74968, 42.07374], [8.62463, 42.32942], [8.42536, 42.51376], [8.32111, 42.63696], [8.18942, 42.71472], [7.9845, 42.80495], [7.71614, 42.94475], [7.6069, 43.18433], [7.28877, 43.17892], [7.12186, 43.19512], [6.94425, 43.44278], [7.21507, 43.58472], [7.41743, 43.71286], [7.49583, 43.81196], [7.75204, 43.81387], [7.95411, 43.84742], [8.09565, 43.91993], [8.25124, 44.09765], [8.37331, 44.18407], [8.52769, 44.26776], [8.76444, 44.26534], [9.0532, 44.3236], [9.24255, 44.30305], [9.43002, 44.33144], [9.62913, 44.23469], [9.82597, 44.06727], [10.09469, 44.10622], [10.14491, 44.23553], [10.04787, 44.1479], [9.90662, 44.00587], [9.75557, 43.87349], [9.81354, 43.6444], [9.9758, 43.54872], [10.22782, 43.46912], [10.39863, 43.41823], [10.12048, 43.53142], [9.9443, 43.57157], [9.80515, 43.69638], [9.73583, 43.93795], [9.69525, 44.06304], [9.55073, 44.23733], [9.26482, 44.11243], [8.90949, 44.1262], [8.5457, 44.16121], [8.32339, 44.1193], [8.10898, 44.09948], [8.34477, 44.09404], [8.638, 44.11867], [9.01113, 44.16343], [9.14187, 44.1971], [9.4402, 44.17795], [9.61244, 44.14476], [9.84775, 44.09753], [9.94381, 44.02618], [9.9242, 43.90802], [9.71356, 43.77661], [9.56567, 43.84056], [9.28978, 44.00478], [9.14651, 44.15929], [8.98301, 44.24855], [8.75984, 44.4173], [8.55386, 44.50387], [8.84879, 44.42293], [9.00341, 44.40776], [9.04606, 44.31241], [9.0756, 44.20678], [9.08086, 43.95858], [9.05119, 43.82319], [9.01785, 43.69796], [8.91853, 43.54725], [8.79612, 43.42749], [8.58608, 43.31788], [8.54018, 43.21853], [8.51199, 43.03061], [8.45375, 42.92232], [8.41664, 42.70227], [8.33525, 42.53442], [8.05687, 42.43468], [7.79217, 42.35063], [7.46165, 42.46205], [7.18117, 42.44304], [6.99944, 42.27288], [6.68965, 42.22637], [6.46206, 42.05208], [6.15819, 41.96896], [5.95751, 41.87412], [5.66258, 41.74397], [5.3719, 41.60852], [5.2099, 41.53895], [5.03343, 41.55302], [4.84836, 41.43074], [4.72659, 41.38778], [4.48363, 41.32642], [4.33068, 41.16689], [4.207, 40.93608], [4.14638, 40.85051], [4.04401, 40.64862], [3.94429, 40.49456], [3.81765, 40.27308], [3.85547, 40.17889], [3.88388, 40.0131], [4.04237, 39.87858], [4.36488, 39.77425], [4.6002, 39.8193], [4.95498, 39.86731], [5.08925, 39.91405], [5.27233, 39.9602], [5.57699, 40.05263], [5.87637, 40.06325], [5.97717, 39.96027], [6.08111, 39.82896], [6.03517, 39.62823], [5.87687, 39.39062], [5.76319, 39.19427], [5.77132, 38.97564], [5.89979, 38.91684], [6.09596, 38.74829], [6.31591, 38.6472], [6.57818, 38.71636], [6.73478, 38.80386], [6.7233, 38.93397], [6.80266, 39.04036], [7.09518, 39.1779], [7.40201, 39.03731], [7.669, 39.03593], [7.81139, 39.05651], [7.92892, 39.14495], [8.06422, 39.354], [8.06404, 39.49581], [8.01033, 39.72903], [7.97687, 39.97421], [7.98074, 40.11175], [8.02272, 40.28059], [8.00159, 40.44138], [7.92545, 40.59235], [7.83884, 40.79201], [8.00658, 40.98515], [8.25942, 40.99895], [8.45807, 41.03115], [8.62509, 40.97272], [8.78366, 40.9251], [8.54148, 41.02239], [8.31136, 41.01641], [8.13482, 41.05827], [7.96767, 41.04029], [7.79434, 41.01584], [7.62383, 41.03627], [7.3604, 41.02137], [7.20513, 40.90563], [7.15172, 40.73832], [7.19196, 40.57199], [7.16203, 40.44208], [7.1027, 40.32562], [7.01011, 40.16318], [6.79265, 39.96057], [6.44736, 39.91288], [6.37219, 39.81094], [6.25236, 39.70976], [6.06116, 39.56269], [5.9613, 39.35293], [6.02315, 39.13385], [6.06498, 38.90052], [6.25159, 38.7529], [6.3521, 38.68178], [6.53186, 38.66446], [6.85994, 38.72114], [7.11814, 38.87817], [7.19071, 39.08097], [7.338, 39.18278], [7.65176, 39.23906], [7.85981, 39.39373], [8.08092, 39.481], [8.26512, 39.53763], [8.39756, 39.72872], [8.38755, 39.95638], [8.22339, 40.18838], [8.18151, 40.33368], [8.41007, 40.54523], [8.12203, 40.64408], [7.96675, 40.59993], [7.77431, 40.62397], [7.6279, 40.6695], [7.53662, 40.78233], [7.58765, 41.00293], [7.70561, 41.0613], [7.78318, 41.17193], [7.83007, 41.34386], [7.98404, 41.56652], [7.89229, 41.76915], [7.82897, 41.98382], [7.72768, 42.19108], [7.67441, 42.30068], [7.54299, 42.4094], [7.27305, 42.41454], [6.99484, 42.30742], [7.08044, 42.05313], [7.11158, 41.86987], [7.18996, 41.71364], [7.13223, 41.56767], [6.95732, 41.41503], [7.01325, 41.14845], [6.99287, 41.04948], [7.06666, 40.7957], [7.17526, 40.70406]]}}]}